"business_id","date","description"

10,"20160503","No thermometers or uncalibrated thermometers "

10,"20160503","Unapproved or unmaintained equipment or utensils"

10,"20160503","High risk vermin infestation"

10,"20160503","High risk food holding temperature   [ date violation corrected: 5/3/2016 ]"

10,"20160503","High risk food holding temperature   [ date violation corrected: 5/3/2016 ]"

10,"20140729","Unapproved or unmaintained equipment or utensils  [ date violation corrected: 8/7/2014 ]"

10,"20140729","Insufficient hot water or running water  [ date violation corrected: 8/7/2014 ]"

10,"20140114","Unclean or degraded floors walls or ceilings  [ date violation corrected: 1/24/2014 ]"

10,"20140114","Inadequate and inaccessible handwashing facilities  [ date violation corrected: 1/24/2014 ]"

10,"20140114","Improper storage of equipment utensils or linens  [ date violation corrected: 1/24/2014 ]"

19,"20160513","Unclean or degraded floors walls or ceilings"

19,"20160513","Food safety certificate or food handler card not available"

19,"20160513","Unapproved or unmaintained equipment or utensils"

19,"20141110","Improper storage of equipment utensils or linens  [ date violation corrected: 5/13/2016 ]"

19,"20141110","Inadequate food safety knowledge or lack of certified food safety manager  [ date violation corrected: 5/13/2016 ]"

19,"20140214","Permit license or inspection report not posted  [ date violation corrected: 11/10/2014 ]"

19,"20140214","Inadequately cleaned or sanitized food contact surfaces  [ date violation corrected: 2/14/2014 ]"

19,"20130904","Foods not protected from contamination  [ date violation corrected: 9/4/2013 ]"

24,"20160311","Unclean or degraded floors walls or ceilings"

24,"20160311","Unclean or degraded floors walls or ceilings  [ date violation corrected: 3/11/2016 ]"

24,"20141124","Inadequate and inaccessible handwashing facilities  [ date violation corrected: 3/11/2016 ]"

24,"20140612","Improper storage of equipment utensils or linens  [ date violation corrected: 11/24/2014 ]"

24,"20140612","Permit license or inspection report not posted  [ date violation corrected: 11/24/2014 ]"

31,"20151204","Food safety certificate or food handler card not available"

45,"20160104","Unclean nonfood contact surfaces"

45,"20160104","Inadequately cleaned or sanitized food contact surfaces"

45,"20160104","Unclean or degraded floors walls or ceilings"

45,"20160104","Inadequate food safety knowledge or lack of certified food safety manager"

45,"20160104","Employee eating or smoking"

45,"20160104","Unapproved or unmaintained equipment or utensils"

45,"20160104","Inadequate and inaccessible handwashing facilities"

45,"20140909","Wiping cloths not clean or properly stored or inadequate sanitizer  [ date violation corrected: 12/28/2015 ]"

45,"20140909","Unclean or degraded floors walls or ceilings  [ date violation corrected: 12/28/2015 ]"

45,"20140909","Improper storage of equipment utensils or linens  [ date violation corrected: 12/28/2015 ]"

45,"20131209","Moderate risk food holding temperature   [ date violation corrected: 12/9/2013 ]"

45,"20131209","Food safety certificate or food handler card not available  [ date violation corrected: 9/1/2014 ]"

48,"20140523","Foods not protected from contamination"

48,"20140523","Low risk vermin infestation"

48,"20140523","Unclean nonfood contact surfaces"

48,"20131101","Inadequate food safety knowledge or lack of certified food safety manager  [ date violation corrected: 5/23/2014 ]"

48,"20131101","Unclean nonfood contact surfaces  [ date violation corrected: 5/23/2014 ]"

48,"20131101","Improper storage use or identification of toxic substances  [ date violation corrected: 5/23/2014 ]"

48,"20131101","Wiping cloths not clean or properly stored or inadequate sanitizer  [ date violation corrected: 5/23/2014 ]"

54,"20140325","Moderate risk food holding temperature   [ date violation corrected: 5/26/2015 ]"

54,"20140325","Inadequate sewage or wastewater disposal  [ date violation corrected: 5/26/2015 ]"

54,"20131008","Moderate risk food holding temperature   [ date violation corrected: 3/10/2014 ]"

56,"20151222","Moderate risk food holding temperature   [ date violation corrected: 12/30/2015 ]"

56,"20151222","Inadequately cleaned or sanitized food contact surfaces  [ date violation corrected: 12/30/2015 ]"

56,"20151222","Foods not protected from contamination  [ date violation corrected: 12/30/2015 ]"

56,"20141117","Permit license or inspection report not posted  [ date violation corrected: 12/22/2015 ]"

56,"20131021","Unclean or degraded floors walls or ceilings  [ date violation corrected: 4/23/2014 ]"

56,"20131021","Improper storage of equipment utensils or linens  [ date violation corrected: 4/23/2014 ]"

56,"20131021","Unapproved or unmaintained equipment or utensils  [ date violation corrected: 4/23/2014 ]"

58,"20160407","Unclean or unsanitary food contact surfaces  [ date violation corrected: 4/7/2016 ]"

58,"20160407","Improper cooling methods  [ date violation corrected: 4/7/2016 ]"

58,"20160407","Low risk vermin infestation"

58,"20160407","Inadequate ventilation or lighting"

58,"20160407","High risk food holding temperature   [ date violation corrected: 4/7/2016 ]"

58,"20160407","No thermometers or uncalibrated thermometers "

58,"20140725","High risk vermin infestation  [ date violation corrected: 8/5/2014 ]"

58,"20140725","Moderate risk food holding temperature   [ date violation corrected: 8/5/2014 ]"

58,"20140725","Unclean or unsanitary food contact surfaces  [ date violation corrected: 8/5/2014 ]"

58,"20140725","Inadequate and inaccessible handwashing facilities  [ date violation corrected: 8/5/2014 ]"

58,"20131001","Inadequate and inaccessible handwashing facilities  [ date violation corrected: 10/11/2013 ]"

58,"20131001","Inadequately cleaned or sanitized food contact surfaces  [ date violation corrected: 10/11/2013 ]"

58,"20131001","Inadequate food safety knowledge or lack of certified food safety manager  [ date violation corrected: 10/11/2013 ]"

58,"20131001","Moderate risk food holding temperature   [ date violation corrected: 10/11/2013 ]"

58,"20131001","Moderate risk vermin infestation  [ date violation corrected: 10/11/2013 ]"

61,"20150827","Wiping cloths not clean or properly stored or inadequate sanitizer"

61,"20150827","Unclean nonfood contact surfaces"

61,"20150827","Foods not protected from contamination"

61,"20140530","Unapproved or unmaintained equipment or utensils  [ date violation corrected: 8/27/2015 ]"

61,"20140530","Unclean nonfood contact surfaces  [ date violation corrected: 8/27/2015 ]"

61,"20140530","Wiping cloths not clean or properly stored or inadequate sanitizer  [ date violation corrected: 5/30/2014 ]"

61,"20131028","Foods not protected from contamination  [ date violation corrected: 10/28/2013 ]"

61,"20131028","Moderate risk food holding temperature   [ date violation corrected: 10/28/2013 ]"

66,"20160322","Wiping cloths not clean or properly stored or inadequate sanitizer"

66,"20141119","Inadequate warewashing facilities or equipment  [ date violation corrected: 8/28/2015 ]"

66,"20140519","No hot water or running water  [ date violation corrected: 5/19/2014 ]"

66,"20140519","No plan review or Building Permit  [ date violation corrected: 11/19/2014 ]"

66,"20140210","Wiping cloths not clean or properly stored or inadequate sanitizer  [ date violation corrected: 2/10/2014 ]"

67,"20160401","Unapproved or unmaintained equipment or utensils"

67,"20160401","Low risk vermin infestation"

67,"20160401","Unclean or degraded floors walls or ceilings"

67,"20160401","Unclean or unsanitary food contact surfaces  [ date violation corrected: 4/8/2016 ]"

67,"20150520","Improper storage of equipment utensils or linens  [ date violation corrected: 4/1/2016 ]"

67,"20150520","Inadequately cleaned or sanitized food contact surfaces  [ date violation corrected: 5/20/2015 ]"

67,"20150520","Inadequate and inaccessible handwashing facilities  [ date violation corrected: 4/1/2016 ]"

67,"20140205","Low risk vermin infestation  [ date violation corrected: 3/18/2014 ]"

67,"20140205","Inadequate food safety knowledge or lack of certified food safety manager  [ date violation corrected: 3/18/2014 ]"

67,"20130801","Unclean or degraded floors walls or ceilings  [ date violation corrected: 8/5/2013 ]"

73,"20150717","Low risk vermin infestation"

73,"20150717","High risk food holding temperature "

73,"20150717","Improper food storage"

73,"20150717","Improper storage use or identification of toxic substances"

73,"20150717","Improper storage of equipment utensils or linens"

73,"20140522","Foods not protected from contamination  [ date violation corrected: 7/17/2015 ]"

73,"20140522","Unclean nonfood contact surfaces  [ date violation corrected: 7/17/2015 ]"

73,"20140522","Improper food storage  [ date violation corrected: 7/17/2015 ]"

73,"20131220","Inadequately cleaned or sanitized food contact surfaces  [ date violation corrected: 12/20/2013 ]"

73,"20131220","Improper or defective plumbing  [ date violation corrected: 5/22/2014 ]"

73,"20131220","Improper storage of equipment utensils or linens  [ date violation corrected: 5/22/2014 ]"

73,"20130524","Foods not protected from contamination  [ date violation corrected: 5/24/2013 ]"

73,"20130524","Improper food storage  [ date violation corrected: 12/20/2013 ]"

73,"20130524","Wiping cloths not clean or properly stored or inadequate sanitizer  [ date violation corrected: 12/20/2013 ]"

76,"20140612","Permit license or inspection report not posted  [ date violation corrected: 11/24/2014 ]"

76,"20140612","Improper storage of equipment utensils or linens  [ date violation corrected: 11/24/2014 ]"

76,"20131118","Improper storage of equipment utensils or linens  [ date violation corrected: 6/12/2014 ]"

77,"20160311","Unapproved or unmaintained equipment or utensils"

77,"20160311","High risk food holding temperature "

77,"20141124","Unapproved or unmaintained equipment or utensils  [ date violation corrected: 3/11/2016 ]"

77,"20141124","Wiping cloths not clean or properly stored or inadequate sanitizer  [ date violation corrected: 3/11/2016 ]"

77,"20140612","Moderate risk food holding temperature   [ date violation corrected: 11/24/2014 ]"

77,"20140612","Permit license or inspection report not posted  [ date violation corrected: 11/24/2014 ]"

80,"20160412","Improper food storage"

80,"20131204","Other high risk violation  [ date violation corrected: 5/20/2014 ]"

80,"20131204","High risk food holding temperature   [ date violation corrected: 5/20/2014 ]"

81,"20150330","Moderate risk food holding temperature   [ date violation corrected: 5/4/2015 ]"

81,"20140210","Foods not protected from contamination  [ date violation corrected: 3/30/2015 ]"

81,"20140210","Inadequate food safety knowledge or lack of certified food safety manager  [ date violation corrected: 3/30/2015 ]"

88,"20150824","Unclean or degraded floors walls or ceilings  [ date violation corrected: 10/6/2015 ]"

88,"20150824","Permit license or inspection report not posted  [ date violation corrected: 10/6/2015 ]"

88,"20150824","High risk food holding temperature   [ date violation corrected: 10/6/2015 ]"

88,"20141014","High risk food holding temperature   [ date violation corrected: 11/10/2014 ]"

88,"20141014","Wiping cloths not clean or properly stored or inadequate sanitizer  [ date violation corrected: 10/14/2014 ]"

88,"20141014","Contaminated or adulterated food  [ date violation corrected: 10/14/2014 ]"

88,"20141014","Moderate risk vermin infestation  [ date violation corrected: 11/10/2014 ]"

88,"20141014","Unclean or degraded floors walls or ceilings  [ date violation corrected: 11/10/2014 ]"

88,"20141014","Inadequate food safety knowledge or lack of certified food safety manager  [ date violation corrected: 11/10/2014 ]"

88,"20140319","Unclean or unsanitary food contact surfaces  [ date violation corrected: 10/14/2014 ]"

88,"20140319","Improper cooling methods  [ date violation corrected: 10/14/2014 ]"

88,"20140211","Contaminated or adulterated food  [ date violation corrected: 3/19/2014 ]"

88,"20140211","Unclean or degraded floors walls or ceilings  [ date violation corrected: 10/14/2014 ]"

88,"20140211","Inadequate food safety knowledge or lack of certified food safety manager  [ date violation corrected: 2/25/2014 ]"

88,"20140211","Unclean nonfood contact surfaces  [ date violation corrected: 10/14/2014 ]"

88,"20140211","High risk food holding temperature   [ date violation corrected: 10/14/2014 ]"

95,"20151210","Moderate risk vermin infestation"

95,"20151210","Unclean nonfood contact surfaces"

95,"20151210","Unclean or degraded floors walls or ceilings"

95,"20151210","Inadequately cleaned or sanitized food contact surfaces"

95,"20141009","Unclean or degraded floors walls or ceilings  [ date violation corrected: 12/1/2015 ]"

95,"20141009","Improper food storage  [ date violation corrected: 12/1/2015 ]"

95,"20141009","High risk vermin infestation  [ date violation corrected: 12/1/2015 ]"

95,"20141009","Unclean nonfood contact surfaces  [ date violation corrected: 12/1/2015 ]"

95,"20141009","Food safety certificate or food handler card not available  [ date violation corrected: 12/1/2015 ]"

95,"20140506","Unclean nonfood contact surfaces  [ date violation corrected: 5/23/2014 ]"

95,"20140506","Unapproved or unmaintained equipment or utensils  [ date violation corrected: 5/23/2014 ]"

95,"20140506","Inadequate food safety knowledge or lack of certified food safety manager  [ date violation corrected: 10/7/2014 ]"

95,"20140506","Permit license or inspection report not posted  [ date violation corrected: 5/23/2014 ]"

95,"20140506","Insufficient hot water or running water  [ date violation corrected: 5/23/2014 ]"

98,"20160316","Inadequate food safety knowledge or lack of certified food safety manager"

98,"20150629","Moderate risk vermin infestation  [ date violation corrected: 6/29/2015 ]"

98,"20150629","Unclean or degraded floors walls or ceilings  [ date violation corrected: 3/16/2016 ]"

98,"20140324","Inadequate and inaccessible handwashing facilities  [ date violation corrected: 3/24/2014 ]"

98,"20130819","Unclean or degraded floors walls or ceilings  [ date violation corrected: 3/24/2014 ]"

99,"20150811","Inadequately cleaned or sanitized food contact surfaces  [ date violation corrected: 8/18/2015 ]"

99,"20150811","Improper food storage  [ date violation corrected: 8/18/2015 ]"

99,"20150811","Wiping cloths not clean or properly stored or inadequate sanitizer  [ date violation corrected: 8/18/2015 ]"

99,"20150811","Moderate risk vermin infestation  [ date violation corrected: 8/18/2015 ]"

99,"20150811","Inadequate ventilation or lighting  [ date violation corrected: 8/18/2015 ]"

99,"20150811","Improper thawing methods   [ date violation corrected: 8/18/2015 ]"

99,"20150811","Improper storage of equipment utensils or linens  [ date violation corrected: 8/18/2015 ]"

99,"20150811","Foods not protected from contamination  [ date violation corrected: 8/18/2015 ]"

101,"20140902","Inadequate food safety knowledge or lack of certified food safety manager"

102,"20140507","Unclean or unsanitary food contact surfaces  [ date violation corrected: 5/7/2014 ]"

102,"20140507","Inadequate ventilation or lighting  [ date violation corrected: 5/14/2014 ]"

102,"20130829","Unclean or degraded floors walls or ceilings  [ date violation corrected: 5/7/2014 ]"

102,"20130829","Unclean nonfood contact surfaces  [ date violation corrected: 9/18/2013 ]"

102,"20130829","Unapproved or unmaintained equipment or utensils  [ date violation corrected: 9/18/2013 ]"

108,"20150417","Foods not protected from contamination"

108,"20150417","Unapproved or unmaintained equipment or utensils"

108,"20131105","Unapproved  living quarters in food facility  [ date violation corrected: 11/15/2013 ]"

108,"20131105","Inadequate and inaccessible handwashing facilities  [ date violation corrected: 11/15/2013 ]"

108,"20131105","Permit license or inspection report not posted  [ date violation corrected: 11/15/2013 ]"

108,"20131105","Inadequate ventilation or lighting  [ date violation corrected: 11/15/2013 ]"

108,"20131105","Wiping cloths not clean or properly stored or inadequate sanitizer  [ date violation corrected: 11/15/2013 ]"

108,"20131105","Moderate risk vermin infestation  [ date violation corrected: 11/15/2013 ]"

108,"20131105","Foods not protected from contamination  [ date violation corrected: 11/15/2013 ]"

116,"20140910","Moderate risk food holding temperature "

121,"20151020","Improper storage use or identification of toxic substances  [ date violation corrected: 10/29/2015 ]"

121,"20151020","Inadequate and inaccessible handwashing facilities  [ date violation corrected: 10/29/2015 ]"

121,"20151020","Moderate risk vermin infestation  [ date violation corrected: 10/29/2015 ]"

121,"20151020","Inadequately cleaned or sanitized food contact surfaces  [ date violation corrected: 10/29/2015 ]"

121,"20140813","Low risk vermin infestation  [ date violation corrected: 8/20/2014 ]"

121,"20140813","Foods not protected from contamination  [ date violation corrected: 8/20/2014 ]"

121,"20140813","Improper or defective plumbing  [ date violation corrected: 8/20/2014 ]"

121,"20140813","Wiping cloths not clean or properly stored or inadequate sanitizer  [ date violation corrected: 8/20/2014 ]"

121,"20140129","Improper food storage  [ date violation corrected: 2/12/2014 ]"

121,"20140129","Inadequately cleaned or sanitized food contact surfaces  [ date violation corrected: 2/12/2014 ]"

121,"20140129","High risk food holding temperature   [ date violation corrected: 2/12/2014 ]"

125,"20130529","Permit license or inspection report not posted  [ date violation corrected: 9/15/2014 ]"

125,"20130529","Improper food storage  [ date violation corrected: 9/15/2014 ]"

126,"20151201","Wiping cloths not clean or properly stored or inadequate sanitizer"

126,"20151201","Unclean or degraded floors walls or ceilings"

126,"20151201","Unapproved or unmaintained equipment or utensils"

126,"20151201","Foods not protected from contamination"

126,"20151201","Improper food storage"

126,"20151201","Moderate risk vermin infestation"

126,"20151201","Inadequately cleaned or sanitized food contact surfaces"

126,"20141028","Moderate risk vermin infestation  [ date violation corrected: 11/3/2014 ]"

126,"20141028","Foods not protected from contamination  [ date violation corrected: 11/3/2014 ]"

126,"20141028","High risk food holding temperature   [ date violation corrected: 10/28/2014 ]"

126,"20141028","Unclean or degraded floors walls or ceilings  [ date violation corrected: 11/3/2014 ]"

126,"20141028","Inadequately cleaned or sanitized food contact surfaces  [ date violation corrected: 11/3/2014 ]"

126,"20141028","Wiping cloths not clean or properly stored or inadequate sanitizer  [ date violation corrected: 11/3/2014 ]"

126,"20141028","Inadequate or unsanitary refuse containers or area or no garbage service  [ date violation corrected: 11/3/2014 ]"

126,"20140410","Unapproved or unmaintained equipment or utensils  [ date violation corrected: 10/28/2014 ]"

126,"20140410","Inadequate and inaccessible handwashing facilities  [ date violation corrected: 10/28/2014 ]"

126,"20140410","Improper food storage  [ date violation corrected: 10/28/2014 ]"

126,"20140410","Contaminated or adulterated food  [ date violation corrected: 10/28/2014 ]"

126,"20140410","Unclean or degraded floors walls or ceilings  [ date violation corrected: 10/28/2014 ]"

126,"20140410","High risk vermin infestation  [ date violation corrected: 10/28/2014 ]"

126,"20140410","Unclean nonfood contact surfaces  [ date violation corrected: 10/28/2014 ]"

126,"20140410","Foods not protected from contamination  [ date violation corrected: 10/28/2014 ]"

126,"20130716","Inadequately cleaned or sanitized food contact surfaces  [ date violation corrected: 7/23/2013 ]"

126,"20130716","Moderate risk food holding temperature   [ date violation corrected: 7/23/2013 ]"

126,"20130716","Inadequate and inaccessible handwashing facilities  [ date violation corrected: 7/23/2013 ]"

126,"20130716","Improper food storage  [ date violation corrected: 7/23/2013 ]"

126,"20130716","Unclean or degraded floors walls or ceilings  [ date violation corrected: 7/23/2013 ]"

126,"20130716","Unclean nonfood contact surfaces  [ date violation corrected: 7/23/2013 ]"

130,"20151117","Low risk vermin infestation"

130,"20151117","Inadequate warewashing facilities or equipment"

132,"20160509","Improper food labeling or menu misrepresentation"

132,"20160509","Inadequately cleaned or sanitized food contact surfaces"

132,"20160509","Inadequate and inaccessible handwashing facilities"

132,"20160509","Improper food storage"

132,"20160509","No hot water or running water  [ date violation corrected: 5/9/2016 ]"

132,"20150225","Unapproved or unmaintained equipment or utensils  [ date violation corrected: 5/9/2016 ]"

132,"20150225","Improper food storage  [ date violation corrected: 5/9/2016 ]"

132,"20150225","Unclean nonfood contact surfaces  [ date violation corrected: 5/9/2016 ]"

132,"20150225","Inadequately cleaned or sanitized food contact surfaces  [ date violation corrected: 5/9/2016 ]"

132,"20150225","Inadequate dressing rooms or improper storage of personal items  [ date violation corrected: 5/9/2016 ]"

132,"20150225","Unclean or degraded floors walls or ceilings  [ date violation corrected: 5/9/2016 ]"

132,"20140625","Wiping cloths not clean or properly stored or inadequate sanitizer  [ date violation corrected: 7/17/2014 ]"

132,"20140625","Improper food storage  [ date violation corrected: 7/17/2014 ]"

132,"20140625","Moderate risk food holding temperature   [ date violation corrected: 7/17/2014 ]"

132,"20140625","Inadequate and inaccessible handwashing facilities  [ date violation corrected: 7/17/2014 ]"

134,"20150806","Improper storage of equipment utensils or linens"

140,"20160414","Inadequate and inaccessible handwashing facilities"

140,"20160414","High risk food holding temperature   [ date violation corrected: 4/14/2016 ]"

140,"20160414","Unclean or degraded floors walls or ceilings"

140,"20160414","Permit license or inspection report not posted  [ date violation corrected: 4/14/2016 ]"

140,"20140709","Moderate risk food holding temperature   [ date violation corrected: 4/14/2016 ]"

140,"20131122","High risk food holding temperature   [ date violation corrected: 12/6/2013 ]"

140,"20131122","Moderate risk food holding temperature   [ date violation corrected: 12/6/2013 ]"

140,"20131122","Wiping cloths not clean or properly stored or inadequate sanitizer  [ date violation corrected: 12/6/2013 ]"

140,"20131122","Improper reheating of food  [ date violation corrected: 12/6/2013 ]"

141,"20140409","Improper food storage  [ date violation corrected: 10/17/2014 ]"

146,"20160407","Foods not protected from contamination"

146,"20160407","Wiping cloths not clean or properly stored or inadequate sanitizer"

146,"20160407","Inadequate and inaccessible handwashing facilities"

146,"20160407","Moderate risk food holding temperature "

146,"20160407","Low risk vermin infestation"

146,"20150723","High risk food holding temperature   [ date violation corrected: 4/7/2016 ]"

146,"20150723","Wiping cloths not clean or properly stored or inadequate sanitizer  [ date violation corrected: 4/7/2016 ]"

146,"20140429","Low risk vermin infestation  [ date violation corrected: 4/29/2014 ]"

146,"20131122","Unapproved or unmaintained equipment or utensils  [ date violation corrected: 11/22/2013 ]"

146,"20131122","Employee eating or smoking  [ date violation corrected: 11/22/2013 ]"

146,"20130529","Unclean or degraded floors walls or ceilings  [ date violation corrected: 6/4/2013 ]"

151,"20150520","High risk food holding temperature   [ date violation corrected: 6/29/2015 ]"

151,"20150520","Improper storage use or identification of toxic substances  [ date violation corrected: 6/29/2015 ]"

151,"20150520","Inadequate food safety knowledge or lack of certified food safety manager  [ date violation corrected: 6/29/2015 ]"

151,"20140312","Wiping cloths not clean or properly stored or inadequate sanitizer  [ date violation corrected: 5/20/2015 ]"

151,"20140312","Unclean or degraded floors walls or ceilings  [ date violation corrected: 5/20/2015 ]"

155,"20151229","High risk vermin infestation"

155,"20150610","High risk vermin infestation  [ date violation corrected: 6/18/2015 ]"

155,"20150610","Inadequate food safety knowledge or lack of certified food safety manager  [ date violation corrected: 6/18/2015 ]"

155,"20150610","Food safety certificate or food handler card not available  [ date violation corrected: 6/18/2015 ]"

155,"20140623","Unclean unmaintained or improperly constructed toilet facilities  [ date violation corrected: 7/22/2014 ]"

155,"20140623","Improper or defective plumbing  [ date violation corrected: 7/22/2014 ]"

155,"20140623","Food safety certificate or food handler card not available  [ date violation corrected: 7/22/2014 ]"

155,"20140224","Food safety certificate or food handler card not available  [ date violation corrected: 6/23/2014 ]"

155,"20140224","Wiping cloths not clean or properly stored or inadequate sanitizer  [ date violation corrected: 6/23/2014 ]"

155,"20140224","Low risk vermin infestation  [ date violation corrected: 6/23/2014 ]"

164,"20151106","Wiping cloths not clean or properly stored or inadequate sanitizer"

164,"20151106","Unapproved or unmaintained equipment or utensils"

164,"20130729","Inadequately cleaned or sanitized food contact surfaces  [ date violation corrected: 4/3/2014 ]"

178,"20140730","Food safety certificate or food handler card not available"

178,"20140730","Inadequately cleaned or sanitized food contact surfaces"

178,"20140730","Inadequate and inaccessible handwashing facilities"

178,"20140204","Foods not protected from contamination  [ date violation corrected: 7/30/2014 ]"

179,"20140522","Unapproved or unmaintained equipment or utensils"

179,"20140522","Moderate risk food holding temperature "

179,"20130828","Insufficient hot water or running water  [ date violation corrected: 5/22/2014 ]"

179,"20130828","Moderate risk food holding temperature   [ date violation corrected: 5/22/2014 ]"

179,"20130828","Low risk vermin infestation  [ date violation corrected: 5/22/2014 ]"

180,"20160106","Food safety certificate or food handler card not available"

180,"20160106","Inadequate and inaccessible handwashing facilities"

180,"20160106","Moderate risk food holding temperature "

180,"20160106","Wiping cloths not clean or properly stored or inadequate sanitizer"

180,"20141104","High risk vermin infestation  [ date violation corrected: 12/28/2015 ]"

180,"20141104","Wiping cloths not clean or properly stored or inadequate sanitizer  [ date violation corrected: 12/28/2015 ]"

180,"20131021","Unclean or degraded floors walls or ceilings  [ date violation corrected: 5/20/2014 ]"

180,"20131021","High risk vermin infestation  [ date violation corrected: 10/21/2013 ]"

184,"20140923","Unclean or degraded floors walls or ceilings"

184,"20140923","Improper food storage"

187,"20160511","Moderate risk food holding temperature "

187,"20160511","Improper reheating of food  [ date violation corrected: 5/11/2016 ]"

187,"20130905","Unapproved or unmaintained equipment or utensils  [ date violation corrected: 4/1/2014 ]"

187,"20130905","Inadequate and inaccessible handwashing facilities  [ date violation corrected: 4/1/2014 ]"

187,"20130905","Improper food storage  [ date violation corrected: 4/1/2014 ]"

187,"20130905","Improper storage of equipment utensils or linens  [ date violation corrected: 4/1/2014 ]"

190,"20150327","Moderate risk food holding temperature "

190,"20150327","Permit license or inspection report not posted"

190,"20150327","Improper or defective plumbing"

190,"20140421","Permit license or inspection report not posted  [ date violation corrected: 3/27/2015 ]"

192,"20140813","Wiping cloths not clean or properly stored or inadequate sanitizer"

192,"20140813","Moderate risk food holding temperature "

192,"20140813","Improper food storage"

194,"20150420","Unclean hands or improper use of gloves  [ date violation corrected: 4/29/2015 ]"

194,"20150420","Moderate risk food holding temperature   [ date violation corrected: 4/29/2015 ]"

194,"20150420","Food safety certificate or food handler card not available  [ date violation corrected: 4/29/2015 ]"

194,"20150420","Contaminated or adulterated food  [ date violation corrected: 4/29/2015 ]"

194,"20140307","Unclean nonfood contact surfaces  [ date violation corrected: 4/20/2015 ]"

194,"20140307","Inadequate food safety knowledge or lack of certified food safety manager  [ date violation corrected: 4/20/2015 ]"

194,"20140305","No plan review or Building Permit  [ date violation corrected: 3/25/2014 ]"

194,"20140305","Unapproved or unmaintained equipment or utensils  [ date violation corrected: 4/20/2015 ]"

194,"20140305","Inadequately cleaned or sanitized food contact surfaces  [ date violation corrected: 3/7/2014 ]"

194,"20140305","Moderate risk food holding temperature   [ date violation corrected: 3/7/2014 ]"

198,"20151029","Moderate risk food holding temperature "

198,"20151029","Inadequately cleaned or sanitized food contact surfaces"

198,"20150206","Food safety certificate or food handler card not available  [ date violation corrected: 10/29/2015 ]"

198,"20150206","Inadequate food safety knowledge or lack of certified food safety manager  [ date violation corrected: 10/29/2015 ]"

198,"20140505","Improper thawing methods   [ date violation corrected: 5/5/2014 ]"

198,"20130904","Moderate risk food holding temperature   [ date violation corrected: 9/17/2013 ]"

198,"20130904","No thermometers or uncalibrated thermometers   [ date violation corrected: 9/17/2013 ]"

198,"20130904","Inadequate and inaccessible handwashing facilities  [ date violation corrected: 9/17/2013 ]"

200,"20151001","Unapproved or unmaintained equipment or utensils"

200,"20151001","Moderate risk food holding temperature "

200,"20150129","Moderate risk vermin infestation  [ date violation corrected: 2/20/2015 ]"

200,"20150129","Unclean or unsanitary food contact surfaces  [ date violation corrected: 2/20/2015 ]"

200,"20150129","Unapproved or unmaintained equipment or utensils  [ date violation corrected: 10/1/2015 ]"

200,"20140317","Moderate risk food holding temperature   [ date violation corrected: 1/29/2015 ]"

200,"20140317","Unapproved or unmaintained equipment or utensils  [ date violation corrected: 1/29/2015 ]"

200,"20140317","Improper food storage  [ date violation corrected: 1/29/2015 ]"

200,"20130710","Foods not protected from contamination  [ date violation corrected: 8/30/2013 ]"

200,"20130710","Unclean or degraded floors walls or ceilings  [ date violation corrected: 8/30/2013 ]"

200,"20130710","Improper food storage  [ date violation corrected: 8/30/2013 ]"

200,"20130710","Unauthorized or unsafe use of time as a public health control measure  [ date violation corrected: 8/30/2013 ]"

208,"20151007","Wiping cloths not clean or properly stored or inadequate sanitizer"

208,"20151007","Moderate risk food holding temperature "

208,"20151007","Low risk vermin infestation"

208,"20150212","Unapproved or unmaintained equipment or utensils  [ date violation corrected: 2/24/2015 ]"

208,"20150212","Moderate risk vermin infestation  [ date violation corrected: 2/24/2015 ]"

208,"20140313","High risk food holding temperature   [ date violation corrected: 4/15/2014 ]"

208,"20140313","Low risk vermin infestation  [ date violation corrected: 4/15/2014 ]"

208,"20130605","Unclean or degraded floors walls or ceilings  [ date violation corrected: 3/13/2014 ]"

208,"20130605","Moderate risk food holding temperature   [ date violation corrected: 3/13/2014 ]"

208,"20130605","Wiping cloths not clean or properly stored or inadequate sanitizer  [ date violation corrected: 3/13/2014 ]"

217,"20160329","Unclean nonfood contact surfaces"

217,"20160329","Unclean or degraded floors walls or ceilings"

217,"20160329","Unapproved or unmaintained equipment or utensils"

217,"20150818","Wiping cloths not clean or properly stored or inadequate sanitizer  [ date violation corrected: 3/3/2016 ]"

217,"20150818","Unclean or degraded floors walls or ceilings  [ date violation corrected: 3/3/2016 ]"

217,"20150818","Improper storage of equipment utensils or linens  [ date violation corrected: 3/3/2016 ]"

217,"20140624","Inadequate food safety knowledge or lack of certified food safety manager  [ date violation corrected: 8/11/2015 ]"

217,"20140624","Inadequate warewashing facilities or equipment  [ date violation corrected: 8/11/2015 ]"

221,"20140122","Unclean or degraded floors walls or ceilings  [ date violation corrected: 5/11/2016 ]"

221,"20140122","High risk vermin infestation  [ date violation corrected: 5/11/2016 ]"

221,"20130724","High risk vermin infestation  [ date violation corrected: 8/1/2013 ]"

221,"20130724","Unclean or degraded floors walls or ceilings  [ date violation corrected: 8/1/2013 ]"

226,"20140910","High risk food holding temperature   [ date violation corrected: 9/10/2014 ]"

226,"20140910","Permit license or inspection report not posted"

226,"20140910","Wiping cloths not clean or properly stored or inadequate sanitizer"

230,"20150306","Unapproved or unmaintained equipment or utensils  [ date violation corrected: 3/10/2015 ]"

230,"20150306","Inadequate and inaccessible handwashing facilities  [ date violation corrected: 3/10/2015 ]"

230,"20150306","Improper or defective plumbing  [ date violation corrected: 3/10/2015 ]"

230,"20150306","Unclean or degraded floors walls or ceilings  [ date violation corrected: 3/10/2015 ]"

230,"20150306","Moderate risk food holding temperature   [ date violation corrected: 3/10/2015 ]"

230,"20150306","Inadequately cleaned or sanitized food contact surfaces  [ date violation corrected: 3/10/2015 ]"

230,"20150306","Insufficient hot water or running water  [ date violation corrected: 3/10/2015 ]"

230,"20140205","Employee eating or smoking  [ date violation corrected: 2/13/2014 ]"

230,"20140205","Inadequately cleaned or sanitized food contact surfaces  [ date violation corrected: 2/13/2014 ]"

230,"20140205","Unclean or degraded floors walls or ceilings  [ date violation corrected: 2/13/2014 ]"

230,"20140205","Permit license or inspection report not posted  [ date violation corrected: 2/13/2014 ]"

230,"20140205","Inadequate food safety knowledge or lack of certified food safety manager  [ date violation corrected: 2/13/2014 ]"

230,"20140205","Inadequate and inaccessible handwashing facilities  [ date violation corrected: 2/13/2014 ]"

231,"20160301","Improper food storage  [ date violation corrected: 3/16/2016 ]"

231,"20160301","Unclean or degraded floors walls or ceilings  [ date violation corrected: 3/16/2016 ]"

231,"20160301","Wiping cloths not clean or properly stored or inadequate sanitizer  [ date violation corrected: 3/16/2016 ]"

231,"20160301","Foods not protected from contamination  [ date violation corrected: 3/16/2016 ]"

231,"20160301","Inadequate warewashing facilities or equipment  [ date violation corrected: 3/16/2016 ]"

231,"20140902","Improper storage use or identification of toxic substances  [ date violation corrected: 9/11/2014 ]"

231,"20140902","Wiping cloths not clean or properly stored or inadequate sanitizer  [ date violation corrected: 9/11/2014 ]"

231,"20140902","Inadequate and inaccessible handwashing facilities  [ date violation corrected: 9/11/2014 ]"

231,"20140204","Unclean or degraded floors walls or ceilings  [ date violation corrected: 9/2/2014 ]"

231,"20140204","Inadequately cleaned or sanitized food contact surfaces  [ date violation corrected: 9/2/2014 ]"

231,"20140204","Improper food storage  [ date violation corrected: 9/2/2014 ]"

234,"20160503","Unclean or degraded floors walls or ceilings"

234,"20160503","Inadequate warewashing facilities or equipment"

234,"20160503","High risk food holding temperature "

234,"20160503","Foods not protected from contamination"

234,"20160503","Moderate risk vermin infestation"

234,"20150505","Moderate risk vermin infestation  [ date violation corrected: 5/13/2015 ]"

234,"20150505","Wiping cloths not clean or properly stored or inadequate sanitizer  [ date violation corrected: 5/13/2015 ]"

234,"20150505","Unapproved or unmaintained equipment or utensils  [ date violation corrected: 5/13/2015 ]"

234,"20150505","Inadequate procedures or records for time as a public health control   [ date violation corrected: 5/13/2015 ]"

234,"20150505","Inadequately cleaned or sanitized food contact surfaces  [ date violation corrected: 5/13/2015 ]"

234,"20150505","Unclean or degraded floors walls or ceilings  [ date violation corrected: 5/13/2015 ]"

234,"20140415","Improper cooling methods  [ date violation corrected: 4/15/2014 ]"

234,"20140415","Improper storage of equipment utensils or linens  [ date violation corrected: 6/17/2014 ]"

234,"20140415","Moderate risk food holding temperature   [ date violation corrected: 6/17/2014 ]"

234,"20140415","Unapproved or unmaintained equipment or utensils  [ date violation corrected: 6/17/2014 ]"

234,"20140415","Unclean or degraded floors walls or ceilings  [ date violation corrected: 6/17/2014 ]"

234,"20140415","Inadequately cleaned or sanitized food contact surfaces  [ date violation corrected: 6/17/2014 ]"

236,"20151214","Moderate risk vermin infestation"

236,"20151214","Unclean or degraded floors walls or ceilings"

236,"20141118","Unapproved or unmaintained equipment or utensils  [ date violation corrected: 1/12/2015 ]"

236,"20141118","Permit license or inspection report not posted  [ date violation corrected: 1/12/2015 ]"

236,"20141118","Inadequate and inaccessible handwashing facilities  [ date violation corrected: 1/12/2015 ]"

236,"20141118","Food safety certificate or food handler card not available  [ date violation corrected: 1/12/2015 ]"

236,"20141118","Improper or defective plumbing  [ date violation corrected: 1/12/2015 ]"

236,"20130522","Permit license or inspection report not posted  [ date violation corrected: 11/17/2014 ]"

236,"20130522","Unclean or degraded floors walls or ceilings  [ date violation corrected: 11/17/2014 ]"

239,"20140507","Unclean nonfood contact surfaces"

239,"20140507","Foods not protected from contamination"

239,"20140507","Moderate risk food holding temperature "

239,"20130917","High risk food holding temperature   [ date violation corrected: 9/19/2013 ]"

239,"20130917","Employee eating or smoking  [ date violation corrected: 9/19/2013 ]"

239,"20130917","Inadequate warewashing facilities or equipment  [ date violation corrected: 9/19/2013 ]"

239,"20130917","Foods not protected from contamination  [ date violation corrected: 9/19/2013 ]"

239,"20130917","Inadequately cleaned or sanitized food contact surfaces  [ date violation corrected: 5/7/2014 ]"

239,"20130917","Unclean or degraded floors walls or ceilings  [ date violation corrected: 5/7/2014 ]"

240,"20150813","Inadequately cleaned or sanitized food contact surfaces  [ date violation corrected: 8/28/2015 ]"

240,"20150813","Inadequate and inaccessible handwashing facilities  [ date violation corrected: 8/28/2015 ]"

240,"20150813","High risk vermin infestation  [ date violation corrected: 8/28/2015 ]"

240,"20150813","Unclean hands or improper use of gloves  [ date violation corrected: 8/28/2015 ]"

240,"20150813","Unclean nonfood contact surfaces  [ date violation corrected: 8/28/2015 ]"

240,"20150813","Moderate risk food holding temperature   [ date violation corrected: 8/28/2015 ]"

240,"20150813","Unclean or degraded floors walls or ceilings  [ date violation corrected: 8/28/2015 ]"

240,"20150813","Unapproved or unmaintained equipment or utensils  [ date violation corrected: 8/28/2015 ]"

240,"20140724","Unapproved or unmaintained equipment or utensils  [ date violation corrected: 8/22/2014 ]"

240,"20140724","Improper food storage  [ date violation corrected: 8/22/2014 ]"

240,"20140724","Improper thawing methods   [ date violation corrected: 8/22/2014 ]"

240,"20140724","Unclean or degraded floors walls or ceilings  [ date violation corrected: 8/22/2014 ]"

240,"20140724","Inadequate and inaccessible handwashing facilities  [ date violation corrected: 8/22/2014 ]"

240,"20140724","Unclean or unsanitary food contact surfaces  [ date violation corrected: 8/22/2014 ]"

240,"20140206","Unapproved or unmaintained equipment or utensils  [ date violation corrected: 7/24/2014 ]"

240,"20140206","Unclean nonfood contact surfaces  [ date violation corrected: 7/24/2014 ]"

240,"20140206","Improper cooling methods  [ date violation corrected: 7/24/2014 ]"

240,"20140206","Moderate risk food holding temperature   [ date violation corrected: 7/24/2014 ]"

240,"20140206","Unclean or degraded floors walls or ceilings  [ date violation corrected: 7/24/2014 ]"

240,"20140206","Inadequately cleaned or sanitized food contact surfaces  [ date violation corrected: 7/24/2014 ]"

240,"20130523","Unclean or unsanitary food contact surfaces  [ date violation corrected: 2/6/2014 ]"

240,"20130523","Unclean or degraded floors walls or ceilings  [ date violation corrected: 2/6/2014 ]"

240,"20130523","Moderate risk food holding temperature   [ date violation corrected: 2/6/2014 ]"

240,"20130523","Improper storage use or identification of toxic substances  [ date violation corrected: 2/6/2014 ]"

240,"20130523","Unclean nonfood contact surfaces  [ date violation corrected: 2/6/2014 ]"

240,"20130523","Unapproved or unmaintained equipment or utensils  [ date violation corrected: 2/6/2014 ]"

247,"20160503","Improper food storage"

247,"20160503","Moderate risk food holding temperature "

247,"20160503","Inadequate and inaccessible handwashing facilities"

247,"20160503","Unclean or unsanitary food contact surfaces"

247,"20140909","Insufficient hot water or running water  [ date violation corrected: 5/3/2016 ]"

247,"20140909","Unclean or unsanitary food contact surfaces  [ date violation corrected: 5/3/2016 ]"

247,"20140909","Unclean nonfood contact surfaces  [ date violation corrected: 5/3/2016 ]"

247,"20140909","Inadequate warewashing facilities or equipment  [ date violation corrected: 5/3/2016 ]"

247,"20140909","No thermometers or uncalibrated thermometers   [ date violation corrected: 5/3/2016 ]"

247,"20140304","Improper or defective plumbing  [ date violation corrected: 9/9/2014 ]"

247,"20140304","Food safety certificate or food handler card not available  [ date violation corrected: 9/9/2014 ]"

247,"20140304","Wiping cloths not clean or properly stored or inadequate sanitizer  [ date violation corrected: 9/9/2014 ]"

251,"20140612","Unclean or degraded floors walls or ceilings"

251,"20140612","Wiping cloths not clean or properly stored or inadequate sanitizer"

251,"20131113","Improper food storage  [ date violation corrected: 6/12/2014 ]"

251,"20131113","Unclean nonfood contact surfaces  [ date violation corrected: 6/12/2014 ]"

251,"20131113","Low risk vermin infestation  [ date violation corrected: 6/12/2014 ]"

251,"20131113","Wiping cloths not clean or properly stored or inadequate sanitizer  [ date violation corrected: 6/12/2014 ]"

253,"20150217","Unclean or degraded floors walls or ceilings"

253,"20131101","Unclean nonfood contact surfaces  [ date violation corrected: 11/1/2013 ]"

256,"20140303","Food safety certificate or food handler card not available  [ date violation corrected: 9/8/2015 ]"

258,"20160407","Other low risk violation"

258,"20160407","Insufficient hot water or running water"

258,"20160407","Improper food storage"

258,"20160407","Permit license or inspection report not posted"

258,"20160407","Unapproved or unmaintained equipment or utensils"

258,"20150528","Improper food storage  [ date violation corrected: 5/28/2015 ]"

258,"20141003","Improper thawing methods   [ date violation corrected: 10/3/2014 ]"

258,"20141003","Improper food storage  [ date violation corrected: 5/28/2015 ]"

258,"20140407","Unclean unmaintained or improperly constructed toilet facilities  [ date violation corrected: 10/3/2014 ]"

258,"20140407","Improper food storage  [ date violation corrected: 10/3/2014 ]"

258,"20131017","Moderate risk food holding temperature   [ date violation corrected: 4/7/2014 ]"

258,"20131017","Food safety certificate or food handler card not available  [ date violation corrected: 4/7/2014 ]"

260,"20160219","Wiping cloths not clean or properly stored or inadequate sanitizer"

260,"20160219","Food safety certificate or food handler card not available"

260,"20160219","Unclean nonfood contact surfaces"

260,"20160219","Unclean unmaintained or improperly constructed toilet facilities"

260,"20141209","Wiping cloths not clean or properly stored or inadequate sanitizer  [ date violation corrected: 12/9/2014 ]"

260,"20141209","Inadequate and inaccessible handwashing facilities  [ date violation corrected: 12/9/2014 ]"

260,"20141209","Permit license or inspection report not posted  [ date violation corrected: 2/19/2016 ]"

260,"20140520","Inadequate and inaccessible handwashing facilities  [ date violation corrected: 5/29/2014 ]"

260,"20140520","Unapproved or unmaintained equipment or utensils  [ date violation corrected: 5/29/2014 ]"

260,"20140520","Other low risk violation  [ date violation corrected: 5/29/2014 ]"

260,"20140520","Wiping cloths not clean or properly stored or inadequate sanitizer  [ date violation corrected: 5/29/2014 ]"

260,"20140520","Improper storage of equipment utensils or linens  [ date violation corrected: 5/29/2014 ]"

260,"20140520","Improper food storage  [ date violation corrected: 5/29/2014 ]"

260,"20131119","Inadequate and inaccessible handwashing facilities  [ date violation corrected: 11/19/2013 ]"

260,"20131119","Unclean or degraded floors walls or ceilings  [ date violation corrected: 5/20/2014 ]"

260,"20131119","Unclean unmaintained or improperly constructed toilet facilities  [ date violation corrected: 11/19/2013 ]"

260,"20130627","High risk food holding temperature   [ date violation corrected: 11/19/2013 ]"

260,"20130627","Unclean nonfood contact surfaces  [ date violation corrected: 11/19/2013 ]"

260,"20130627","Wiping cloths not clean or properly stored or inadequate sanitizer  [ date violation corrected: 11/19/2013 ]"

260,"20130627","Improper food storage  [ date violation corrected: 11/19/2013 ]"

267,"20150730","Unclean or unsanitary food contact surfaces  [ date violation corrected: 8/4/2015 ]"

267,"20150730","Unclean hands or improper use of gloves  [ date violation corrected: 8/4/2015 ]"

267,"20150730","Improper storage of equipment utensils or linens  [ date violation corrected: 8/4/2015 ]"

267,"20150730","Unpermitted food facility  [ date violation corrected: 8/4/2015 ]"

267,"20150730","Improper food storage  [ date violation corrected: 8/4/2015 ]"

267,"20150730","Improper thawing methods   [ date violation corrected: 8/4/2015 ]"

267,"20150730","Contaminated or adulterated food  [ date violation corrected: 8/4/2015 ]"

267,"20140528","Unclean or unsanitary food contact surfaces  [ date violation corrected: 5/28/2014 ]"

267,"20130731","Unclean or degraded floors walls or ceilings  [ date violation corrected: 8/8/2013 ]"

267,"20130731","Unapproved or unmaintained equipment or utensils  [ date violation corrected: 8/8/2013 ]"

267,"20130731","Unclean nonfood contact surfaces  [ date violation corrected: 8/8/2013 ]"

267,"20130731","High risk vermin infestation  [ date violation corrected: 8/1/2013 ]"

267,"20130731","Improper or defective plumbing  [ date violation corrected: 8/8/2013 ]"

267,"20130731","Inadequate and inaccessible handwashing facilities  [ date violation corrected: 8/8/2013 ]"

267,"20130731","Inadequately cleaned or sanitized food contact surfaces  [ date violation corrected: 8/8/2013 ]"

268,"20150903","Improper storage of equipment utensils or linens"

268,"20150903","Foods not protected from contamination"

268,"20140829","Moderate risk food holding temperature   [ date violation corrected: 8/29/2014 ]"

268,"20140224","Permit license or inspection report not posted  [ date violation corrected: 8/29/2014 ]"

268,"20130805","Moderate risk food holding temperature   [ date violation corrected: 8/5/2013 ]"

272,"20160517","Unapproved or unmaintained equipment or utensils"

272,"20160517","High risk vermin infestation"

272,"20160517","Contaminated or adulterated food"

272,"20160517","Unclean or degraded floors walls or ceilings"

272,"20160517","Improper thawing methods "

272,"20141203","Unclean or unsanitary food contact surfaces  [ date violation corrected: 5/17/2016 ]"

272,"20141203","Unapproved or unmaintained equipment or utensils  [ date violation corrected: 5/17/2016 ]"

272,"20141203","Foods not protected from contamination  [ date violation corrected: 5/17/2016 ]"

272,"20141203","Moderate risk vermin infestation  [ date violation corrected: 5/17/2016 ]"

272,"20141203","Inadequate food safety knowledge or lack of certified food safety manager  [ date violation corrected: 5/17/2016 ]"

272,"20141203","High risk food holding temperature   [ date violation corrected: 5/17/2016 ]"

272,"20140422","Wiping cloths not clean or properly stored or inadequate sanitizer  [ date violation corrected: 12/3/2014 ]"

272,"20140422","Improper thawing methods   [ date violation corrected: 12/3/2014 ]"

272,"20140422","Unclean or degraded floors walls or ceilings  [ date violation corrected: 12/3/2014 ]"

272,"20140422","Foods not protected from contamination  [ date violation corrected: 12/3/2014 ]"

272,"20140422","Unclean nonfood contact surfaces  [ date violation corrected: 12/3/2014 ]"

272,"20131106","Wiping cloths not clean or properly stored or inadequate sanitizer  [ date violation corrected: 4/21/2014 ]"

272,"20131106","Moderate risk vermin infestation  [ date violation corrected: 4/21/2014 ]"

273,"20150526","Unclean nonfood contact surfaces"

273,"20150519","Wiping cloths not clean or properly stored or inadequate sanitizer  [ date violation corrected: 5/26/2015 ]"

273,"20150519","Improper storage of equipment utensils or linens  [ date violation corrected: 5/26/2015 ]"

273,"20150519","Unclean nonfood contact surfaces  [ date violation corrected: 5/26/2015 ]"

273,"20150519","Foods not protected from contamination  [ date violation corrected: 5/26/2015 ]"

273,"20150519","Inadequate and inaccessible handwashing facilities  [ date violation corrected: 5/26/2015 ]"

273,"20150519","Inadequately cleaned or sanitized food contact surfaces  [ date violation corrected: 5/26/2015 ]"

273,"20150519","Inadequate ventilation or lighting  [ date violation corrected: 5/26/2015 ]"

273,"20140813","Moderate risk food holding temperature   [ date violation corrected: 9/10/2014 ]"

273,"20140813","Unclean unmaintained or improperly constructed toilet facilities  [ date violation corrected: 9/10/2014 ]"

273,"20140813","Foods not protected from contamination  [ date violation corrected: 9/10/2014 ]"

273,"20140813","Permit license or inspection report not posted  [ date violation corrected: 9/10/2014 ]"

273,"20140813","Moderate risk vermin infestation  [ date violation corrected: 9/10/2014 ]"

273,"20140813","Inadequate warewashing facilities or equipment  [ date violation corrected: 9/10/2014 ]"

273,"20140813","No hot water or running water  [ date violation corrected: 9/10/2014 ]"

273,"20140813","Unclean or degraded floors walls or ceilings  [ date violation corrected: 5/19/2015 ]"

273,"20140813","Improper storage of equipment utensils or linens  [ date violation corrected: 9/10/2014 ]"

273,"20131118","Unclean hands or improper use of gloves  [ date violation corrected: 11/8/2013 ]"

273,"20131118","Unclean nonfood contact surfaces  [ date violation corrected: 12/12/2013 ]"

273,"20131118","Inadequate ventilation or lighting  [ date violation corrected: 12/12/2013 ]"

273,"20131118","Improper or defective plumbing  [ date violation corrected: 12/12/2013 ]"

273,"20131118","Unclean or degraded floors walls or ceilings  [ date violation corrected: 12/12/2013 ]"

275,"20151020","Improper food labeling or menu misrepresentation  [ date violation corrected: 10/29/2015 ]"

275,"20151020","Unclean or degraded floors walls or ceilings  [ date violation corrected: 10/29/2015 ]"

275,"20141006","Inadequately cleaned or sanitized food contact surfaces  [ date violation corrected: 10/17/2014 ]"

275,"20141006","Unclean or degraded floors walls or ceilings  [ date violation corrected: 10/17/2014 ]"

275,"20140328","Improper storage of equipment utensils or linens  [ date violation corrected: 10/6/2014 ]"

275,"20140328","Unclean or degraded floors walls or ceilings  [ date violation corrected: 10/6/2014 ]"

275,"20130712","Permit license or inspection report not posted  [ date violation corrected: 3/28/2014 ]"

275,"20130712","Unapproved or unmaintained equipment or utensils  [ date violation corrected: 3/28/2014 ]"

275,"20130712","Unclean or degraded floors walls or ceilings  [ date violation corrected: 3/28/2014 ]"

276,"20140806","Wiping cloths not clean or properly stored or inadequate sanitizer  [ date violation corrected: 11/3/2015 ]"

279,"20160518","Low risk vermin infestation"

279,"20151020","Moderate risk vermin infestation  [ date violation corrected: 5/18/2016 ]"

279,"20151020","Unclean nonfood contact surfaces  [ date violation corrected: 5/18/2016 ]"

279,"20140107","Unclean or degraded floors walls or ceilings  [ date violation corrected: 9/9/2014 ]"

279,"20130716","Foods not protected from contamination  [ date violation corrected: 7/16/2013 ]"

281,"20140905","Foods not protected from contamination  [ date violation corrected: 9/5/2014 ]"

281,"20130930","Improper cooling methods  [ date violation corrected: 9/30/2013 ]"

283,"20151001","Inadequate and inaccessible handwashing facilities"

283,"20151001","Moderate risk vermin infestation"

283,"20151001","Inadequate food safety knowledge or lack of certified food safety manager"

283,"20151001","Improper thawing methods "

283,"20151001","Foods not protected from contamination"

283,"20151001","High risk food holding temperature "

286,"20140327","Inadequate and inaccessible handwashing facilities"

286,"20140327","Wiping cloths not clean or properly stored or inadequate sanitizer"

286,"20140327","Inadequate food safety knowledge or lack of certified food safety manager"

286,"20130725","Unclean hands or improper use of gloves  [ date violation corrected: 7/26/2013 ]"

286,"20130725","Improper storage of equipment utensils or linens  [ date violation corrected: 7/26/2013 ]"

286,"20130725","Foods not protected from contamination  [ date violation corrected: 3/12/2014 ]"

286,"20130725","Unclean or unsanitary food contact surfaces  [ date violation corrected: 7/26/2013 ]"

286,"20130725","Unclean or degraded floors walls or ceilings  [ date violation corrected: 3/12/2014 ]"

286,"20130725","High risk vermin infestation  [ date violation corrected: 7/26/2013 ]"

286,"20130725","Inadequate food safety knowledge or lack of certified food safety manager  [ date violation corrected: 3/12/2014 ]"

286,"20130725","Improper thawing methods   [ date violation corrected: 7/26/2013 ]"

286,"20130725","Sewage or wastewater contamination  [ date violation corrected: 7/31/2013 ]"

286,"20130725","Contaminated or adulterated food  [ date violation corrected: 7/26/2013 ]"

290,"20141210","Improper food storage  [ date violation corrected: 12/19/2014 ]"

290,"20141210","Unclean hands or improper use of gloves  [ date violation corrected: 12/19/2014 ]"

290,"20141210","Unclean or unsanitary food contact surfaces  [ date violation corrected: 12/19/2014 ]"

290,"20141210","Inadequately cleaned or sanitized food contact surfaces  [ date violation corrected: 12/19/2014 ]"

290,"20140409","Employee eating or smoking  [ date violation corrected: 12/10/2014 ]"

290,"20130930","Improper storage of equipment utensils or linens  [ date violation corrected: 11/4/2013 ]"

290,"20130930","Foods not protected from contamination  [ date violation corrected: 11/4/2013 ]"

290,"20130930","Improper cooling methods  [ date violation corrected: 11/4/2013 ]"

298,"20160408","Moderate risk food holding temperature "

298,"20160408","Unclean hands or improper use of gloves"

298,"20160408","Unclean or degraded floors walls or ceilings"

298,"20150828","High risk vermin infestation  [ date violation corrected: 8/28/2015 ]"

298,"20150828","Unclean or degraded floors walls or ceilings  [ date violation corrected: 4/8/2016 ]"

298,"20150828","Unclean or unsanitary food contact surfaces  [ date violation corrected: 8/28/2015 ]"

298,"20150828","Inadequate and inaccessible handwashing facilities  [ date violation corrected: 4/8/2016 ]"

298,"20140919","Foods not protected from contamination  [ date violation corrected: 8/28/2015 ]"

298,"20140919","Unclean or degraded floors walls or ceilings  [ date violation corrected: 8/28/2015 ]"

298,"20140121","Unclean nonfood contact surfaces  [ date violation corrected: 9/19/2014 ]"

298,"20140121","Improper storage of equipment utensils or linens  [ date violation corrected: 9/19/2014 ]"

299,"20150309","Foods not protected from contamination  [ date violation corrected: 3/9/2015 ]"

299,"20140306","Moderate risk food holding temperature   [ date violation corrected: 3/6/2014 ]"

299,"20140306","No thermometers or uncalibrated thermometers   [ date violation corrected: 3/9/2015 ]"

299,"20140306","Unclean or degraded floors walls or ceilings  [ date violation corrected: 3/9/2015 ]"

299,"20130724","Improper cooling methods  [ date violation corrected: 7/24/2013 ]"

299,"20130724","Improper cooking time or temperatures  [ date violation corrected: 7/24/2013 ]"

300,"20160413","Contaminated or adulterated food  [ date violation corrected: 4/15/2016 ]"

300,"20160413","Inadequate food safety knowledge or lack of certified food safety manager"

300,"20160413","Foods not protected from contamination"

300,"20160413","Inadequate and inaccessible handwashing facilities  [ date violation corrected: 4/15/2016 ]"

300,"20160413","Moderate risk food holding temperature   [ date violation corrected: 4/15/2016 ]"

300,"20160413","Unclean hands or improper use of gloves  [ date violation corrected: 4/15/2016 ]"

300,"20160413","Wiping cloths not clean or properly stored or inadequate sanitizer"

300,"20141126","Inadequate warewashing facilities or equipment  [ date violation corrected: 4/13/2016 ]"

300,"20141126","Unclean or degraded floors walls or ceilings  [ date violation corrected: 4/13/2016 ]"

300,"20140507","Inadequate warewashing facilities or equipment  [ date violation corrected: 11/26/2014 ]"

300,"20140507","Wiping cloths not clean or properly stored or inadequate sanitizer  [ date violation corrected: 11/26/2014 ]"

300,"20130823","Unclean or degraded floors walls or ceilings  [ date violation corrected: 9/26/2013 ]"

300,"20130823","Unapproved or unmaintained equipment or utensils  [ date violation corrected: 9/26/2013 ]"

302,"20150408","Unclean nonfood contact surfaces  [ date violation corrected: 4/22/2015 ]"

302,"20150408","Low risk vermin infestation  [ date violation corrected: 4/22/2015 ]"

302,"20150408","Unsanitary employee garments hair or nails  [ date violation corrected: 4/20/2015 ]"

302,"20150408","Unclean or unsanitary food contact surfaces  [ date violation corrected: 4/17/2015 ]"

302,"20150408","Inadequately cleaned or sanitized food contact surfaces  [ date violation corrected: 4/20/2015 ]"

302,"20150408","Unclean or degraded floors walls or ceilings  [ date violation corrected: 4/22/2015 ]"

302,"20150408","Food safety certificate or food handler card not available  [ date violation corrected: 4/22/2015 ]"

302,"20150408","Unapproved or unmaintained equipment or utensils  [ date violation corrected: 4/22/2015 ]"

302,"20150408","Moderate risk food holding temperature   [ date violation corrected: 4/17/2015 ]"

302,"20150408","Wiping cloths not clean or properly stored or inadequate sanitizer  [ date violation corrected: 4/22/2015 ]"

302,"20150408","Improper storage use or identification of toxic substances  [ date violation corrected: 4/22/2015 ]"

302,"20140304","Moderate risk food holding temperature   [ date violation corrected: 4/8/2015 ]"

302,"20140304","Unclean or degraded floors walls or ceilings  [ date violation corrected: 4/8/2015 ]"

305,"20141205","Inadequate ventilation or lighting"

305,"20141204","Improper storage use or identification of toxic substances  [ date violation corrected: 12/4/2014 ]"

305,"20141204","No thermometers or uncalibrated thermometers   [ date violation corrected: 12/5/2014 ]"

305,"20141204","Inadequate ventilation or lighting  [ date violation corrected: 12/5/2014 ]"

305,"20141204","Improper food storage  [ date violation corrected: 12/5/2014 ]"

305,"20141204","High risk vermin infestation  [ date violation corrected: 12/5/2014 ]"

305,"20140321","Food in poor condition  [ date violation corrected: 12/4/2014 ]"

305,"20140321","Inadequate food safety knowledge or lack of certified food safety manager  [ date violation corrected: 12/4/2014 ]"

305,"20140321","Moderate risk vermin infestation  [ date violation corrected: 12/4/2014 ]"

305,"20130916","Moderate risk vermin infestation  [ date violation corrected: 11/4/2013 ]"

315,"20150929","Insufficient hot water or running water"

315,"20150929","Food safety certificate or food handler card not available"

315,"20150518","Improper storage use or identification of toxic substances  [ date violation corrected: 5/19/2015 ]"

315,"20150518","High risk vermin infestation  [ date violation corrected: 5/19/2015 ]"

315,"20150518","Unclean or degraded floors walls or ceilings  [ date violation corrected: 5/19/2015 ]"

315,"20140310","Low risk vermin infestation  [ date violation corrected: 3/24/2014 ]"

315,"20140310","Improper food storage  [ date violation corrected: 3/24/2014 ]"

315,"20140310","Inadequate and inaccessible handwashing facilities  [ date violation corrected: 3/24/2014 ]"

315,"20140310","Employee eating or smoking  [ date violation corrected: 3/24/2014 ]"

315,"20130812","Moderate risk food holding temperature   [ date violation corrected: 9/6/2013 ]"

315,"20130812","Improper food storage  [ date violation corrected: 8/20/2013 ]"

315,"20130812","Wiping cloths not clean or properly stored or inadequate sanitizer  [ date violation corrected: 8/20/2013 ]"

315,"20130812","Unclean or degraded floors walls or ceilings  [ date violation corrected: 8/20/2013 ]"

318,"20151113","Unclean unmaintained or improperly constructed toilet facilities"

318,"20151113","Inadequate ventilation or lighting"

318,"20151113","Unclean nonfood contact surfaces"

318,"20141107","Improper or defective plumbing  [ date violation corrected: 11/13/2015 ]"

318,"20141107","Improper storage of equipment utensils or linens  [ date violation corrected: 11/13/2015 ]"

318,"20141107","Permit license or inspection report not posted  [ date violation corrected: 11/13/2015 ]"

318,"20140205","Inadequately cleaned or sanitized food contact surfaces  [ date violation corrected: 11/7/2014 ]"

318,"20140205","Unclean or degraded floors walls or ceilings  [ date violation corrected: 11/7/2014 ]"

318,"20140205","Food in poor condition  [ date violation corrected: 2/2/2014 ]"

318,"20130729","Unclean nonfood contact surfaces  [ date violation corrected: 2/5/2014 ]"

318,"20130729","Improperly washed fruits and vegetables  [ date violation corrected: 7/29/2013 ]"

318,"20130729","Unclean or degraded floors walls or ceilings  [ date violation corrected: 2/5/2014 ]"

320,"20150429","Unapproved or unmaintained equipment or utensils"

320,"20150429","Inadequately cleaned or sanitized food contact surfaces"

320,"20150429","Improper storage of equipment utensils or linens"

320,"20150429","Inadequate and inaccessible handwashing facilities"

320,"20150429","Wiping cloths not clean or properly stored or inadequate sanitizer"

320,"20150429","Unclean unmaintained or improperly constructed toilet facilities"

320,"20140611","Unclean or degraded floors walls or ceilings  [ date violation corrected: 4/29/2015 ]"

320,"20140611","Unclean hands or improper use of gloves  [ date violation corrected: 4/29/2015 ]"

320,"20140611","Improper food storage  [ date violation corrected: 4/29/2015 ]"

320,"20140611","Wiping cloths not clean or properly stored or inadequate sanitizer  [ date violation corrected: 4/29/2015 ]"

320,"20140611","Unclean nonfood contact surfaces  [ date violation corrected: 4/29/2015 ]"

320,"20131209","Unclean or degraded floors walls or ceilings  [ date violation corrected: 6/4/2014 ]"

320,"20131209","Wiping cloths not clean or properly stored or inadequate sanitizer  [ date violation corrected: 6/4/2014 ]"

320,"20131209","Improper food storage  [ date violation corrected: 6/4/2014 ]"

320,"20131209","Unclean hands or improper use of gloves  [ date violation corrected: 6/4/2014 ]"

320,"20131209","Unclean nonfood contact surfaces  [ date violation corrected: 6/4/2014 ]"

320,"20130715","Improper food storage  [ date violation corrected: 12/2/2013 ]"

320,"20130715","Inadequate and inaccessible handwashing facilities  [ date violation corrected: 12/2/2013 ]"

320,"20130715","Inadequate food safety knowledge or lack of certified food safety manager  [ date violation corrected: 12/2/2013 ]"

320,"20130715","Unclean nonfood contact surfaces  [ date violation corrected: 12/2/2013 ]"

320,"20130715","Unclean or degraded floors walls or ceilings  [ date violation corrected: 12/2/2013 ]"

325,"20160517","High risk food holding temperature "

325,"20160517","Moderate risk vermin infestation"

325,"20160517","Foods not protected from contamination"

325,"20141202","High risk vermin infestation  [ date violation corrected: 1/5/2015 ]"

325,"20141202","Foods not protected from contamination  [ date violation corrected: 1/5/2015 ]"

325,"20141202","High risk food holding temperature   [ date violation corrected: 1/5/2015 ]"

325,"20141202","Unclean or degraded floors walls or ceilings  [ date violation corrected: 1/5/2015 ]"

325,"20141202","Unclean or unsanitary food contact surfaces  [ date violation corrected: 1/5/2015 ]"

325,"20141202","Inadequate warewashing facilities or equipment  [ date violation corrected: 1/5/2015 ]"

325,"20141202","Inadequate and inaccessible handwashing facilities  [ date violation corrected: 1/5/2015 ]"

325,"20140306","Unclean or degraded floors walls or ceilings  [ date violation corrected: 12/2/2014 ]"

325,"20140306","Moderate risk food holding temperature   [ date violation corrected: 12/2/2014 ]"

325,"20140306","Unclean nonfood contact surfaces  [ date violation corrected: 12/2/2014 ]"

325,"20131001","Moderate risk vermin infestation  [ date violation corrected: 3/3/2014 ]"

325,"20131001","Unclean nonfood contact surfaces  [ date violation corrected: 3/3/2014 ]"

325,"20131001","Unclean or degraded floors walls or ceilings  [ date violation corrected: 3/3/2014 ]"

325,"20130710","Moderate risk vermin infestation  [ date violation corrected: 9/30/2013 ]"

325,"20130710","Inadequate and inaccessible handwashing facilities  [ date violation corrected: 9/30/2013 ]"

325,"20130710","Unclean or degraded floors walls or ceilings  [ date violation corrected: 9/30/2013 ]"

325,"20130710","Unclean nonfood contact surfaces  [ date violation corrected: 9/30/2013 ]"

326,"20140522","Unclean or degraded floors walls or ceilings"

326,"20140522","Foods not protected from contamination"

326,"20140522","Permit license or inspection report not posted"

326,"20140522","Moderate risk vermin infestation"

326,"20131203","Wiping cloths not clean or properly stored or inadequate sanitizer  [ date violation corrected: 3/18/2014 ]"

326,"20131203","Improper thawing methods   [ date violation corrected: 3/18/2014 ]"

326,"20131203","High risk vermin infestation  [ date violation corrected: 12/3/2013 ]"

326,"20131203","Foods not protected from contamination  [ date violation corrected: 3/18/2014 ]"

326,"20131203","Inadequate food safety knowledge or lack of certified food safety manager  [ date violation corrected: 3/18/2014 ]"

328,"20160105","Improper storage use or identification of toxic substances  [ date violation corrected: 4/1/2016 ]"

328,"20160105","Moderate risk vermin infestation  [ date violation corrected: 4/1/2016 ]"

328,"20160105","Inadequate and inaccessible handwashing facilities  [ date violation corrected: 4/1/2016 ]"

328,"20140305","Food safety certificate or food handler card not available  [ date violation corrected: 1/5/2016 ]"

328,"20140305","Unclean nonfood contact surfaces  [ date violation corrected: 1/5/2016 ]"

328,"20140305","Unclean or degraded floors walls or ceilings  [ date violation corrected: 1/5/2016 ]"

328,"20131010","Moderate risk food holding temperature   [ date violation corrected: 3/3/2014 ]"

328,"20131010","Unclean nonfood contact surfaces  [ date violation corrected: 3/3/2014 ]"

328,"20131010","Unclean or degraded floors walls or ceilings  [ date violation corrected: 3/3/2014 ]"

335,"20160217","Permit license or inspection report not posted"

335,"20160217","Unclean or degraded floors walls or ceilings"

335,"20160217","High risk vermin infestation  [ date violation corrected: 2/17/2016 ]"

335,"20160217","Wiping cloths not clean or properly stored or inadequate sanitizer"

335,"20160217","Inadequate and inaccessible handwashing facilities"

335,"20160217","Foods not protected from contamination  [ date violation corrected: 2/17/2016 ]"

335,"20150401","Inadequate and inaccessible handwashing facilities  [ date violation corrected: 2/17/2016 ]"

335,"20150401","Inadequately cleaned or sanitized food contact surfaces  [ date violation corrected: 2/17/2016 ]"

335,"20150401","Inadequate food safety knowledge or lack of certified food safety manager  [ date violation corrected: 2/17/2016 ]"

335,"20150401","Improper food storage  [ date violation corrected: 2/17/2016 ]"

335,"20150401","Moderate risk food holding temperature   [ date violation corrected: 2/17/2016 ]"

335,"20150401","Permit license or inspection report not posted  [ date violation corrected: 2/17/2016 ]"

335,"20150401","Foods not protected from contamination  [ date violation corrected: 2/17/2016 ]"

335,"20140306","High risk food holding temperature   [ date violation corrected: 4/1/2015 ]"

335,"20140306","Inadequately cleaned or sanitized food contact surfaces  [ date violation corrected: 5/7/2014 ]"

335,"20140306","Permit license or inspection report not posted  [ date violation corrected: 5/7/2014 ]"

335,"20140306","Unclean or degraded floors walls or ceilings  [ date violation corrected: 5/7/2014 ]"

335,"20140306","Unclean nonfood contact surfaces  [ date violation corrected: 5/7/2014 ]"

335,"20140306","Foods not protected from contamination  [ date violation corrected: 5/7/2014 ]"

335,"20130617","Inadequate and inaccessible handwashing facilities  [ date violation corrected: 6/25/2013 ]"

335,"20130617","High risk vermin infestation  [ date violation corrected: 7/3/2013 ]"

335,"20130617","Improper food storage  [ date violation corrected: 6/25/2013 ]"

335,"20130617","Unclean or degraded floors walls or ceilings  [ date violation corrected: 6/25/2013 ]"

335,"20130617","Permit license or inspection report not posted  [ date violation corrected: 6/25/2013 ]"

335,"20130617","Unclean nonfood contact surfaces  [ date violation corrected: 6/25/2013 ]"

335,"20130617","Moderate risk food holding temperature   [ date violation corrected: 6/25/2013 ]"

335,"20130617","Inadequately cleaned or sanitized food contact surfaces  [ date violation corrected: 6/25/2013 ]"

335,"20130617","Improper cooling methods  [ date violation corrected: 6/19/2013 ]"

337,"20140402","Improper storage of equipment utensils or linens"

337,"20140402","Low risk vermin infestation"

337,"20140402","Unclean nonfood contact surfaces"

337,"20130624","Improper cooling methods  [ date violation corrected: 4/2/2014 ]"

337,"20130624","Moderate risk food holding temperature   [ date violation corrected: 4/2/2014 ]"

337,"20130624","Unclean or unsanitary food contact surfaces  [ date violation corrected: 4/2/2014 ]"

337,"20130624","Inadequate food safety knowledge or lack of certified food safety manager  [ date violation corrected: 4/2/2014 ]"

379,"20140317","Low risk vermin infestation  [ date violation corrected: 3/17/2014 ]"

379,"20140317","Unclean nonfood contact surfaces  [ date violation corrected: 3/24/2014 ]"

379,"20140317","High risk food holding temperature   [ date violation corrected: 3/17/2014 ]"

379,"20131118","High risk food holding temperature   [ date violation corrected: 11/18/2013 ]"

379,"20131118","Unclean nonfood contact surfaces  [ date violation corrected: 12/4/2013 ]"

379,"20131118","Low risk vermin infestation  [ date violation corrected: 12/4/2013 ]"

379,"20131118","Unclean or unsanitary food contact surfaces  [ date violation corrected: 12/4/2013 ]"

379,"20131118","Improper food storage  [ date violation corrected: 12/4/2013 ]"

383,"20140822","Moderate risk food holding temperature   [ date violation corrected: 2/23/2015 ]"

383,"20140822","Inadequate food safety knowledge or lack of certified food safety manager  [ date violation corrected: 2/23/2015 ]"

383,"20140822","Wiping cloths not clean or properly stored or inadequate sanitizer  [ date violation corrected: 2/23/2015 ]"

383,"20140822","Improper storage of equipment utensils or linens  [ date violation corrected: 2/23/2015 ]"

383,"20130919","Low risk vermin infestation  [ date violation corrected: 9/30/2013 ]"

383,"20130919","Foods not protected from contamination  [ date violation corrected: 9/30/2013 ]"

383,"20130919","Unclean nonfood contact surfaces  [ date violation corrected: 9/30/2013 ]"

384,"20140506","Inadequately cleaned or sanitized food contact surfaces"

384,"20140506","Inadequate warewashing facilities or equipment"

384,"20140506","Wiping cloths not clean or properly stored or inadequate sanitizer"

384,"20140506","Inadequate ventilation or lighting"

384,"20140506","Unclean nonfood contact surfaces"

384,"20130722","Inadequate ventilation or lighting  [ date violation corrected: 5/6/2014 ]"

384,"20130722","No thermometers or uncalibrated thermometers   [ date violation corrected: 5/6/2014 ]"

384,"20130722","Unclean nonfood contact surfaces  [ date violation corrected: 5/6/2014 ]"

385,"20150410","Inadequate food safety knowledge or lack of certified food safety manager"

385,"20150410","Unclean nonfood contact surfaces"

385,"20150410","Wiping cloths not clean or properly stored or inadequate sanitizer  [ date violation corrected: 4/10/2015 ]"

385,"20150410","Improper storage of equipment utensils or linens  [ date violation corrected: 4/10/2015 ]"

385,"20140306","Inadequate and inaccessible handwashing facilities  [ date violation corrected: 3/6/2014 ]"

385,"20140306","Unclean or degraded floors walls or ceilings  [ date violation corrected: 4/10/2015 ]"

385,"20140306","Unapproved or unmaintained equipment or utensils  [ date violation corrected: 4/10/2015 ]"

385,"20140306","Unclean nonfood contact surfaces  [ date violation corrected: 4/10/2015 ]"

386,"20160429","Improper food storage"

386,"20160429","Inadequate or unsanitary refuse containers or area or no garbage service"

386,"20160429","Inadequate and inaccessible handwashing facilities"

386,"20160429","Unapproved or unmaintained equipment or utensils"

386,"20160429","Wiping cloths not clean or properly stored or inadequate sanitizer"

386,"20160429","Inadequate ventilation or lighting"

386,"20160429","Unclean nonfood contact surfaces"

386,"20160429","Unclean or degraded floors walls or ceilings"

386,"20160127","Unclean nonfood contact surfaces  [ date violation corrected: 4/25/2016 ]"

386,"20160127","Wiping cloths not clean or properly stored or inadequate sanitizer  [ date violation corrected: 4/25/2016 ]"

386,"20160127","Unclean or degraded floors walls or ceilings  [ date violation corrected: 4/25/2016 ]"

386,"20160127","Inadequate and inaccessible handwashing facilities  [ date violation corrected: 4/25/2016 ]"

386,"20141024","Improper cooling methods  [ date violation corrected: 1/12/2016 ]"

386,"20141024","Unclean nonfood contact surfaces  [ date violation corrected: 1/12/2016 ]"

386,"20141024","Inadequately cleaned or sanitized food contact surfaces  [ date violation corrected: 1/12/2016 ]"

386,"20141024","Moderate risk vermin infestation  [ date violation corrected: 1/12/2016 ]"

386,"20140424","Unclean nonfood contact surfaces  [ date violation corrected: 10/1/2014 ]"

386,"20140424","Moderate risk vermin infestation  [ date violation corrected: 10/1/2014 ]"

386,"20140424","Inadequate food safety knowledge or lack of certified food safety manager  [ date violation corrected: 10/1/2014 ]"

386,"20130827","Other low risk violation  [ date violation corrected: 9/3/2013 ]"

386,"20130827","Inadequate and inaccessible handwashing facilities  [ date violation corrected: 9/3/2013 ]"

386,"20130827","Moderate risk vermin infestation  [ date violation corrected: 9/3/2013 ]"

386,"20130827","High risk food holding temperature   [ date violation corrected: 8/27/2013 ]"

393,"20150707","Food safety certificate or food handler card not available"

393,"20150707","Inadequate and inaccessible handwashing facilities  [ date violation corrected: 7/7/2015 ]"

393,"20150707","Unclean nonfood contact surfaces"

393,"20150707","Inadequate warewashing facilities or equipment"

393,"20140625","Inadequate warewashing facilities or equipment  [ date violation corrected: 8/7/2014 ]"

393,"20140625","Inadequately cleaned or sanitized food contact surfaces  [ date violation corrected: 8/7/2014 ]"

393,"20131223","Inadequate food safety knowledge or lack of certified food safety manager  [ date violation corrected: 6/25/2014 ]"

393,"20131223","Unclean nonfood contact surfaces  [ date violation corrected: 6/25/2014 ]"

395,"20140123","No thermometers or uncalibrated thermometers   [ date violation corrected: 7/3/2014 ]"

395,"20140123","No thermometers or uncalibrated thermometers   [ date violation corrected: 1/24/2014 ]"

397,"20140624","Inadequately cleaned or sanitized food contact surfaces"

400,"20140613","Moderate risk vermin infestation"

400,"20140613","Unclean nonfood contact surfaces"

403,"20150723","Foods not protected from contamination"

403,"20150723","Unclean or degraded floors walls or ceilings"

403,"20150723","Wiping cloths not clean or properly stored or inadequate sanitizer"

403,"20150723","Inadequate and inaccessible handwashing facilities"

403,"20150723","Unclean or unsanitary food contact surfaces"

403,"20140530","Unclean or unsanitary food contact surfaces  [ date violation corrected: 5/30/2014 ]"

403,"20140530","Unclean nonfood contact surfaces  [ date violation corrected: 7/23/2015 ]"

403,"20140530","Inadequate and inaccessible handwashing facilities  [ date violation corrected: 7/23/2015 ]"

403,"20140530","Inadequate warewashing facilities or equipment  [ date violation corrected: 7/23/2015 ]"

403,"20131127","Inadequate food safety knowledge or lack of certified food safety manager  [ date violation corrected: 11/27/2013 ]"

403,"20131127","Unclean nonfood contact surfaces  [ date violation corrected: 5/30/2014 ]"

403,"20130528","Unclean hands or improper use of gloves  [ date violation corrected: 5/28/2013 ]"

403,"20130528","Unclean nonfood contact surfaces  [ date violation corrected: 11/27/2013 ]"

409,"20150414","Improper or defective plumbing"

413,"20140627","Unclean or degraded floors walls or ceilings"

413,"20140627","Unclean hands or improper use of gloves"

413,"20140627","Moderate risk food holding temperature "

413,"20130917","Inadequate and inaccessible handwashing facilities  [ date violation corrected: 6/27/2014 ]"

413,"20130917","Improper storage of equipment utensils or linens  [ date violation corrected: 6/27/2014 ]"

413,"20130917","Wiping cloths not clean or properly stored or inadequate sanitizer  [ date violation corrected: 6/27/2014 ]"

413,"20130917","Moderate risk food holding temperature   [ date violation corrected: 6/27/2014 ]"

413,"20130917","Foods not protected from contamination  [ date violation corrected: 6/27/2014 ]"

415,"20150903","Inadequate dressing rooms or improper storage of personal items  [ date violation corrected: 9/24/2015 ]"

415,"20150903","Unauthorized or unsafe use of time as a public health control measure  [ date violation corrected: 9/3/2015 ]"

415,"20150903","Unclean or degraded floors walls or ceilings  [ date violation corrected: 9/24/2015 ]"

415,"20150903","Improper food storage  [ date violation corrected: 9/24/2015 ]"

415,"20140729","Inadequately cleaned or sanitized food contact surfaces  [ date violation corrected: 8/5/2014 ]"

415,"20140729","High risk food holding temperature   [ date violation corrected: 8/5/2014 ]"

415,"20140729","Improper food storage  [ date violation corrected: 8/5/2014 ]"

415,"20140124","Inadequate and inaccessible handwashing facilities  [ date violation corrected: 7/29/2014 ]"

415,"20140124","Improper food storage  [ date violation corrected: 7/29/2014 ]"

415,"20140124","High risk food holding temperature   [ date violation corrected: 7/29/2014 ]"

415,"20140124","Inadequately cleaned or sanitized food contact surfaces  [ date violation corrected: 7/29/2014 ]"

420,"20160513","Moderate risk vermin infestation"

420,"20160513","Unclean nonfood contact surfaces"

420,"20160504","Moderate risk food holding temperature   [ date violation corrected: 5/13/2016 ]"

420,"20160504","Inadequate and inaccessible handwashing facilities  [ date violation corrected: 5/13/2016 ]"

420,"20160504","Moderate risk vermin infestation  [ date violation corrected: 5/13/2016 ]"

420,"20160504","Inadequate warewashing facilities or equipment  [ date violation corrected: 5/13/2016 ]"

420,"20160504","No thermometers or uncalibrated thermometers   [ date violation corrected: 5/13/2016 ]"

420,"20160504","Unclean nonfood contact surfaces  [ date violation corrected: 5/13/2016 ]"

420,"20160504","Unclean or degraded floors walls or ceilings  [ date violation corrected: 5/13/2016 ]"

420,"20160504","Food safety certificate or food handler card not available  [ date violation corrected: 5/13/2016 ]"

420,"20150108","High risk food holding temperature   [ date violation corrected: 5/4/2016 ]"

420,"20150108","Permit license or inspection report not posted  [ date violation corrected: 5/4/2016 ]"

420,"20150108","Unclean or unsanitary food contact surfaces  [ date violation corrected: 5/4/2016 ]"

420,"20150108","Improper food storage  [ date violation corrected: 5/4/2016 ]"

420,"20150108","Moderate risk vermin infestation  [ date violation corrected: 3/24/2015 ]"

420,"20150108","Unclean or degraded floors walls or ceilings  [ date violation corrected: 3/24/2015 ]"

420,"20150108","Unapproved or unmaintained equipment or utensils  [ date violation corrected: 5/4/2016 ]"

420,"20150108","Unclean nonfood contact surfaces  [ date violation corrected: 3/24/2015 ]"

420,"20140520","Wiping cloths not clean or properly stored or inadequate sanitizer  [ date violation corrected: 5/27/2014 ]"

420,"20140520","Low risk vermin infestation  [ date violation corrected: 5/27/2014 ]"

420,"20140520","Food safety certificate or food handler card not available  [ date violation corrected: 5/27/2014 ]"

420,"20140520","Improper storage of equipment utensils or linens  [ date violation corrected: 5/27/2014 ]"

420,"20140520","Unclean nonfood contact surfaces  [ date violation corrected: 5/27/2014 ]"

420,"20140520","Permit license or inspection report not posted  [ date violation corrected: 5/27/2014 ]"

420,"20140520","Improper or defective plumbing  [ date violation corrected: 5/27/2014 ]"

421,"20141021","Unclean or degraded floors walls or ceilings  [ date violation corrected: 11/3/2014 ]"

421,"20141021","Unapproved or unmaintained equipment or utensils  [ date violation corrected: 11/3/2014 ]"

421,"20141021","Moderate risk food holding temperature   [ date violation corrected: 11/3/2014 ]"

421,"20141021","Improper or defective plumbing  [ date violation corrected: 11/3/2014 ]"

421,"20141021","Unclean or unsanitary food contact surfaces  [ date violation corrected: 11/3/2014 ]"

421,"20141021","Unclean nonfood contact surfaces  [ date violation corrected: 11/3/2014 ]"

421,"20141021","Food safety certificate or food handler card not available  [ date violation corrected: 11/3/2014 ]"

422,"20150918","Moderate risk vermin infestation  [ date violation corrected: 10/1/2015 ]"

422,"20150918","Improper food storage  [ date violation corrected: 10/1/2015 ]"

422,"20150918","Unapproved or unmaintained equipment or utensils  [ date violation corrected: 10/1/2015 ]"

422,"20140626","Permit license or inspection report not posted  [ date violation corrected: 9/18/2015 ]"

422,"20140626","Improper food storage  [ date violation corrected: 9/18/2015 ]"

422,"20140626","Permit license or inspection report not posted  [ date violation corrected: 9/18/2015 ]"

422,"20140626","Unclean nonfood contact surfaces  [ date violation corrected: 9/18/2015 ]"

422,"20140626","Moderate risk vermin infestation  [ date violation corrected: 9/18/2015 ]"

422,"20140626","Inadequate warewashing facilities or equipment  [ date violation corrected: 9/18/2015 ]"

422,"20131119","Unclean nonfood contact surfaces  [ date violation corrected: 6/26/2014 ]"

422,"20131119","High risk vermin infestation  [ date violation corrected: 6/26/2014 ]"

422,"20131119","Foods not protected from contamination  [ date violation corrected: 6/26/2014 ]"

422,"20131119","Inadequately cleaned or sanitized food contact surfaces  [ date violation corrected: 6/26/2014 ]"

422,"20131119","Improper or defective plumbing  [ date violation corrected: 6/26/2014 ]"

422,"20131119","Unapproved or unmaintained equipment or utensils  [ date violation corrected: 6/26/2014 ]"

422,"20131119","Insufficient hot water or running water  [ date violation corrected: 6/26/2014 ]"

423,"20141209","Improper cooling methods"

423,"20141209","Moderate risk food holding temperature "

423,"20141209","Unapproved or unmaintained equipment or utensils"

423,"20141209","Inadequate ventilation or lighting"

423,"20140716","Moderate risk food holding temperature   [ date violation corrected: 7/25/2014 ]"

423,"20140716","Unclean nonfood contact surfaces  [ date violation corrected: 7/25/2014 ]"

423,"20140716","Moderate risk vermin infestation  [ date violation corrected: 7/25/2014 ]"

423,"20140716","Improper storage of equipment utensils or linens  [ date violation corrected: 7/25/2014 ]"

423,"20131001","Unclean or degraded floors walls or ceilings  [ date violation corrected: 10/11/2013 ]"

423,"20131001","Food in poor condition  [ date violation corrected: 10/11/2013 ]"

423,"20131001","High risk food holding temperature   [ date violation corrected: 10/11/2013 ]"

423,"20131001","Inadequately cleaned or sanitized food contact surfaces  [ date violation corrected: 10/11/2013 ]"

423,"20131001","Moderate risk vermin infestation  [ date violation corrected: 10/11/2013 ]"

423,"20131001","Improper or defective plumbing  [ date violation corrected: 10/11/2013 ]"

423,"20130628","Unclean or degraded floors walls or ceilings  [ date violation corrected: 7/8/2013 ]"

423,"20130628","Unclean nonfood contact surfaces  [ date violation corrected: 7/8/2013 ]"

424,"20150505","Improper storage use or identification of toxic substances  [ date violation corrected: 6/3/2015 ]"

424,"20150505","Insufficient hot water or running water  [ date violation corrected: 6/3/2015 ]"

424,"20150505","Inadequate food safety knowledge or lack of certified food safety manager  [ date violation corrected: 6/3/2015 ]"

424,"20150505","High risk food holding temperature   [ date violation corrected: 6/3/2015 ]"

424,"20150505","Unapproved or unmaintained equipment or utensils  [ date violation corrected: 6/3/2015 ]"

424,"20140410","Unclean or degraded floors walls or ceilings  [ date violation corrected: 5/5/2015 ]"

424,"20140410","Moderate risk vermin infestation  [ date violation corrected: 5/5/2015 ]"

424,"20130821","Unclean or degraded floors walls or ceilings  [ date violation corrected: 9/27/2013 ]"

424,"20130821","Moderate risk vermin infestation  [ date violation corrected: 9/27/2013 ]"

429,"20150223","Moderate risk food holding temperature   [ date violation corrected: 3/24/2015 ]"

429,"20150223","Unclean or degraded floors walls or ceilings  [ date violation corrected: 3/24/2015 ]"

429,"20150223","Moderate risk vermin infestation  [ date violation corrected: 2/26/2015 ]"

429,"20150223","Unclean nonfood contact surfaces  [ date violation corrected: 2/26/2015 ]"

429,"20150223","Inadequately cleaned or sanitized food contact surfaces  [ date violation corrected: 2/26/2015 ]"

429,"20150223","Improper food storage  [ date violation corrected: 2/26/2015 ]"

429,"20140521","Improper storage of equipment utensils or linens  [ date violation corrected: 2/23/2015 ]"

429,"20140521","Unclean or degraded floors walls or ceilings  [ date violation corrected: 2/23/2015 ]"

429,"20140521","Unclean nonfood contact surfaces  [ date violation corrected: 2/23/2015 ]"

429,"20140521","Wiping cloths not clean or properly stored or inadequate sanitizer  [ date violation corrected: 2/23/2015 ]"

430,"20150114","Inadequately cleaned or sanitized food contact surfaces"

430,"20150114","Moderate risk food holding temperature "

430,"20150114","Improper or defective plumbing"

430,"20150114","Inadequate and inaccessible handwashing facilities"

430,"20140522","Unclean nonfood contact surfaces  [ date violation corrected: 1/14/2015 ]"

430,"20140522","Unclean hands or improper use of gloves  [ date violation corrected: 1/14/2015 ]"

431,"20141119","Unclean or degraded floors walls or ceilings  [ date violation corrected: 1/12/2015 ]"

431,"20141119","High risk vermin infestation  [ date violation corrected: 1/12/2015 ]"

431,"20131029","Unclean or degraded floors walls or ceilings  [ date violation corrected: 11/19/2014 ]"

435,"20151028","Inadequate or unsanitary refuse containers or area or no garbage service"

435,"20151028","Inadequately cleaned or sanitized food contact surfaces"

435,"20151028","Low risk vermin infestation"

435,"20140827","Inadequately cleaned or sanitized food contact surfaces  [ date violation corrected: 10/28/2015 ]"

435,"20140108","Wiping cloths not clean or properly stored or inadequate sanitizer  [ date violation corrected: 8/27/2014 ]"

435,"20140108","Unclean nonfood contact surfaces  [ date violation corrected: 8/27/2014 ]"

435,"20140108","Permit license or inspection report not posted  [ date violation corrected: 8/27/2014 ]"

436,"20141021","Improper cooling methods  [ date violation corrected: 11/17/2014 ]"

436,"20141021","Improper or defective plumbing  [ date violation corrected: 11/3/2014 ]"

436,"20141021","Food safety certificate or food handler card not available  [ date violation corrected: 11/17/2014 ]"

436,"20141021","Inadequate and inaccessible handwashing facilities  [ date violation corrected: 11/3/2014 ]"

436,"20141021","Moderate risk food holding temperature   [ date violation corrected: 11/17/2014 ]"

436,"20130925","Improper storage of equipment utensils or linens  [ date violation corrected: 10/21/2014 ]"

436,"20130925","Foods not protected from contamination  [ date violation corrected: 10/21/2014 ]"

436,"20130925","Unclean hands or improper use of gloves  [ date violation corrected: 9/25/2013 ]"

438,"20160321","Unapproved or unmaintained equipment or utensils"

438,"20160321","Improper storage of equipment utensils or linens"

438,"20160321","Permit license or inspection report not posted"

438,"20160321","Improper storage use or identification of toxic substances"

438,"20160321","Unclean or degraded floors walls or ceilings"

438,"20150421","Inadequately cleaned or sanitized food contact surfaces  [ date violation corrected: 3/21/2016 ]"

438,"20150421","High risk vermin infestation  [ date violation corrected: 3/21/2016 ]"

438,"20130710","Inadequate food safety knowledge or lack of certified food safety manager  [ date violation corrected: 4/21/2015 ]"

438,"20130710","Inadequate and inaccessible handwashing facilities  [ date violation corrected: 4/21/2015 ]"

438,"20130710","Moderate risk vermin infestation  [ date violation corrected: 4/21/2015 ]"

442,"20160308","Inadequately cleaned or sanitized food contact surfaces  [ date violation corrected: 3/16/2016 ]"

442,"20160308","Moderate risk food holding temperature   [ date violation corrected: 3/16/2016 ]"

442,"20160308","Unapproved or unmaintained equipment or utensils  [ date violation corrected: 3/16/2016 ]"

442,"20160308","Unclean or degraded floors walls or ceilings  [ date violation corrected: 3/16/2016 ]"
