business_id,name,address,city,state,postal_code

PR0001972,"ARBY'S","1406 W 6TH ST ",Corona,CA,92882-

PR0001977,"BAKER'S BURGERS","13110 MAGNOLIA AVE ",Corona,CA,92879-

PR0001981,"BUDGET KING MEATS","415 E 6TH ST ",Corona,CA,92879-

PR0001983,"PETER'S BURGERS","923 W 6TH ST ",Corona,CA,92882-

PR0001988,"CARL'S JR.","23740 TEMESCAL CANYON RD ",Corona,CA,92883-

PR0001989,"CARL'S JR. #700","1865 W 6TH ST ",Corona,CA,92879-

PR0001990,"CARL'S JR. #735","1199 MAGNOLIA AVE ",Corona,CA,92881-

PR0001991,"CARL'S JR #810","2199 SAMPSON AVE ",Corona,CA,92879-

PR0001992,"GRANITE PLACE","101 GRANITE ST Ste.A",Corona,CA,92879-

PR0001999,"CHUCK E. CHEESE'S #407","191 MCKINLEY ST ",Corona,CA,92879-

PR0002000,"CHUCK WAGON","1070 E 6TH ST ",Corona,CA,92879-

PR0002020,"AYRES INN","2260 GRIFFIN WAY ",Corona,CA,92879-

PR0002026,"DEL TACO #248","310 N MCKINLEY ST ",Corona,CA,92879-

PR0002028,"DEL TACO #4","103 E 3RD ST ",Corona,CA,928780045-

PR0002030,"DENNY'S RESTAURANT","165 N MCKINLEY ST ",Corona,CA,92879-

PR0002031,"DALIA'S PIZZA MARKET","1411 S RIMPAU AVE #104",Corona,CA,92879-

PR0002032,"RESTAURANT MEXICO LINDO","1340 SIXTH ST ",Corona,CA,92882-

PR0002036,"DONUT STAR","503 E 6TH ST ",Corona,CA,92879-

PR0002037,"DONUT STAR","131 MCKINLEY ST ",Corona,CA,92879-

PR0002038,"DONUT STAR","1222 MAGNOLIA AVE ",Corona,CA,92881-

PR0002039,"SUPER TACO","450 S MAIN ST ",Corona,CA,92882-

PR0002040,"MARISCOLANDIA RESTAURANT","115 MCKINLEY ST #101",Corona,CA,92879-

PR0002043,"EL TACO LUCAS","401 S LINCOLN AVE Ste.G",Corona,CA,92882-

PR0002047,"ELK'S CLUB #2045","912 E 6TH ST ",Corona,CA,92879-

PR0002053,"ANTHONY'S PIZZA AND PASTA","13100 MAGNOLIA AVE STE.H",Corona,CA,92879-

PR0002055,"GLEN IVY HOT SPRINGS","25000 GLEN IVY RD ",Corona,CA,92883-

PR0002059,"CHINA GARDEN EXPRESS","2681 GREEN RIVER DR 102 ",Corona,CA,92882-

PR0002061,"HONG KONG RESTAURANT","1370 W 6TH ST ",Corona,CA,92879-

PR0002065,"JACK IN THE BOX #360","1501 W 6TH ST ",Corona,CA,92882-

PR0002072,"MARCELLO'S PIZZA","691 S MAIN ST ",Corona,CA,92882-

PR0002073,"TUDY'S RESTAURANT","1027 W 6TH ST ",Corona,CA,92882-

PR0002074,"JUGOS VALLARTA","675 E GRAND BLVD ",Corona,CA,92882-

PR0002075,"MAYA'S CAFE","13627 MAGNOLIA AVE ",Corona,CA,92879-

PR0002079,"KOPPUR LANTERN LIQUORS","1463 W 6TH ST ",Corona,CA,92882-

PR0002081,"KRISTY DONUTS","1264 BORDER AVE ",Corona,CA,92882-

PR0002087,"LITTLE CAESAR'S PIZZA #5902","1501 RIMPAU AVE #102",Corona,CA,92881-

PR0002089,"LUCKY GREEK","3852 MCKINLEY ST ",Corona,CA,92876-

PR0002092,"MCDONALD'S","400 MCKINLEY ST ",Corona,CA,92879-

PR0002093,"MCDONALD'S","1215 MAGNOLIA AVE ",Corona,CA,92881-

PR0002094,"MCDONALD'S #4869","310 S LINCOLN AVE ",Corona,CA,92882-

PR0002095,"MICHELLE'S","1330 W 6TH ST ",Corona,CA,92882-

PR0002096,"MIGUEL'S JR.","1039 W 6TH ST ",Corona,CA,92882-

PR0002097,"MIGUEL'S JR. HOMESTYLE MEXICAN FOOD","1570 W 6TH ST ",Corona,CA,92882-

PR0002098,"MIMI'S CAFE  #19","2230 GRIFFIN WAY ",Corona,CA,92879-

PR0002101,"MR. BLUE'S DONUTS","401 LINCOLN AVE F",Corona,CA,92882-

PR0002112,"JUAN POLLO CORONA INC","1277 W 6TH ST STE.F",Corona,CA,92882-

PR0002122,"SAM'S MOBIL","1580 W 6TH ST ",Corona,CA,92882-

PR0002127,"SILVER DOLLAR PANCAKE HOUSE","710 E 6TH ST ",Corona,CA,92879-

PR0002128,"SIZZLER RESTAURANT","1461 RIMPAU AVE ",Corona,CA,92881-

PR0002138,"SUBWAY #7556","300 MCKINLEY ST ",Corona,CA,92879-

PR0002139,"SUBWAY #7329","1222 MAGNOLIA AVE ",Corona,CA,92881-

PR0002144,"THAI STAR B.B.Q.","3848 MCKINLEY ST M",Corona,CA,92879-

PR0002151,"TOGO'S EATERY","650 S LINCOLN AVE #107",Corona,CA,92882-

PR0002152,"TOM'S FARMS CHEESE & WINE SHOP","23900 TEMESCAL CANYON RD ",Corona,CA,92883-

PR0002154,"EDUARDO'S MEXICAN RESTAURANT","513 W 6TH ST ",Corona,CA,92882-

PR0002163,"90 SUPER MARKET","10051 MAGNOLIA AVE ",Riverside,CA,92503-

PR0002169,"ANCHOS SOUTHWEST GRILL & BAR","10773 HOLE AVE ",Riverside,CA,92505-

PR0002170,"ARBY'S","10160 HOLE AVE ",Riverside,CA,92503-

PR0002174,"KOREANA GRILL","10051 MAGNOLIA AVE ",Riverside,CA,92503-

PR0002182,"EVENTS SPORTS GRILL","10560 MAGNOLIA AVE A",Riverside,CA,92505-

PR0002183,"BURGER KING","3630 TYLER ST ",Riverside,CA,92503-

PR0002184,"Snack Shack","3500 POLK ST ",Riverside,CA,92505-

PR0002188,"TACO TIO/NY PIZZA","3570 VAN BUREN BLVD ",Riverside,CA,92503-

PR0002190,"CAFE NORDSTROM","3601 GALLERIA TYLER ",Riverside,CA,92503-

PR0002191,"NORDSTROM ESPRESSO BAR","3601 GALLERIA TYLER ",Riverside,CA,92503-

PR0002195,"CASTLE PARK CAFE","3500 POLK ST ",Riverside,CA,92505-

PR0002196,"CASTLE PARK","3500 POLK ST ",Riverside,CA,92505-

PR0002197,"DENNY'S RESTAURANT #6864","6875 VALLEY WAY ",Riverside,CA,92509-

PR0002198,"CHEN LING PALACE","9856 MAGNOLIA AVE ",Riverside,CA,92503-

PR0002205,"ICE TOWN SNACK BAR","10540 MAGNOLIA AVE A",Riverside,CA,92505-

PR0002207,"DEL TACO #346","10494 MAGNOLIA AVE ",Riverside,CA,92505-

PR0002208,"DEL TACO #398","3199 VAN BUREN BLVD ",Riverside,CA,92503-

PR0002210,"DEL TACO #229","4740 LA SIERRA AVE ",Riverside,CA,92505-

PR0002213,"DOMINO'S PIZZA","11170 MAGNOLIA AVE ",Riverside,CA,92506-

PR0002214,"DON JOSE RESTAURANT","3848 LA SIERRA AVE ",Riverside,CA,92503-

PR0002216,"DRAGON HOUSE","10466 MAGNOLIA AVE ",Riverside,CA,92505-

PR0002217,"EARLY BIRD CAFE","220 S LYON ",Hemet,CA,92543-

PR0002218,"EL POLLO LOCO #5910","3740 LA SIERRA AVE ",Riverside,CA,92505-

PR0002219,"BRANDON'S DINER #3","10271 MAGNOLIA AVE ",Riverside,CA,92503-

PR0002223,"SIMPLE SIMON'S","3639 MAIN ST ",Riverside,CA,92501-

PR0002226,"GEORGE'S DRIVE INN","9910 MAGNOLIA AVE ",Riverside,CA,92503-

PR0002230,"MCDONALD'S MURRIETA","25280 MADISON AVE ",Murrieta,CA,92562-

PR0002231,"MARISCOS ESPINOZA RIVERSIDE #8","10165 HOLE AVE ",Riverside,CA,92503-

PR0002233,"JOHNNY'S BURGER","4825 LA SIERRA AVE ",Riverside,CA,92505-

PR0002234,"CHINA WOK INN","3866 LA SIERRA AVE ",Riverside,CA,92505-

PR0002238,"JACK IN THE BOX","3981 TYLER ST ",Riverside,CA,92503-

PR0002243,"MAGNOLIA CAFE","10800 MAGNOLIA AVE ",Riverside,CA,92505-

PR0002246,"JOE'S SUSHI RESTAURANT","9555 MAGNOLIA AVE ",Riverside,CA,92503-

PR0002247,"KOREAN BBQ HOUSE","9844 MAGNOLIA AVE ",Riverside,CA,92503-

PR0002248,"KOUNTRY FOLKS HOMESTYLE  RESTAURANT","3653 LA SIERRA AVE ",Riverside,CA,92505-

PR0002249,"KRAZY GREEK BURGERS","10501 HOLE AVE ",Riverside,CA,92505-

PR0002258,"OASIS VEGETARIAN CAFE","11550 PIERCE ST ",Riverside,CA,92505-

PR0002260,"LAWS LUNCH AND DINNER, INC.","9640 INDIANA AVE ",Riverside,CA,92503-

PR0002270,"MCDONALDS RESTAURANT","10141 MAGNOLIA AVE ",Riverside,CA,92503-

PR0002271,"MCDONALD'S #790","2905 VAN BUREN BLVD ",Riverside,CA,92504-

PR0002273,"MR. BLUE'S DONUTS","2995 VAN BUREN BLVD #A-9",Riverside,CA,92503-

PR0002278,"CHINATOWN FAST FOOD","10935 MAGNOLIA AVE ",Riverside,CA,92505-

PR0002281,"PACIFIC MINI MART & SMOKE SHOP","10945 MAGNOLIA AVE ",Riverside,CA,92505-

PR0002283,"RANCHITO TACOS AL CARBON","2995 VAN BUREN BLVD ",Riverside,CA,92503-

PR0002285,"PEKING","11170 MAGNOLIA AVE ",Riverside,CA,92505-

PR0002295,"RAINBOW DONUTS","3400 LA SIERRA AVE ",Riverside,CA,92503-

PR0002296,"RAINBOW DONUTS","3758 LA SIERRA AVE ",Riverside,CA,92505-

PR0002301,"AMF RIVERSIDE LANES","10781 INDIANA AVE ",Riverside,CA,92503-

PR0002303,"ROLLER CITY 2001","10765 MAGNOLIA AVE ",Riverside,CA,92505-

PR0002306,"SEE'S CANDY SHOP","1239 GALLERIA TYLER ",Riverside,CA,92503-

PR0002307,"PUNJAB PALACE","10359 MAGNOLIA AVE ",Riverside,CA,92505-

PR0002308,"DENNY'S","2925 VAN BUREN BLVD ",Riverside,CA,92503-

PR0002318,"ALBERTO'S MEXICAN FOOD","3400 LA SIERRA AVE D",Riverside,CA,92503-

PR0002319,"SWEET FACTORY","1124 GALLERIA TYLER ",Riverside,CA,92503-

PR0002321,"AZUL/GEORGIES ALIBI","369 N PALM CANYON DR ",Palm Springs,CA,92264-

PR0002323,"TACO BELL #3788","10995 MAGNOLIA AVE ",Riverside,CA,92506-

PR0002334,"VAN BUREN DRIVE IN THEATRE","3035 VAN BUREN BLVD ",Riverside,CA,92503-

PR0002338,"WIENERSCHNITZEL #450","3850 LA SIERRA AVE ",Riverside,CA,92505-

PR0002352,"DIANE'S DELI","2900 ADAMS ST ",Riverside,CA,92504-

PR0002354,"AHUMADAS MARKET","7614 EVANS ST ",Riverside,CA,92504-

PR0002356,"AMERICAN DONUTS #1","5555 VAN BUREN BLVD ",Riverside,CA,92503-

PR0002369,"D & D AIRPORT CAFE","6951 FLIGHT RD ",Riverside,CA,92504-

PR0002370,"LORI'S CAFE","17950 VAN BUREN BLVD ",Riverside,CA,92504-

PR0002372,"EL POLLO LOCO #3512","5501 VAN BUREN BLVD ",Riverside,CA,92503-

PR0002375,"CAPONE'S PIZZA","7201 ARLINGTON AVE ",Riverside,CA,92504-

PR0002376,"CARL'S JR. #194","6061 VAN BUREN BLVD ",Riverside,CA,92503-

PR0002379,"LEON'S MEXICAN FOOD","7778 EVANS ST ",Riverside,CA,92504-

PR0002380,"CASA MOTA","8151 ARLINGTON AVE ",Riverside,CA,92503-

PR0002384,"JK MARKET","3264 N MAUDE ST ",Riverside,CA,92506-

PR0002388,"CONCOURSE BOWLING CENTER","7100 ARLINGTON AVE ",Riverside,CA,92503-

PR0002390,"D'CEASARO PIZZA","6160 ARLINGTON AVE ",Riverside,CA,92504-

PR0002393,"DEL TACO #111","5290 ARLINGTON AVE ",Riverside,CA,92504-

PR0002394,"DEL TACO #882","9002 ARLINGTON AVE ",Riverside,CA,92503-

PR0002395,"DEL TACO #370","18990 VAN BUREN BLVD ",Riverside,CA,92508-

PR0002396,"DENNY'S RESTAURANT #0174","3530 MADISON ST ",Riverside,CA,92504-

PR0002401,"DONUT TYME","10320 ARLINGTON AVE ",Riverside,CA,92505-

PR0002402,"THAI BAY CAFE","7549 ARLINGTON AVE ",Riverside,CA,92503-

PR0002408,"EL POLLO LOCO #5587","3487 MADISON ST ",Riverside,CA,92504-

PR0002409,"FARMER BOYS RESTAURANT","16880 VAN BUREN BLVD ",Riverside,CA,92504-

PR0002421,"PEKING EXPRESS","5214 ARLINGTON AVE ",Riverside,CA,92504-

PR0002422,"GOODY'S FOOD STORE","9475 CALIFORNIA AVE ",Riverside,CA,92503-

PR0002424,"ON-A-ROLL CAFE","6446 FREMONT ST ",Riverside,CA,92504-

PR0002433,"HONEY BAKED HAM","5276 ARLINGTON AVE ",Riverside,CA,92504-

PR0002435,"IN-N-OUT BURGER #46","7467 INDIANA AVE ",Riverside,CA,92504-

PR0002438,"FOUNDERS CENTER","3885 JACKSON ST ",Riverside,CA,92503-

PR0002440,"JACK IN THE BOX #345","5126 ARLINGTON AVE ",Riverside,CA,92504-

PR0002443,"JOHNNY'S BURGERS","3394 MADISON ST ",Riverside,CA,92506-

PR0002454,"EL CHAPALA SEAFOOD RESTAURANT","8201 ARLINGTON AVE ",Riverside,CA,92503-

PR0002457,"LIL ABNER'S","17960 VAN BUREN BLVD ",Riverside,CA,92504-

PR0002458,"LINDMAIR BAKERY","9230 MAGNOLIA AVE ",Riverside,CA,92503-

PR0002465,"Castanedas Mex Food","6751 INDIANA AVE ",Riverside,CA,92506-

PR0002470,"MCDONALD'S #790","5425 ARLINGTON AVE ",Riverside,CA,92504-

PR0002481,"GOODY'S KITCHEN","5665 VAN BUREN BLVD A",Riverside,CA,92503-

PR0002483,"N & W DONUTS AND PIZZA","6701 INDIANA AVE ",Riverside,CA,92506-

PR0002484,"CIELITO LINDO","10277 ARLINGTON AVE ",Riverside,CA,92503-

PR0002486,"NIKKO'S BURGERS","9295 MAGNOLIA AVE #112",Riverside,CA,92503-

PR0002488,"OLIVIA'S MEXICAN RESTAURANT","9447 MAGNOLIA AVE ",Riverside,CA,92503-

PR0002489,"DEMATTEO'S","7030 MAGNOLIA AVE ",Riverside,CA,92506-

PR0002499,"CALIFORNIA PIZZA COMPANY","16960 VAN BUREN BLVD ",Riverside,CA,92504-

PR0002501,"MORGAN'S TAVERN","4850 TYLER ST ",Riverside,CA,92503-

PR0002507,"SAINT CATHERINE'S CHURCH","3710 ARLINGTON AVE ",Riverside,CA,92506-

PR0002510,"SHAKEY'S PIZZA PARLOR","5941 VAN BUREN BLVD ",Riverside,CA,92503-

PR0002511,"SKY DIVE LOUNGE","6775 ARLINGTON AVE ",Riverside,CA,92504-

PR0002514,"SOCIAL HALL","4824 JONES AVE ",Riverside,CA,92505-

PR0002524,"TAQUERIA AZTECA","5959 ARLINGTON AVE E ",Riverside,CA,92504-

PR0002525,"THE BAKER'S OVEN & FINE CATERING","6729 INDIANA AVE ",Riverside,CA,92506-

PR0002531,"JUMBO BOWL CAFE","7207 ARLINGTON AVE ",Riverside,CA,92503-

PR0002532,"MEXICAN KITCHEN","17030 VAN BUREN BLVD ",Riverside,CA,92504-

PR0002537,"TONY'S MEXICAN FOOD","10328 ARLINGTON AVE ",Riverside,CA,92505-

PR0002541,"VETERANS OF FOREIGN WARS POST 9223","10303 ARLINGTON AVE ",Riverside,CA,92503-

PR0002556,"YOSHINOYA BEEF BOWL","3501 MADISON ST ",Riverside,CA,92504-

PR0002557,"YUM YUM DONUT","5130 ARLINGTON AVE ",Riverside,CA,92504-

PR0002568,"GRAM'S MISSION BAR-B-QUE","3527 MAIN ST ",Riverside,CA,92501-

PR0002569,"ART'S BAR & GRILL","3357 UNIVERSITY AVE ",Riverside,CA,92501-

PR0002572,"BAKER'S BURGERS #124","5135 JURUPA AVE ",Riverside,CA,92504-

PR0002577,"BUTCH'S GRINDERS","4602 PINE ST ",Riverside,CA,92501-

PR0002580,"CANYON CREST COUNTRY CLUB","975 COUNTRY CLUB DR ",Riverside,CA,92506-

PR0002582,"SUBS & SPUDS","5225 CANYON CREST DR #83A",Riverside,CA,92507-

PR0002583,"CARL'S JR. #202","4282 MARKET ST ",Riverside,CA,92501-

PR0002584,"CARL'S JR. #307","5225 CANYON CREST DR ",Riverside,CA,92507-

PR0002586,"CARLOS LIQUORS","2990 FOURTEENTH ST ",Riverside,CA,92507-

PR0002594,"MR. TACO III","4111 MAIN ST ",Riverside,CA,92501-

PR0002598,"DAIRY QUEEN #25","6665 MAGNOLIA AVE ",Riverside,CA,92506-

PR0002599,"DEL TACO #301","4407 BROCKTON AVE ",Riverside,CA,92501-

PR0002600,"DEL TACO #001","6333 RIVERSIDE AVE ",Riverside,CA,92506-

PR0002601,"DEL TACO #425","3487 ARLINGTON AVE ",Riverside,CA,92506-

PR0002603,"DOMINO'S PIZZA #7850","4012 CHICAGO AVE ",Riverside,CA,92507-

PR0002605,"DONUT TYME","5225 CANYON CREST DR # 72",Riverside,CA,92507-

PR0002607,"DONUT TYME","4608 PINE ST ",Riverside,CA,92501-

PR0002609,"EL SARAPE","4023 MARKET ST ",Riverside,CA,92501-

PR0002610,"EL TRIGO TAQUERIA","4155 PARK AVE ",Riverside,CA,92501-

PR0002611,"ELKS CLUB","6166 BROCKTON AVE ",Riverside,CA,92506-

PR0002615,"PARKVIEW COMMUNITY HOSPITAL","3865 JACKSON ST ",Riverside,CA,92503-

PR0002616,"CAR GAS 4 FOOD MART","2720 14TH ST ",Riverside,CA,92501-

PR0002622,"THE BAJIO MEX GRILL","3760 NINTH ST ",Riverside,CA,92501-

PR0002623,"JACK-IN-THE-BOX #356","3521 CENTRAL AVE ",Riverside,CA,92506-

PR0002624,"JACK-IN-THE-BOX  #379","3434 FOURTEENTH ST ",Riverside,CA,92501-

PR0002627,"BOYS BURGERS #2","3720 SUNNYSIDE DR ",Riverside,CA,92506-

PR0002635,"MONARK ASIAN BISTRO","5225 CANYON CREST DR ",Riverside,CA,92507-

PR0002638,"THE LUCKY GREEK","3887 MERRILL AVE ",Riverside,CA,92506-

PR0002640,"LITTLE GREEN ONIONS RESTAURANT","6723 BROCKTON AVE ",Riverside,CA,92506-

PR0002642,"MARIE CALLENDER PIE SHOP #05","3505 MERRILL AVE ",Riverside,CA,92507-

PR0002643,"RIVERSIDE MARKET BROILER","3525 MERRILL AVE ",Riverside,CA,92506-

PR0002648,"DONUT CITY","6100 MAGNOLIA AVE ",Riverside,CA,92506-

PR0002649,"MISSION INN - MAIN KITCHEN","3649 MISSION INN AVE ",Riverside,CA,92501-

PR0002650,"MISSION INN-PRESIDENT LOUNGE","3649 MISSION INN AVE ",Riverside,CA,92501-

PR0002655,"MR. T'S FAMILY RESTAURANT","4307 MAIN ST ",Riverside,CA,92501-

PR0002662,"PEPITO'S MEXICAN RESTAURANT","6539 MAGNOLIA AVE ",Riverside,CA,92506-

PR0002663,"PIETRO'S ITALIAN CUISINE","6788 BROCKTON AVE ",Riverside,CA,92506-

PR0002664,"CREOLA'S RESTAURANT","1015 ALESSANDRO BLVD ",Riverside,CA,92508-

PR0002666,"ROMANO'S","5225 CANYON CREST DR #60 ",Riverside,CA,92507-

PR0002675,"RIV. COMMUNITY HOSPITAL MAIN","4445 MAGNOLIA AVE ",Riverside,CA,92501-

PR0002676,"RIVERSIDE CITY COLLEGE- CAFETERIA","4800 MAGNOLIA AVE ",Riverside,CA,92506-

PR0002681,"SEE'S CANDY #67","3525 CENTRAL AVE ",Riverside,CA,92506-

PR0002684,"SIRE'S","6440 MAGNOLIA AVE ",Riverside,CA,92506-

PR0002686,"SOUP  SHOPPE","6712 MAGNOLIA AVE ",Riverside,CA,92506-

PR0002688,"SUBWAY","5225 CANYON CREST DR #19",Riverside,CA,92507-

PR0002692,"SU TAQUERIA PARK AVE.","4038 PARK AVE ",Riverside,CA,92507-

PR0002694,"TEEN CHALLENGE","5445 CHICAGO AVE ",Riverside,CA,92507-

PR0002695,"TEMPLE BETH EL","2675 CENTRAL AVE ",Riverside,CA,92506-

PR0002696,"JAMMIN' BREAD","5225 CANYON CREST DR ",Riverside,CA,92507-

PR0002702,"TONY'S MEXICAN FOOD","3870 CHICAGO AVE ",Riverside,CA,92507-

PR0002703,"TOURNAMENT HOUSE RACQUET & FITNESS CLUB","6250 BROCKTON AVE ",Riverside,CA,92506-

PR0002704,"TOWER OF PIZZA","3948 UNIVERSITY AVE ",Riverside,CA,92501-

PR0002707,"VICTORIA COUNTRY CLUB SNACK BAR","2521 ARROYO DR ",Riverside,CA,92506-

PR0002710,"YUM YUM DONUT SHOP","3247 ARLINGTON AVE ",Riverside,CA,92506-

PR0002713,"ADAMS MOTORSPORTS PARK INC","5292 24TH ST ",Jurupa Valley,CA,92509-

PR0002716,"AMERICAN DONUTS","7900 LIMONITE AVE F",Riverside,CA,92509-

PR0002718,"AMERICAN LEGION MIRA LOMA POST 500","9520 MISSION BLVD ",Riverside,CA,92509-

PR0002729,"CASA JIMENEZ","2964 RUBIDOUX BLVD ",Riverside,CA,92509-

PR0002730,"JOYCE BURGERS","6320 MISSION BLVD ",Riverside,CA,92509-

PR0002731,"TIOS FOOD TO GO","3948 MISSION INN AVE ",Riverside,CA,92501-

PR0002734,"CANYON CREST LIQUORS","1350 MASSACHUSETTS AVE ",Riverside,CA,92507-

PR0002735,"CARL'S JR. #1097","8919 LIMONITE AVE ",Riverside,CA,92509-

PR0002736,"CARL'S JR. RESTAURANT #541","10100 BEN NEVIS BLVD ",Jurupa Valley,CA,92509-

PR0002743,"CHRIS BURGER","407 IOWA AVE ",Riverside,CA,92507-

PR0002756,"RIVERSIDE MINI MART INC.","1855 COLUMBIA AVE ",Riverside,CA,92507-

PR0002759,"EL RODEO CAFE","5164 ETIWANDA AVE ",Jurupa Valley,CA,92509-

PR0002762,"DEL TACO #217","6118 CLAY ST ",Riverside,CA,92509-

PR0002765,"PIZZA PIRATES","10255 MISSION BLVD #E",Riverside,CA,92509-

PR0002766,"DONAHOO'S GOLDEN CHICKEN","5749 MISSION BLVD ",Jurupa Valley,CA,92509-

PR0002767,"DONUT QUEEN","5501 MISSION BLVD ",Riverside,CA,92509-

PR0002768,"DONUT STAR","11038 LIMONITE AVE ",Jurupa Valley,CA,92509-

PR0002769,"DONUT TYME","9131 JURUPA RD ",Riverside,CA,92509-

PR0002770,"DOS PABLOS","9080 MISSION BLVD ",Riverside,CA,92509-

PR0002774,"EL RANCHO TORTILLERIA AND MEAT","5850 ETIWANDA AVE ",Jurupa Valley,CA,92509-

PR0002784,"PANADERIA JALISCO BAKERY","4955 FELSPAR ST F",Riverside,CA,92509-

PR0002785,"GARDEN GROVE LIQUOR","365 IOWA AVE Ste.A",Riverside,CA,92507-

PR0002790,"EL CORRAL RESTAURANT","4955 FELSPAR ST ",Riverside,CA,92509-

PR0002791,"GRAZIANO'S PIZZA","11042 LIMONITE AVE ",MIRA LOMA,CA,91752-

PR0002794,"HALA PRODUCE MARKET","3375 IOWA AVE ",Riverside,CA,92507-

PR0002795,"GUS JR. NO. 12","4680 GALENA ST ",Riverside,CA,92509-

PR0002800,"HOWARD'S DELI","2128 THIRD ST ",Riverside,CA,92507-

PR0002803,"INDIA SWEETS & GROCERIES","779 BLAINE ST ",Riverside,CA,92507-

PR0002804,"IN-N-OUT BURGER #39","6634 CLAY ST ",Riverside,CA,92509-

PR0002806,"INDIAN HILLS COUNTRY CLUB MAIN","5700 CLUB HOUSE DR ",Riverside,CA,92509-

PR0002807,"INDIAN HILLS COUNTRY CLUB COFFEE","5700 CLUB HOUSE DR ",Riverside,CA,92509-

PR0002812,"JACK IN THE BOX #3193","10151 BEN NEVIS BLVD ",Riverside,CA,92509-

PR0002813,"JACK IN THE BOX #3223","10960 LIMONITE AVE ",MIRA LOMA,CA,91752-

PR0002814,"JACK IN THE BOX #392","9195 JURUPA RD ",Jurupa Valley,CA,92509-

PR0002817,"JOSE'S TACO SHOP","10255 MISSION BLVD ",Riverside,CA,92509-

PR0002843,"RIVER LOUNGE","9608 MISSION BLVD ",Jurupa Valley,CA,92509-

PR0002845,"MCDONALD'S","6815 VALLEY WAY ",Riverside,CA,92509-

PR0002858,"MY HERO SUBS","3355 IOWA AVE ",Riverside,CA,92507-

PR0002860,"NEW BOMBAY STORE","1385 W BLAINE ST ",Riverside,CA,92507-

PR0002865,"Sanchez Mexican Bakery","3852 OPAL ST ",Riverside,CA,92509-

PR0002866,"THE OLD SPAGHETTI FACTORY","3191 MISSION INN AVE ",Riverside,CA,92507-

PR0002869,"PADDOCK LIQUOR","11086 LIMONITE AVE ",MIRA LOMA,CA,91752-

PR0002870,"PAM'S DONUTS","10255 MISSION BLVD ",Riverside,CA,92509-

PR0002872,"PARADISE KNOLLS COFFEE SHOP #781","9330 LIMONITE AVE ",Riverside,CA,92509-

PR0002877,"BEST THAI CUSINE","1735 SPRUCE ST F",Riverside,CA,92507-

PR0002896,"CLUB EL PARAISO","401 IOWA AVE ",Riverside,CA,92507-

PR0002898,"RUBIDOUX DRIVE IN","6289 MISSION BLVD ",Riverside,CA,92509-

PR0002900,"RUBIDOUX RE-ENTRY/BEHAVIORAL SYSTEM","3263 RUBIDOUX BLVD ",Riverside,CA,92509-

PR0002914,"SIZZLER FAMILY STEAK HOUSE","6631 CLAY ST ",Riverside,CA,92509-

PR0002925,"TONY'S SPUNKY STEER RIVERSIDE INC.","4957 FELSPAR ST ",Riverside,CA,92509-

PR0002930,"SUBWAY #4588","10255 MISSION BLVD ",Riverside,CA,92509-

PR0002932,"TACO BELL","6970 MISSION BLVD ",Riverside,CA,92509-

PR0002935,"RIVIERA FAMILY RESTAURANT","5633 MISSION BLVD ",Riverside,CA,92509-

PR0002938,"BOURNS CAFETERIA","1200 COLUMBIA AVE ",Riverside,CA,92507-

PR0002940,"TUMMY STUFFER","1159 IOWA AVE ",Riverside,CA,92507-

PR0002943,"VFW POST #10267","8607 MISSION BLVD ",Riverside,CA,92509-

PR0002946,"ORTIZ BAKERY","421 IOWA AVE ",Riverside,CA,92507-

PR0002952,"LOS JILBERTO'S TACO SHOP","1635 UNIVERSITY AVE ",Riverside,CA,92507-

PR0002955,"CASTANEDA'S MEXICAN FOOD","1450 UNIVERSITY AVE P",Riverside,CA,92507-

PR0002956,"BASKIN-ROBBINS #6151","12625 FREDERICK ST ",Moreno Valley,CA,92553-

PR0002961,"COCOS BAKERY RESTAURANT","1303 UNIVERSITY AVE ",Riverside,CA,92507-

PR0002965,"BRUNSWICK MORENO VALLEY BOWL","24666 SUNNYMEAD BLVD ",Moreno Valley,CA,92553-

PR0002975,"CARL'S JR. #7477","25055 ELDER AVE ",Moreno Valley,CA,92557-

PR0002976,"CARL'S JR.","22700 CENTER POINT DR ",Moreno Valley,CA,92553-

PR0002977,"JOSE'S MEXICAN FOOD","11875 PIGEON PASS RD D-4",Moreno Valley,CA,92557-

PR0002978,"CASK `N' CLEAVER","1333 UNIVERSITY AVE ",Riverside,CA,92507-

PR0002983,"CHICAGO PASTA HOUSE","24667 SUNNYMEAD BLVD ",Moreno Valley,CA,92553-

PR0002985,"CHILI'S - MORENO VALLEY","12525 FREDERICK ST ",Moreno Valley,CA,92553-

PR0002989,"CHURCHS CHICKEN #902","1886 UNIVERSITY AVE ",Riverside,CA,92507-

PR0002996,"COCO'S #865","24949 SUNNYMEAD BLVD ",Moreno Valley,CA,92553-

PR0003001,"D'ELIAS GRINDER","2093 UNIVERSITY AVE ",Riverside,CA,92507-

PR0003002,"DAIRY QUEEN/ORANGE JULIUS","22500 TOWN CIR ",Moreno Valley,CA,92553-

PR0003004,"DEL TACO #97","1255 UNIVERSITY AVE ",Riverside,CA,92501-

PR0003005,"DEL TACO #190","24941 ELDER AVE ",Moreno Valley,CA,92553-

PR0003006,"DEL TACO #240","12625 FREDERICK ST ",Moreno Valley,CA,92553-

PR0003007,"DENNY'S #1442","24952 SUNNYMEAD BLVD ",Moreno Valley,CA,92553-

PR0003014,"EXPRESS DONUTS","12235 HEACOCK ST ",Moreno Valley,CA,92557-

PR0003018,"ALL STAR PIZZA","13373 PERRIS BLVD ",Moreno Valley,CA,92553-

PR0003021,"NEW INDIA SWEETS AND SPICES","1320 BLAINE ST ABC ",Riverside,CA,92507-

PR0003022,"TACO BELL #5081","39557 LOS ALAMOS RD ",Murrieta,CA,92562-

PR0003026,"GREEN ONION","12125 DAY ST BLDG V-208",Moreno Valley,CA,92557-

PR0003027,"TACOS EL JR. #6","126 IOWA AVE ",Riverside,CA,92507-

PR0003032,"LA TAPATIA","2009 UNIVERSITY AVE ",Riverside,CA,92507-

PR0003033,"IN-N-OUT BURGER #44","23035 HEMLOCK AVE ",Moreno Valley,CA,92557-

PR0003035,"INTERNATIONAL HOUSE OF PANCAKES","1320 UNIVERSITY AVE ",Riverside,CA,92507-

PR0003036,"JACK IN THE BOX #175","12477 HEACOCK ST ",Moreno Valley,CA,92553-

PR0003037,"JACK'S JR. HAMBURGER","12451 HEACOCK ST ",Moreno Valley,CA,92553-

PR0003046,"PAPAYA VALLEY THAI CUISINE","24528 SUNNYMEAD BLVD ",Moreno Valley,CA,92553-

PR0003054,"LOUISIANA SEAFOOD","12625 FREDERICK ST ",Moreno Valley,CA,92553-

PR0003060,"MARGARITA'S GRILL","12630 PERRIS BLVD ",Moreno Valley,CA,92557-

PR0003061,"MCDONALD'S","12371 PERRIS BLVD ",Moreno Valley,CA,92551-

PR0003062,"MCDONALD'S","2242 UNIVERSITY AVE ",Riverside,CA,92507-

PR0003074,"MRS. FIELDS COOKIES","22500 TOWN CIR ",Moreno Valley,CA,92553-

PR0003079,"TACO BELL #17984","31677 Temecula Pkwy ",TEMECULA,CA,92592-

PR0003081,"MCDONALD'S","31853 Temecula Pkwy S ",TEMECULA,CA,92590-

PR0003082,"OLIVE GARDEN ITALIAN REST . #1266","22880 CENTER POINT DR ",Moreno Valley,CA,92557-

PR0003085,"OUR PLACE RESTAURANT","23935 SUNNYMEAD BLVD ",Moreno Valley,CA,92553-

PR0003086,"PAM'S DONUTS","12591 HEACOCK ST ",Moreno Valley,CA,92553-

PR0003088,"JUAN POLLO","12615 PERRIS BLVD ",Moreno Valley,CA,92551-

PR0003094,"PORKY'S PIZZA","12235 HEACOCK ST ",Moreno Valley,CA,92557-

PR0003103,"STARBUCKS #10344","12190 PERRIS BLVD A",Moreno Valley,CA,92557-

PR0003109,"SHAKEY'S PIZZA PARLOR","23346 SUNNYMEAD BLVD ",Moreno Valley,CA,92556-

PR0003114,"Shark Bar","24801 SUNNYMEAD BLVD ",Moreno Valley,CA,92553-

PR0003115,"MARISCOS MAZATLAN","24811 SUNNYMEAD BLVD ",Moreno Valley,CA,92553-

PR0003116,"MCDONALD'S RESTAURANT","64 E RAMONA EXPY ",Perris,CA,92571-

PR0003118,"STEVE'S BURGERS","12640 HEACOCK ST ",Moreno Valley,CA,92553-

PR0003120,"SUBWAY SANDWICH #1512","23845 SUNNYMEAD BLVD B",Moreno Valley,CA,92553-

PR0003124,"ORIGINAL SUNNYMEAD BURGERS","23670 SUNNYMEAD BLVD ",Moreno Valley,CA,92553-

PR0003128,"TACO BELL","23010 SUNNYMEAD BLVD ",Moreno Valley,CA,92553-

PR0003130,"TACO BELL #1335","1420 UNIVERSITY AVE ",Riverside,CA,92507-

PR0003131,"MARTHA'S KITCHEN","24318 HEMLOCK AVE C-6",Moreno Valley,CA,92553-

PR0003132,"PHO SAIGON","1450 UNIVERSITY AVE ",Riverside,CA,92507-

PR0003135,"TEMPLO DEL SOL","1365 UNIVERSITY AVE ",Riverside,CA,92507-

PR0003146,"WIENERSCHNITZEL","24007 SUNNYMEAD BLVD ",Moreno Valley,CA,92553-

PR0003148,"WINCHELL'S DONUT SHOP #9270","1705 UNIVERSITY AVE ",Riverside,CA,92507-

PR0003149,"YOSHINOYA BEEF BOWL","24318 HEMLOCK AVE ",Moreno Valley,CA,92557-

PR0003152,"6TH STREET DELI","1261 SIXTH ST ",NORCO,CA,92860-

PR0003155,"A MI HACIENDA","1680 HAMNER AVE ",NORCO,CA,92860-

PR0003159,"AMERICAN LEGION POST #328","3888 HAMNER AVE ",NORCO,CA,92860-

PR0003165,"CARL'S JR. #702","2896 HAMNER AVE ",NORCO,CA,92860-

PR0003166,"AS YOU LIKE IT CATERING","430 RIVER RD Ste #E",Corona,CA,92880-

PR0003172,"CORONA REGIONAL MEDICAL CENTER","800 S MAIN ST ",Corona,CA,92882-

PR0003174,"COUNTRY DONUTS","3490 SECOND ST ",NORCO,CA,92860-

PR0003175,"MAVERICK STEAK HOUSE","3841 HAMNER AVE ",NORCO,CA,92860-

PR0003183,"EL POLLO LOCO #5389","610 N MAIN ST ",Corona,CA,92880-

PR0003192,"H. SALT SEAFOOD SHOPPE","635 N MAIN ST #B-1A",Corona,CA,92880-

PR0003198,"IN-N-OUT BURGER #48","1810 HAMNER AVE ",NORCO,CA,92860-

PR0003201,"JACK IN THE BOX  #3212","1491 SIXTH ST ",NORCO,CA,92860-

PR0003206,"BURGER BASKET","2775 HAMNER AVE ",NORCO,CA,92860-

PR0003208,"SILVERADO BURGERS & MEXICAN FOOD","1091 6TH ST ",NORCO,CA,92860-

PR0003209,"CHRISTI'S CRAVINGS","109 N MAPLE -F ",Corona,CA,92880-

PR0003210,"MARCELLO'S PIZZA #7","2085 RIVER RD D",NORCO,CA,92860-

PR0003211,"MARIE CALLENDER'S PIE SHOP #89","160 E RINCON St ",Corona,CA,92879-

PR0003215,"RANCHO TACO SHOP","2057 RIVER RD ",NORCO,CA,92860-

PR0003220,"NORCO CLASSIC LANES","1800 HAMNER AVE ",NORCO,CA,92860-

PR0003229,"CIRCLE CITY FOODS","150 DEPOT DR ",Corona,CA,92882-

PR0003232,"PAT'S KITCHEN","1217 SIXTH ST ",NORCO,CA,92860-

PR0003240,"CRUSTY'S PIZZA","2395 HAMNER AVE ",NORCO,CA,92860-

PR0003243,"SECOND ST. DONUT SHOP","1845 HAMNER AVE ",NORCO,CA,92860-

PR0003252,"SUBWAY SANDWICH & SALADS","635 N MAIN ST #B-3",Corona,CA,92880-

PR0003259,"PANDA EXPRESS","2268 GALLERIA TYLER ",Riverside,CA,92503-

PR0003274,"MCDONALD'S #18171","40465 WINCHESTER RD ",TEMECULA,CA,92591-

PR0003294,"SBARRO #569","22500 TOWN CIR ",Moreno Valley,CA,92553-

PR0003295,"MCDONALDS #12252","2891 CANYON SPRINGS PKWY ",Riverside,CA,92507-

PR0003298,"T & H LIQUOR DELI MARKET","1530 W 6TH ST #102",Corona,CA,92882-

PR0003305,"BABES SPORTS PUB","1178 SIXTH ST ",NORCO,CA,92860-

PR0003306,"D'S DONUTS","4300 GREEN RIVER DR 116 ",Corona,CA,92879-

PR0003307,"BASKIN-ROBBINS 31 FLAVORS","1206 MAGNOLIA AVE ",Corona,CA,92881-

PR0003321,"AMERICAN LEGION POST 519","400 N BELARDO RD ",Palm Springs,CA,92262-

PR0003322,"AMERICAN LEGION POST 800","54360 MARION VIEW DR ",IDYLLWILD,CA,92549-

PR0003323,"Anchor Ventures","2524 E FLORIDA AVE ",Hemet,CA,92544-

PR0003326,"ANZA VALLEY VFW POST 1873","59011 BAILEY RD ",Anza,CA,92539-

PR0003327,"ELKS LODGE #1905","67491 HWY 111 ",Cathedral City,CA,92235-

PR0003328,"THE BANK","28645 FRONT ST ",TEMECULA,CA,92590-

PR0003329,"BERMUDA DUNES COUNTRY CLUB","42360 ADAMS ST ",Bermuda Dunes,CA,92201-

PR0003330,"MURPH'S GASLIGHT","79860 AVE 42 ",Bermuda Dunes,CA,92201-

PR0003335,"TEXAS LIL'S MESQUITE GRILL","28495 FRONT ST ",TEMECULA,CA,92590-

PR0003336,"COCO'S RESTAURANT #880","27990 BRADLEY RD ",SUN CITY,CA,92586-

PR0003337,"LA CASITA NUEVA MEXICAN GRILL","34272 DATE PALM DR ",Cathedral City,CA,92234-

PR0003344,"CARL'S JR. #724","68980 HWY 111 ",Cathedral City,CA,92235-

PR0003346,"Little Louie's Bar & Grill","43271 E FLORIDA AVE ",Hemet,CA,92544-

PR0003347,"CATHEDRAL CANYON GOLF & TENNIS CLUB","68311 REAL PSO ",Cathedral City,CA,92234-

PR0003348,"LA TABLITA","68369 HWY 111 ",Cathedral City,CA,92234-

PR0003350,"CHINESE BISTRO","28490 HWY 74 ",ROMOLAND,CA,92585-

PR0003351,"CHUCKWAGON REST. & LOUNGE","46305 POPPET FLATS RD ",Banning,CA,92220-

PR0003352,"DENNY'S RESTAURANT","69050 HWY 111 ",Cathedral City,CA,92324-

PR0003355,"EL RANCHITO","78039 ESTADO CLLE ",LA QUINTA,CA,92253-

PR0003357,"DJ'S RESTAURANT","567 N SAN JACINTO ST ",Hemet,CA,92543-

PR0003358,"AVONDALE GOLF CLUB MAIN DINING","75800 AVONDALE DR ",Palm Desert,CA,92260-

PR0003359,"AVONDALE GOLF CLUB GARDEN ROOM","75800 AVONDALE DR ",Palm Desert,CA,92260-

PR0003362,"DENNY'S RESTAURANT","6305 JOSHUA PALMER WAY ",Banning,CA,92220-

PR0003363,"LA CABANA TACO SHOP #2","2244 E FLORIDA AVE ",Hemet,CA,92544-

PR0003365,"DESERT CREST COFFEE SHOP","16900 DESERT CREST AVE ",Desert Hot Springs,CA,92240-

PR0003369,"DRAGON HOUSE","22456 ALESSANDRO BLVD ",Moreno Valley,CA,92553-

PR0003371,"EL COMAL","32410 MISSION TRL ",LAKE ELSINORE,CA,92530-

PR0003372,"HELLS KITCHEN","32685 ORTEGA HWY ",LAKE ELSINORE,CA,92530-

PR0003374,"EL GALLITO","68820 GROVE ST ",Cathedral City,CA,92235-

PR0003387,"LITTLE PANTRY CAFE","980 N STATE ST ",Hemet,CA,92543-

PR0003394,"SUN CITY FAMILY RESTAURANT","26824 CHERRY HILL BLVD ",SUN CITY,CA,92586-

PR0003397,"IDYLLWILD ARTS DINING HALL","52500 TEMECULA DR ",IDYLLWILD,CA,92549-

PR0003399,"RED KETTLE","54220 CIRCLE DR ",IDYLLWILD,CA,92549-

PR0003402,"JOHNNIE'S BROASTED CHICKEN","504 MYRTLEWOOD DR ",CALIMESA,CA,92320-

PR0003403,"GUADALAJARA GRILL RESTAURANT","27780 Jefferson Ave #2",TEMECULA,CA,92591-

PR0003404,"CHIRIACO COFFEE SHOP","111666 HWY 10 ",CHIRIACO SUMMIT,CA,92201-

PR0003407,"KFC OF POLLY'S","26660 ENCANTO DR ",SUN CITY,CA,92585-

PR0003409,"KNIGHTS OF COLUMBUS","7000 W FLORIDA AVE ",Hemet,CA,92545-

PR0003410,"J & J'S CAFE","509 N STATE ST ",Hemet,CA,92543-

PR0003413,"EMILIO'S MEXICAN RESTAURANT &","2340 S SAN JACINTO AVE ",SAN JACINTO,CA,92583-

PR0003414,"CRAB POT RESTAURANT","78121 LA FONDA AVDA ",LA QUINTA,CA,92253-

PR0003415,"LA QUINTA COUNTRY CLUB TEE HOUSE","77750 AVE 50",LA QUINTA,CA,92253-

PR0003420,"THE LOOKOUT ROADHOUSE","32107 ORTEGA HWY ",LAKE ELSINORE,CA,92530-

PR0003423,"VFW POST 8547","22616 ALESSANDRO BLVD ",Moreno Valley,CA,92553-

PR0003427,"MCDONALD'S RESTAURANTS","28000 BRADLEY RD ",SUN CITY,CA,92586-

PR0003430,"MISSION LAKES C.C. - SAND WEDGE","8484 CLUB HOUSE DR ",Desert Hot Springs,CA,92240-

PR0003431,"MISSION LAKES CTRY CLUB/ REST. BAR","8484 CLUB HOUSE DR ",Desert Hot Springs,CA,92240-

PR0003434,"SANDBAR","78120 TAMPICO CLLE ",LA QUINTA,CA,92253-

PR0003435,"DEL TACO #344","41871 FLORIDA AVE ",Hemet,CA,92544-

PR0003436,"CHAPALA RESTAURANT","66351 HWY 86 ",THERMAL,CA,92274-

PR0003438,"THE 19TH HOLE","42305 WASHINGTON ST ",Palm Desert,CA,92211-

PR0003443,"LA COCINA","56400 HWY 371 ",Anza,CA,92539-

PR0003445,"PALM DESERT GREENS","73750 COUNTRY CLUB DR ",Palm Desert,CA,92260-

PR0003448,"ARAMARK MAIN KITCHEN","1 TRAMWAY RD ",Palm Springs,CA,92262-

PR0003449,"PEPE'S MEXICAN RESTAURANT","31780 RAILROAD CANYON RD ",CANYON LAKE,CA,92587-

PR0003452,"CANYON LAKE COUNTRY CLUB","32001 RAILROAD CANYON RD ",CANYON LAKE,CA,92587-

PR0003455,"LOYAL ORDER OF MOOSE - QUAIL VALLEY LODGE #2228","28428 GOETZ RD ",QUAIL VALLEY,CA,92587-

PR0003456,"TEMECULA CREEK INN RESORT","44501 RAINBOW CANYON DR ",TEMECULA,CA,92592-

PR0003458,"RENE'S","25020 FILAREE AVE ",Moreno Valley,CA,92551-

PR0003459,"LA CASITA","54650 CIRCLE DR ",IDYLLWILD,CA,92549-

PR0003466,"SILENT VALLEY CLUB/ADULT SNACK BAR","46305 POPPET FLATS RD ",Banning,CA,92220-

PR0003468,"SIMON'S FISH & CHIPS","41869 E FLORIDA AVE ",Hemet,CA,92544-

PR0003474,"STEAKS & CAKES RESTAURANT","9026 E HOBSONWAY ",Blythe,CA,92225-

PR0003477,"SWING INN CAFE","28676 OLD TOWN FRONT ST ",TEMECULA,CA,92590-

PR0003481,"SUNSHINE CAFE","25999 GLEN EDEN RD ",Corona,CA,92883-

PR0003484,"PONDEROSA STEAK RANCH & SALOON","27126 SHADEL RD ",SUN CITY,CA,92586-

PR0003486,"V.F.W. POST #1534","1 CLUB HOUSE DR ",Desert Hot Springs,CA,92241-

PR0003487,"MICHAEL'S CAFE","35955 DATE PALM DR ",Cathedral City,CA,92234-

PR0003488,"GOLDEN ERA PRODUCTIONS CAFETERIA","19625 GILMAN SPRINGS RD ",SAN JACINTO,CA,92583-

PR0003492,"WOOD'S CORNER MARKET","4431 WADE AVE ",Perris,CA,92571-

PR0003493,"DAILY DONUTS","41831 FLORIDA AVE ",Hemet,CA,92543-

PR0003494,"WALLY'S DESERT TURTLE","71775 HWY 111 ",Rancho Mirage,CA,92270-

PR0003498,"CONSUELO'S HOME STYLE MEXICAN","1046 E RAMSEY ST ",Banning,CA,92220-

PR0003499,"DEL TACO #39","1964 W RAMSEY ST ",Banning,CA,92220-

PR0003505,"GRAMMA'S COUNTRY KITCHEN","2868 W RAMSEY ST ",Banning,CA,92220-

PR0003506,"WING'S GARDEN CAFE","116 W RAMSEY ST ",Banning,CA,92220-

PR0003512,"BAKER'S BURGERS","529 BEAUMONT AVE ",BEAUMONT,CA,92223-

PR0003513,"DENNY'S RESTAURANT","449 E 4TH ST ",BEAUMONT,CA,92223-

PR0003516,"ELKS LODGE #1839","1465 E 6TH ST ",BEAUMONT,CA,92223-

PR0003517,"MARLA'S","1310 E 6TH ST ",BEAUMONT,CA,92223-

PR0003518,"COUNTRY JUNCTION","704 E 6TH ST ",BEAUMONT,CA,92223-

PR0003521,"RAMONA'S RESTAURANT","249 W 6TH ST ",BEAUMONT,CA,92223-

PR0003528,"DEL TACO #139","120 S LOVEKIN BLVD ",Blythe,CA,92225-

PR0003533,"LA PALOMA RESTAURANT","321 E HOBSONWAY ",Blythe,CA,92225-

PR0003536,"BRUCE'S CASINO","116 S MAIN ST ",Blythe,CA,92225-

PR0003537,"LA CASITA DOS","830 RICE RD ",Blythe,CA,92225-

PR0003539,"TEDDY'S DONUTS #3","300 W HOBSONWAY ",Blythe,CA,92225-

PR0003540,"FRATERNAL ORDER OF EAGLES #2594","46225 TYLER ST ",COACHELLA,CA,92236-

PR0003542,"TAQUERIA ALLENDE","49715 HARRISON ST ",COACHELLA,CA,92236-

PR0003544,"ANDY'S BURGERS #5","49950 HWY 111 ",COACHELLA,CA,92236-

PR0003546,"BIRRERIA JALISCO INC","1605 6TH ST ",COACHELLA,CA,92236-

PR0003548,"EL MATADOR MEXICAN RESTAURANT","13450 PALM DR ",Desert Hot Springs,CA,92240-

PR0003550,"CASA BLANCA RESTAURANT","66370 PIERSON BLVD ",Desert Hot Springs,CA,92240-

PR0003552,"DESERT HOT SPRINGS SPA","10805 PALM DR ",Desert Hot Springs,CA,92240-

PR0003553,"SIDEWINDER GRILL","66121 PIERSON BLVD ",Desert Hot Springs,CA,92240-

PR0003554,"ESCAPADE","12347 PALM DR ",Desert Hot Springs,CA,92240-

PR0003555,"PLAYOFFS","12105 PALM DR ",Desert Hot Springs,CA,92240-

PR0003556,"HACIENDA RIVIERA SPA","67375 HACIENDA DR ",Desert Hot Springs,CA,92240-

PR0003557,"THE COTTAGE TOO","66230 PIERSON BLVD ",Desert Hot Springs,CA,92240-

PR0003561,"SOUTH OF THE BORDER","11719 PALM DR ",Desert Hot Springs,CA,92240-

PR0003564,"THE VILLAGE DONUT","13160 PALM DR ",Desert Hot Springs,CA,92240-

PR0003565,"CARL'S JR. #730","13010 PALM DR ",Desert Hot Springs,CA,92240-

PR0003569,"EL CAMPANARIO RESTAURANT INC","44185 MONROE ST ",Indio,CA,92201-

PR0003572,"CARL'S JR. #727","81770 HWY 111 ",Indio,CA,92201-

PR0003573,"PUEBLO VIEJO GRILL","81931 HWY 111 ",Indio,CA,92201-

PR0003576,"DEL TACO #7","81566 HWY 111 ",Indio,CA,92201-

PR0003583,"CARNITA'S MEXICAN GRILL","25030 HANCOCK AVE 101",Murrieta,CA,92562-

PR0003587,"CARL'S JR. #605","300 S HIGHLAND SPRINGS AVE S ",Banning,CA,92220-

PR0003588,"KOWLOON CHINESE RESTAURANT","44221 N JACKSON ST Ste.C",Indio,CA,92201-

PR0003589,"PERRIS DONUTS AND BURGERS","15928 PERRIS BLVD G",Moreno Valley,CA,92551-

PR0003596,"DOMINOS PIZZA","16738 LAKESHORE DR ",LAKE ELSINORE,CA,92530-

PR0003599,"GOLDEN ERA GOLF COURSE","19871 HWY 79 ",GILMAN HOT SPRINGS,CA,92583-

PR0003601,"VILLA FRESH ITALIAN KITCHEN","48650 SEMINOLE DR STE #210",Cabazon,CA,92230-

PR0003602,"THE BAKERY AT DESERT HILLS","48650 SEMINOLE DR #210G",Cabazon,CA,92330-

PR0003607,"OLIVE GARDEN ITALIAN RESTAURANT","72225 HWY 111 ",Palm Desert,CA,92260-

PR0003609,"JACK IN THE BOX","34311 DATE PALM DR ",Cathedral City,CA,92234-

PR0003610,"EDDIE'S LIQUOR","1449 W RAMSEY ST ",Banning,CA,92220-

PR0003612,"EL TARASCO","34481 DATE PALM DR #2-D",Cathedral City,CA,92234-

PR0003615,"CALIFORNIA PIZZA KITCHEN","73080 EL PASEO ",Palm Desert,CA,92260-

PR0003621,"JODEE'S BAKERY","27464 COMMERCE CENTER DR ",TEMECULA,CA,92590-

PR0003622,"TACO SALSAS","69020 E PALM CANYON DR ",Cathedral City,CA,92234-

PR0003629,"EL RANCHO MEXICAN RESTAURANT","15928 PERRIS BLVD ",Moreno Valley,CA,92551-

PR0003630,"GIN SUSHI INC","26489 YNEZ RD ",TEMECULA,CA,92586-

PR0003634,"JACK IN THE BOX #82","82210 HWY 111 ",Indio,CA,92201-

PR0003639,"CHINA WOK INN","5771 MISSION BLVD ",Riverside,CA,92509-

PR0003640,"Kaiser Grille","74040 HWY 111 G ",Palm Desert,CA,92260-

PR0003644,"CACTUS JACKS","82347 HWY 111 ",Indio,CA,92201-

PR0003651,"INDIAN WELLS GOLF INC.","46000 BAY CLUB DR ",Indian Wells,CA,92210-

PR0003653,"SIGGY'S","26820 JEFFERSON AVE ",Murrieta,CA,92562-

PR0003655,"MICHAELS PIZZA","21465 PALOMAR RD #8",WILDOMAR,CA,92595-

PR0003664,"LOYAL ORDER OF MOOSE #771","46459 MONROE ST ",Indio,CA,92201-

PR0003667,"CATALINA SPA-CLUBHOUSE KITCHEN #2","18800 CORKILL RD ",Desert Hot Springs,CA,92240-

PR0003678,"BOY'S HAMBURGERS","68100 RAMON RD ",Cathedral City,CA,92234-

PR0003679,"BRUNSWICK CAL OAKS BOWL","40440 CALIFORNIA OAKS RD ",Murrieta,CA,92563-

PR0003689,"DEL TACO #303","82742 HWY 111 ",Indio,CA,92201-

PR0003695,"WIENERSCHNITZEL #561","23750 ALESSANDRO BLVD Ste.N",Moreno Valley,CA,92556-

PR0003716,"RINCON NORTENO CAFE","83011 INDIO BLVD ",Indio,CA,92201-

PR0003717,"SOUTH WEST HEALTH CARE SYSTEM","25500 MEDICAL CENTER DR ",Murrieta,CA,92562-

PR0003721,"HOT WOK","480 N STATE ST L",SAN JACINTO,CA,92583-

PR0003729,"ALLENDE RESTAURANT","82915 AVE 44 ",Indio,CA,92201-

PR0003730,"NICOLINO'S","440 S EL CIELO #14",Palm Springs,CA,92262-

PR0003735,"CASA JIMENEZ","40535 CALIFORNIA OAKS RD ",Murrieta,CA,92562-

PR0003741,"SIZZLER #1412","81760 HWY 111 ",Indio,CA,92201-

PR0003744,"EL RANCHITO TACO SHOP","256 E STETSON AVE ",Hemet,CA,92543-

PR0003748,"MORENO FOODS","462 SCOVELL AVE C",SAN JACINTO,CA,92582-

PR0003759,"INTERNATIONAL HOUSE OF PANCAKES","471 S INDIAN CANYON DR ",Palm Springs,CA,92262-

PR0003767,"WINCHELL'S DONUTS","45995 MONROE ST ",Indio,CA,92201-

PR0003770,"DOMINO'S PIZZA","33982 MISSION TRL ",Wildomar,CA,92595-

PR0003780,"BIGHORN GOLF CLUBHOUSE","255 PALOWET DR ",Palm Desert,CA,92260-

PR0003788,"CARL'S JR. #1023","30660 RANCHO CALIFORNIA RD ",TEMECULA,CA,92591-

PR0003791,"MCDONALD'S #12307","31545 DATE PALM DR ",Cathedral City,CA,92234-

PR0003803,"FILIPPIS PIZZA","27309 JEFFERSON AVE ",TEMECULA,CA,92591-

PR0003814,"JUAN POLLO","1675 N PERRIS Blvd #A18",Perris,CA,92570-

PR0003819,"CHILIS GRILL & BAR","27645 YNEZ RD ",TEMECULA,CA,92591-

PR0003820,"SUN CITY PALM DESERT","38180 DEL WEBB BLVD ",Palm Desert,CA,92211-

PR0003821,"DONUT DE-LITE","6350 W RAMSEY ST H",Banning,CA,92220-

PR0003826,"EL RANCHITO TACO SHOP #2","78540 HWY 111 ",LA QUINTA,CA,92253-

PR0003833,"TRINITY LUTHERAN CHURCH","191 S COLUMBIA ST ",Hemet,CA,92544-

PR0003839,"SWISS DONUT","78530 HWY 111 ",LA QUINTA,CA,92253-

PR0003845,"SBARRO'S","72840 HWY 111 ",Palm Desert,CA,92260-

PR0003846,"JACK IN THE BOX #3301","2560 PERRIS BLVD ",Perris,CA,92571-

PR0003859,"PAWLEY POOL SNACK BAR","46350 JACKSON ST ",Indio,CA,92201-

PR0003860,"ANTOJITOS MEXICANOS EL GUERO","68467 E PALM CANYON DR ",Cathedral City,CA,92234-

PR0003880,"PUEBLO VIEJO MEXICAN FOOD","30141 ANTELOPE RD ",MENIFEE,CA,92584-

PR0003885,"PALM SPRINGS BOOMERS","67700 E PALM CANYON DR ",Cathedral City,CA,92234-

PR0003887,"TACO BELL #5527","181 ALESSANDRO BLVD ",Riverside,CA,92508-

PR0003891,"LOYAL ORDER OF MOOSE #1439","188 W MAIN ST ",SAN JACINTO,CA,92383-

PR0003895,"LITTLE CAESAR'S PIZZA #3881","1455 W HOBSONWAY ",Blythe,CA,92225-

PR0003911,"ARTURO'S GRILL","253 E STETSON AVE ",Hemet,CA,92543-

PR0003913,"DENNY'S RESTAURANT","2675 W FLORIDA AVE ",Hemet,CA,92545-

PR0003917,"ORZY'S FAMILY RESTAURANT","306 E FLORIDA AVE ",Hemet,CA,92543-

PR0003919,"JACK IN THE BOX #168","1595 E FLORIDA AVE ",Hemet,CA,92543-

PR0003922,"KENTUCKY FRIED CHICKEN","2890 W FLORIDA AVE ",Hemet,CA,92543-

PR0003923,"MCDONALD'S","1855 E FLORIDA AVE ",Hemet,CA,92545-

PR0003924,"MIA'S COUNTRY KITCHEN","3323 W FLORIDA AVE ",Hemet,CA,92545-

PR0003925,"SIAM GARDEN","1527 E FLORIDA AVE ",Hemet,CA,92544-

PR0003936,"STEER N STEIN OF HEMET","3104 W FLORIDA AVE ",Hemet,CA,92543-

PR0003939,"HEMET ELKS LODGE #1740","1305 W FLORIDA AVE ",Hemet,CA,92543-

PR0003942,"V.F.W. POST 2266","1891 S SANTA FE ",SAN JACINTO,CA,92583-

PR0003944,"HUNNY'S RESTAURANT","31253 RIVERSIDE DR ",LAKE ELSINORE,CA,92530-

PR0003945,"LAS PALMAS, TK & J INC","16779 LAKESHORE DR ",LAKE ELSINORE,CA,92530-

PR0003948,"LA UNICA","110 N MAIN ST ",LAKE ELSINORE,CA,92530-

PR0003949,"DEL TACO #245","31904 MISSION TRL ",LAKE ELSINORE,CA,92530-

PR0003951,"JUAN POLLO #12","16989 LAKESHORE DR ",LAKE ELSINORE,CA,92530-

PR0003955,"VISTA DONUTS","31628 RIVERSIDE DR ",LAKE ELSINORE,CA,92530-

PR0003956,"LAKE ELSINORE RESORT","20930 MALAGA RD ",LAKE ELSINORE,CA,92530-

PR0003957,"GUADALAJARA RESTAURANT","105 N MAIN ST ",LAKE ELSINORE,CA,92530-

PR0003960,"THE WRECK","117 W GRAHAM AVE ",LAKE ELSINORE,CA,92530-

PR0003961,"CANDY CUPBOARD","54250 N CIRCLE DR ",IDYLLWILD,CA,92549-

PR0003962,"CASTELLI'S","73098 HWY 111 ",Palm Desert,CA,92260-

PR0003963,"CARL'S JR. #728","73125 HWY 111 ",Palm Desert,CA,92260-

PR0003965,"CHAPARRAL COUNTRY CLUB","100 CHAPARRAL DR ",Palm Desert,CA,92260-

PR0003971,"JILLIAN'S","74155 EL PASEO ",Palm Desert,CA,92260-

PR0003972,"IRONWOOD C.C. -SPIKES'S SNACK BAR","73735 IRONTREE DR ",Palm Desert,CA,92260-

PR0003973,"KEEDY'S FOUNTAIN & GRILL","73633 HWY 111 ",Palm Desert,CA,92260-

PR0003978,"MARRAKESH GOLF CLUB","47000 MARRAKESH DR ",Palm Desert,CA,92260-

PR0003979,"MCDONALD'S","72755 HWY 111 ",Palm Desert,CA,92260-

PR0003980,"MONTEREY COUNTRY CLUB #471","41500 MONTEREY AVE ",Palm Desert,CA,92260-

PR0003981,"MONTEREY COUNTRY CLUB SNACK BAR","41500 MONTEREY AVE ",Palm Desert,CA,92260-

PR0003982,"ARBY'S #6039","72795 HWY 111 ",Palm Desert,CA,92260-

PR0003983,"PALM DESERT RESORT C.C.","77333 COUNTRY CLUB DR ",Palm Desert,CA,92211-

PR0003984,"PALM DESERT RESORT C. C. SNACK BAR","77333 COUNTRY CLUB DR ",Palm Desert,CA,92211-

PR0003985,"PALM DESERT TENNIS CLUB","48240 RACQUET LN ",Palm Desert,CA,92260-

PR0003987,"MATSURI JAPANESE RESTAURANT","73759 HWY 111 ",Palm Desert,CA,92260-

PR0003989,"CAFE' DES BEAUX-ARTS","73640 EL PASEO 1",Palm Desert,CA,92260-

PR0003994,"SHADOW MOUNTAIN GOLF CLUB","73800 IRONWOOD ST ",Palm Desert,CA,92260-

PR0003995,"SHADOW MOUNTAIN RESORT","45750 SAN LUIS REY LN ",Palm Desert,CA,92260-

PR0003996,"SHADOW MOUNTAIN RESORT","45750 SAN LUIS REY LN ",Palm Desert,CA,92260-

PR0004004,"CELEBRITY BISTRO","3400 TAHQUITZ CANYON WAY ",Palm Springs,CA,92262-

PR0004005,"BILLY REEDS RESTAURANT","1800 N PALM CANYON DR ",Palm Springs,CA,92262-

PR0004006,"BIT OF COUNTRY","418 S INDIAN AVE ",Palm Springs,CA,92262-

PR0004009,"SHERMAN'S DELI & BAKERY","401 TAHQUITZ CANYON WAY ",Palm Springs,CA,92262-

PR0004011,"JOHANNES COSMOPOLITAN CUISINE","196 S INDIAN AVE ",Palm Springs,CA,92262-

PR0004013,"CAMELOT THEATRE","2300 E BARISTO RD ",Palm Springs,CA,92262-

PR0004019,"FISHERMANS MARKET AND GRILL, INC.","235 S INDIAN AVE ",Palm Springs,CA,92262-

PR0004021,"DENNY'S #452","1201 N PALM CANYON DR ",Palm Springs,CA,92262-

PR0004023,"RICK'S RESTAURANT","1973 N PALM CANYON DR ",Palm Springs,CA,92262-

PR0004025,"SCORE THE GAME BAR","301 E ARENAS RD ",Palm Springs,CA,92264-

PR0004028,"PARKER PALM SPRINGS","4200 E PALM CANYON DR ",Palm Springs,CA,92262-

PR0004029,"GEORGE'S BAR & GRILL","68885 RAMON RD ",Cathedral City,CA,92235-

PR0004032,"JELLY DONUT","1751 N SUNRISE WAY D8",Palm Springs,CA,92262-

PR0004035,"ZIN","198 S PALM CANYON DR ",Palm Springs,CA,92262-

PR0004036,"WIENERSCHNITZEL #618","1240 E ONTARIO AVE #107",Corona,CA,92881-

PR0004038,"LAS CASUELAS","368 N PALM CANYON DR ",Palm Springs,CA,92262-

PR0004039,"LAS CASUELAS TERRAZA","222 S PALM CANYON DR ",Palm Springs,CA,92262-

PR0004040,"LE VALLAURIS","385 TAHQUITZ WAY ",Palm Springs,CA,92262-

PR0004042,"KALURA TRATTORIA","124 S PALM CANYON DR ",Palm Springs,CA,92262-

PR0004044,"MELVYN'S RESTAURANT","200 W RAMON RD ",Palm Springs,CA,92262-

PR0004045,"O'DONNELL GOLF CLUB CLUBHOUSE","301 N BELARDO RD ",Palm Springs,CA,92262-

PR0004046,"PALM SPRINGS CHOP HOUSE","262 S PALM CANYON DR ",Palm Springs,CA,92262-

PR0004047,"HAIR OF THE DOG ENGLISH PUB","238 N PALM CANYON DR ",Palm Springs,CA,92262-

PR0004053,"NEW YORK PIZZA DELIVERY","260 N PALM CANYON DR ",Palm Springs,CA,92264-

PR0004058,"SEVEN LAKES COUNTRY CLUB","4100 SEVEN LAKES DR ",Palm Springs,CA,92264-

PR0004059,"SHAKEY'S PIZZA PARLOR","999 E TAHQUITZ RD ",Palm Springs,CA,92262-

PR0004060,"SMOKE TREE RANCH","1800 S SUNRISE WAY ",Palm Springs,CA,92264-

PR0004061,"PEPPER'S THAI CUISINE","394 N PALM CANYON DR ",Palm Springs,CA,92262-

PR0004064,"SPENCER'S","701 W BARISTO RD ",Palm Springs,CA,92262-

PR0004071,"ALBERTO'S RESTAURANT","71416 HWY 111 ",Rancho Mirage,CA,92270-

PR0004074,"DESERT ISLAND GOLF & C.C.","71777 FRANK SINATRA DR ",Rancho Mirage,CA,92270-

PR0004076,"SHAME ON THE MOON","69950 FRANK SINATRA DR ",Rancho Mirage,CA,92270-

PR0004077,"JENSENS MINUTE SHOPPE","69900 FRANK SINATRA DR ",Rancho Mirage,CA,92270-

PR0004078,"HONEY BAKED HAM","71634 HWY 111 ",Rancho Mirage,CA,92270-

PR0004079,"KOBE JAPANESE STEAK HOUSE LLC","69838 HWY 111 ",Rancho Mirage,CA,92270-

PR0004080,"LAS CASUELAS NUEVAS","70050 HWY 111 ",Rancho Mirage,CA,92270-

PR0004082,"LORD FLETCHER INN","70385 HWY 111 ",Rancho Mirage,CA,92270-

PR0004086,"MISSION HILLS TENNIS CLUB SNACK BAR","34600 MISSION HILLS DR ",Rancho Mirage,CA,92270-

PR0004087,"HALF-WAY, MISSION HILLS COUNTRY CL","100 SUNNINGDALE DR ",Rancho Mirage,CA,92270-

PR0004091,"THE SPRINGS CLUB","0 ONE DUKE DR ",Rancho Mirage,CA,92270-

PR0004092,"THE SPRINGS CLUB","0 ONE DUKE DR ",Rancho Mirage,CA,92270-

PR0004093,"SUNRISE COUNTRY CLUB","71601 COUNTRY CLUB DR ",Rancho Mirage,CA,92270-

PR0004094,"SUNRISE COUNTRY CLUB SNACK BAR","71601 COUNTRY CLUB DR ",Rancho Mirage,CA,92270-

PR0004095,"TAMARISK COUNTRY CLUB","70240 FRANK SINATRA DR ",Rancho Mirage,CA,92270-

PR0004096,"TAMARISK COUNTRY CLUB SNACK BAR","70240 FRANK SINATRA DR ",Rancho Mirage,CA,92270-

PR0004097,"THUNDERBIRD COUNTRY CLUB","70612 HWY 111 ",Rancho Mirage,CA,92270-

PR0004098,"THUNDERBIRD COUNTRY CLUB-HALFWAY","70612 HWY 111 ",Rancho Mirage,CA,92270-

PR0004111,"CIRCLE K FOOD STORE #564","73010 RAMON RD ",THOUSAND PALMS,CA,92276-

PR0004113,"EXCALIBUR MARKET","32510 MISSION TRL ",LAKE ELSINORE,CA,92530-

PR0004124,"ESPERANZA MARKET","24063 NEIGHBORS BLVD ",RIPLEY,CA,92272-

PR0004154,"ROUND UP LIQUORS","20651 PALOMAR ST ",WILDOMAR,CA,92595-

PR0004160,"HIDDEN BEACHES RIVER RESORT","6951 SIXTH AVE ",Blythe,CA,92225-

PR0004161,"LAKE SKINNER MARINA","37701 WARREN RD ",WINCHESTER,CA,92596-

PR0004192,"LAS TRES CONCHITAS BAKERY","1540 6TH ST ",COACHELLA,CA,92236-

PR0004224,"TRATTORIA TIRAMISU","72655 HWY 111 #B6 ",Palm Desert,CA,92260-

PR0004240,"CLUBHOUSE","73510 HWY 111 ",Palm Desert,CA,92260-

PR0004241,"CIRCLE K FOOD STORE #642","44775 SAN PABLO AVE ",Palm Desert,CA,92260-

PR0004267,"INDIO MUNICIPAL GOLF COURSE","83040 AVE 42 ",Indio,CA,92201-

PR0004335,"DESERT HORIZONS COUNTRY CLUB","44900 HORIZONS DR ",Indian Wells,CA,92210-

PR0004336,"DESERT HORIZONS COUNTRY CLUB","44900 HORIZONS DR ",Indian Wells,CA,92210-

PR0004337,"EL DORADO COUNTRY CLUB","0 EL DORADO DR ",Indian Wells,CA,92210-

PR0004338,"ELDORADO COUNTRY CLUB SNACK BAR","0 EL DORADO DR & FAIRWAY D",Indian Wells,CA,92210-

PR0004340,"INDIAN WELLS GOLF, INC.","46000 BAY CLUB DR ",Indian Wells,CA,92210-

PR0004347,"PALM SPRINGS HILTON","400 E TAHQUITZ-MCCALLUM ",Palm Springs,CA,92262-

PR0004348,"PALM SPRINGS HILTON","400 E TAHQUITZ-MCCALLUM ",Palm Springs,CA,92262-

PR0004349,"PALM SPRINGS HILTON","400 E TAHQUITZ-MCCALLUM ",Palm Springs,CA,92262-

PR0004350,"PALM SPRINGS HILTON","400 E TAHQUITZ-MCCALLUM ",Palm Springs,CA,92262-

PR0004356,"CARL'S JR. #14","3413 W FLORIDA AVE ",Hemet,CA,92545-

PR0004357,"MY BUDDIES PIZZA","2503 LAKESHORE DR ",LAKE ELSINORE,CA,92530-

PR0004366,"TRADITIONS CAFE","1885 GOLF CLUB DR ",Palm Springs,CA,92264-

PR0004379,"CASUELAS CAFE","73703 HWY 111 ",Palm Desert,CA,92260-

PR0004387,"ARRIOLA'S TORTILLERIA","82721 WILSON ST ",Indio,CA,92201-

PR0004395,"BOB'S TWIN KITCHEN","44325 JACKSON ST ",Indio,CA,92201-

PR0004414,"JOANNIE'S CANTINA","24750 WASHINGTON AVE ",Murrieta,CA,92562-

PR0004422,"JACKY'S DONUTS","27388 SUN CITY BLVD ",SUN CITY,CA,92586-

PR0004426,"UPPER CRUST PIZZA","67555 E PALM CANYON RD ",Cathedral City,CA,92234-

PR0004427,"VINTAGE CLUB, THE /MAIN KITCHEN","75001 VINTAGE DR W ",Indian Wells,CA,92210-

PR0004428,"CARNICERIA RANCHO GRANDE","68300 RAMON RD # 3",Cathedral City,CA,92234-

PR0004436,"DEL TACO #413","14290 PALM DR ",Desert Hot Springs,CA,92240-

PR0004440,"TAQUERIA TORTILLA FACTORY","35270 DATE PALM DR ",Cathedral City,CA,92234-

PR0004442,"DON DIEGO'S","74969 HWY 111 ",Indian Wells,CA,92210-

PR0004443,"FIRESIDE LOUNGE","696 S OLEANDER RD ",Palm Springs,CA,92262-

PR0004445,"THE CLUB AT MORNINGSIDE","39033 MORNINGSIDE DR ",Rancho Mirage,CA,92270-

PR0004446,"ARMANDO'S BAR & GRILL INC","73260 EL PASEO 1A",Palm Desert,CA,92260-

PR0004450,"RICCIO'S STEAK & SEAFOOD","495 N PALM CANYON DR ",Palm Springs,CA,92262-

PR0004451,"WANG'S IN THE DESERT","424 S INDIAN CANYON DR ",Palm Springs,CA,92262-

PR0004452,"DEL TACO #395","27445 JEFFERSON AVE ",TEMECULA,CA,92590-

PR0004455,"SUPREME DRAGON SEAFOOD RESTAURANT","4771 E PALM CANYON DR ",Palm Springs,CA,92264-

PR0004456,"THE CLUB AT MORNINGSIDE (CLUB 20)","39033 MORNINGSIDE DR ",Rancho Mirage,CA,92270-

PR0004461,"J J`S","1550 N PALM CANYON DR ",Palm Springs,CA,92262-

PR0004466,"DEL TACO #453","2444 N PALM CANYON DR ",Palm Springs,CA,92262-

PR0004467,"EL CHARRO AUTHENTIC MEXICAN FOOD","10342 BEAUMONT AVE ",Cherry Valley,CA,92223-

PR0004470,"WANG'S PALACE","719 W HOBSONWAY ",Blythe,CA,92225-

PR0004472,"FOX CINEPLEX THEATER","60 W RAMSEY ST ",Banning,CA,92220-

PR0004474,"MARISCOS MELGOZA","24701 ALESSANDRO BLVD ",Moreno Valley,CA,92557-

PR0004477,"EL MIRASOL","140 E PALM CANYON DR ",Palm Springs,CA,92262-

PR0004478,"MCDONALD'S","14280 PALM DR ",Desert Hot Springs,CA,92240-

PR0004479,"VAGABOND INN","1699 S PALM CANYON DR ",Palm Springs,CA,92264-

PR0004480,"BEER HUNTER SPORTS BAR & GRILL","78483 HWY 111 ",LA QUINTA,CA,92253-

PR0004484,"LAKES COUNTRY CLUB CLUBHOUSE","161 OLD RANCH RD ",Palm Desert,CA,92260-

PR0004485,"STREET BAR","224 E ARENAS RD ",Palm Springs,CA,92262-

PR0004486,"MCDONALD'S","31650 MISSION TRL ",LAKE ELSINORE,CA,92530-

PR0004501,"CINEMAS PALME D'OR","72840 HWY 111 ",Palm Desert,CA,92260-

PR0004503,"NICOLINO'S ITALIAN RESTAURANT","35325 DATE PALM DR ",Cathedral City,CA,92234-

PR0004504,"TAQUERIA IXTLAN","83233 INDIO BLVD ",Indio,CA,92201-

PR0004505,"LA GRAN FIESTA RESTAURANT","35325 DATE PALM DR ",Cathedral City,CA,92234-

PR0004506,"SLOAN'S","81539 HWY 111 ",Indio,CA,92201-

PR0004510,"LAWRENCE WELK'S DESERT OASIS (POOL","34567 CATHEDRAL CANYON DR ",Cathedral City,CA,92234-

PR0004511,"KFC OF PALM DESERT, INC.","13947 PALM DR ",Desert Hot Springs,CA,92240-

PR0004512,"MILANO'S PIZZA","269 E STETSON AVE ",Hemet,CA,92543-

PR0004517,"PALO VERDE HOSPITAL (CAFETERIA)","250 N FIRST ST ",Blythe,CA,92225-

PR0004525,"KENTUCKY FRIED CHICKEN","3440 E FLORIDA AVE ",Hemet,CA,92544-

PR0004529,"EL UNICO","243 S MAIN ST ",LAKE ELSINORE,CA,92530-

PR0004532,"LAKES COUNTRY CLUB SANTA FE GRILL","161 OLD RANCH RD ",Palm Desert,CA,92260-

PR0004538,"TARGET #T-307","67750 PALM CANYON ",Cathedral City,CA,92234-

PR0004539,"LITTLE CAESAR'S PIZZA","31703 RIVERSIDE DR #1",LAKE ELSINORE,CA,92530-

PR0004542,"DONUT FACTORY","3081 W RAMSEY ST Ste.A",Banning,CA,92220-

PR0004545,"POPEYES FRIED CHICKEN","700 W DEKEMA ",Blythe,CA,92225-

PR0004549,"ROUND TABLE PIZZA","81637 HWY 111 ",Indio,CA,92201-

PR0004553,"MISSION HILLS COUNTRY CLUB","34600 MISSION HILLS DR ",Rancho Mirage,CA,92270-

PR0004564,"JUNGLE JUICE CAFE","1923 E FLORIDA AVE ",Hemet,CA,92544-

PR0004566,"MANNA DONUTS","846 E 6TH ST ",BEAUMONT,CA,92223-

PR0004581,"OO DONUTS","535 N SAN JACINTO ST ",Hemet,CA,92543-

PR0004582,"DEL TACO #714","25024 ALESSANDRO BLVD ",Moreno Valley,CA,92552-

PR0004589,"PIZZA BOWL","31681 RIVERSIDE DR ",LAKE ELSINORE,CA,92530-

PR0004590,"DEL TACO #829","39500 BERKEY ",Palm Desert,CA,92211-

PR0004593,"DELGADO'S RESTAURANT","517 E MAIN ST ",SAN JACINTO,CA,92583-

PR0004596,"PALM VALLEY C.C. BOGIE'S GRILL","76200 PALM VALLEY DR ",Palm Desert,CA,92211-

PR0004599,"THE WHEELHOUSE SKATE CTR.","2850 W FLORIDA AVE ",Hemet,CA,92543-

PR0004600,"CLUB AT MORNINGSIDE","39033 MORNINGSIDE DR ",Rancho Mirage,CA,92270-

PR0004601,"PENFOLD'S CAFE & BAKERY","28250 OLD TOWN FRONT ST ",TEMECULA,CA,92590-

PR0004606,"RISTORANTE MAMMA GINA","73705 EL PASEO ",Palm Desert,CA,92260-

PR0004610,"RAMSEY BURGER","1901 W RAMSEY ST ",Banning,CA,92220-

PR0004612,"DESERT PRINCESS COUNTRY  CLUB-BAR","28555 LANDAU BLVD ",Cathedral City,CA,92234-

PR0004615,"JOHN'S RESTAURANT","74601 HWY 111 ",Palm Desert,CA,92260-

PR0004618,"PALM VALLEY COUNTRY CLUB","76200 COUNTRY CLUB DR ",Palm Desert,CA,92260-

PR0004623,"CARL'S JR. #731","2520 N PALM CANYON DR ",Palm Springs,CA,92262-

PR0004634,"TAQUERIA GUERRERO","81576 HWY 111 ",Indio,CA,92201-

PR0004639,"HARD HATS SPORTS GRILL","27713 JEFFERSON AVE STE 101",TEMECULA,CA,92590-

PR0004641,"BERMUDA DUNES C.C. SNACK BAR","42360 ADAMS ST ",Bermuda Dunes,CA,92201-

PR0004645,"CARL'S JR. #762","251 Diamond Dr ",LAKE ELSINORE,CA,92530-

PR0004646,"MCDONALD'S","28100 Jefferson Ave ",TEMECULA,CA,92592-

PR0004649,"ALDENTE PASTA","491 N PALM CANYON DR ",Palm Springs,CA,92262-

PR0004651,"HYATT REGENCY SUITES PALM SPRINGS","285 N PALM CANYON DR ",Palm Springs,CA,92262-

PR0004666,"JACK IN THE BOX #3182","31650 RIVERSIDE DR ",LAKE ELSINORE,CA,92530-

PR0004668,"MISSION HILLS C. C. SNACK BAR","34600 MISSION HILLS DR ",Rancho Mirage,CA,92270-

PR0004670,"CATALINA SPA COUNTRY STORE","18800 CORKILL RD ",Desert Hot Springs,CA,92240-

PR0004671,"SUBWAY #1459","1410 S SAN JACINTO AVE ",SAN JACINTO,CA,92583-

PR0004675,"BRIAN'S FREEWAY SHELL","201 S LOVEKIN BLVD ",Blythe,CA,92225-

PR0004679,"MORENO'S BAKERY","49829 HARRISON BLVD ",COACHELLA,CA,92236-

PR0004682,"FAMILY BASKET","670 W 7TH ST ",Perris,CA,92570-

PR0004693,"EISENHOWER MEDICAL CENTER KEWITT BLG","39000 BOB HOPE DR ",Rancho Mirage,CA,92270-

PR0004694,"CINEMAS PALME D'OR","72840 HWY 111 #C102",Palm Desert,CA,92260-

PR0004699,"LA CAZUELA","52805 HARRISON ST ",COACHELLA,CA,92236-

PR0004707,"CJ'S DINER","74894 LENNON PL #H-1",Palm Desert,CA,92260-

PR0004723,"LE DONNE CUCINA ITALIANA","72624 EL PASEO ",Palm Desert,CA,92260-

PR0004725,"DEL TACO #202","1401 SAN JACINTO AVE ",SAN JACINTO,CA,92583-

PR0004727,"PAPA DAN'S PIZZA-PASTA","73131 COUNTRY CLUB DR ",Palm Desert,CA,92260-

PR0004728,"RANDY'S CAFE","73560 HWY 111 Ste.B",Palm Desert,CA,92260-

PR0004729,"OASIS COUNTRY CLUB","42300 CASBAH WAY ",Palm Desert,CA,92260-

PR0004730,"OASIS GRILL","42300 CASBAH WAY ",Palm Desert,CA,92260-

PR0004732,"Hyatt Regency of IW/Employee Cafe","44600 INDIAN WELLS LN ",Indian Wells,CA,92210-

PR0004733,"BEST WESTERN PALM DESERT RESORT","74695 HWY 111 ",Palm Desert,CA,92260-

PR0004739,"ROCKYS NEW YORK PIZZA","12856 PALM DR ",Desert Hot Springs,CA,92240-

PR0004744,"SIZZLER","1750 RAMSEY ST W ",Banning,CA,92220-

PR0004749,"CASTLE PARK - POPCORN WAGON","3500 POLK ST ",Riverside,CA,92505-

PR0004754,"MARRIOTT'S DESERT SPRS. RESORT SPA - STARBUCKS","74855 COUNTRY CLUB DR ",Palm Desert,CA,92260-

PR0004755,"MARRIOTT'S DESERT SPRS. RESORT-SPA","74855 COUNTRY CLUB DR ",Palm Desert,CA,92260-

PR0004756,"MARRIOTT'S DESERT SPRS. RESORT-SPA","74855 COUNTRY CLUB DR ",Palm Desert,CA,92260-

PR0004757,"OCEANS","67555 HWY 111 ",Cathedral City,CA,92234-

PR0004763,"MARRIOTT'S DESERT SPRS. RESORT-SPA","74855 COUNTRY CLUB DR ",Palm Desert,CA,92260-

PR0004764,"MARRIOTT'S DESERT SPRS. RESORT-SPA","74855 COUNTRY CLUB DR ",Palm Desert,CA,92260-

PR0004767,"MARRIOTT'S DESERT SPRINGS RESORT (OASIS SB)","74855 COUNTRY CLUB DR ",Palm Desert,CA,92260-

PR0004771,"OASIS RETREAT CENTER","73200 DILLON RD ",Desert Hot Springs,CA,92241-

PR0004776,"MARRIOTT'S DESERT SPRINGS RESORT - SPA","74855 COUNTRY CLUB DR ",Palm Desert,CA,92260-

PR0004777,"MARRIOTT'S DESERT SPRS. RESORT SPA BISTRO","74855 COUNTRY CLUB DR ",Palm Desert,CA,92260-

PR0004778,"MARRIOTT'S DESERT SPRS. RESORT-SPA","74855 COUNTRY CLUB DR ",Palm Desert,CA,92260-

PR0004788,"KING DONUTS","24100 ALESSANDRO BLVD ",Moreno Valley,CA,92553-

PR0004793,"SUN LAKES COUNTRY CLUB HOA","850 S COUNTRY CLB ",Banning,CA,92220-

PR0004799,"NEW YORK PIZZERIA","546 MYRTLEWOOD DR ",CALIMESA,CA,92320-

PR0004803,"VINCE'S SPAGHETTI EXPRESS","28145 JEFFERSON ",TEMECULA,CA,92590-

PR0004805,"PASTRY SWAN BAKERY","73560 EL PASEO ",Palm Desert,CA,92260-

PR0004807,"DEL TACO #209","27453 YNEZ RD ",TEMECULA,CA,92591-

PR0004808,"Gus Jr Restaurant","1531 E FLORIDA AVE ",Hemet,CA,92544-

PR0004812,"JC'S PATIO CAFE","73200 EL PASEO ",Palm Desert,CA,92260-

PR0004815,"DOMINO'S PIZZA","31546 RAILROAD CANYON RD ",CANYON LAKE,CA,92587-

PR0004820,"WENDY'S OLD FASHIONED HAMBURGERS","27925 ENCANTO DR ",SUN CITY,CA,92586-

PR0004824,"MIRO'S RESTAURANT","1555 S PALM CANYON DR ",Palm Springs,CA,92262-

PR0004825,"THOMAS CATERING","2593 S SAN JACINTO Ave",SAN JACINTO,CA,92583-

PR0004828,"EL POLLO LOCO #6009","32089 DATE PALM DR ",Cathedral City,CA,92234-

PR0004830,"RENAISSANCE PS HOTEL - MAIN KITCHEN","888 TAHQUITZ CANYON WAY ",Palm Springs,CA,92262-

PR0004838,"INDIAN WELLS RESORT","76661 HWY 111 ",Indian Wells,CA,92210-

PR0004839,"PALM SPRINGS STADIUM 9","789 E TAHQUITZ CANYON WAY ",Palm Springs,CA,92262-

PR0004840,"FONG LAM","49707 HARRISON ST ",COACHELLA,CA,92236-

PR0004847,"CASA JIMENEZ","411 WILKERSON AVE ",Perris,CA,92570-

PR0004848,"MAXCY'S GRILL","81106 HWY 111 ",Indio,CA,92201-

PR0004849,"VILLA BAKERY","67470 RAMON RD ",Cathedral City,CA,92235-

PR0004853,"ANNIE'S CAFE","32251 MISSION TRL ",LAKE ELSINORE,CA,92330-

PR0004858,"RESTAURANTE GUILLERMO'S","72850 EL PASEO ",Palm Desert,CA,92260-

PR0004859,"EL POLLO LOCO #5508","81901 HWY 111 ",Indio,CA,92201-

PR0004861,"PALM CANYON RESORT & SPA V.P.O.A.","2800 S PALM CANYON DR ",Palm Springs,CA,92264-

PR0004870,"MISSION HILLS COUNTRY CLUB","70520 DINAH SHORE DR ",Rancho Mirage,CA,92270-

PR0004876,"CARL'S JR. #793","72305 VARNER RD ",THOUSAND PALMS,CA,92276-

PR0004879,"RENAISSANCE PS HOTEL - EMP. KITCHEN","888 TAHQUITZ CANYON WAY ",Palm Springs,CA,92262-

PR0004881,"TORTILLA'S RESTAURANT","32123 CATHEDRAL CANYON DR ",Cathedral City,CA,92234-

PR0004884,"PALM SPRINGS CONVENTION CENTER","277 N CABALLEROS AVDA ",Palm Springs,CA,92262-

PR0004886,"TACO BELL","375 S LOVEKIN BLVD ",Blythe,CA,92225-

PR0004893,"DEL TACO #223","72325 VARNER RD ",THOUSAND PALMS,CA,92276-

PR0004894,"SUBWAY #3031","24990 ALESSANDRO BLVD A",Moreno Valley,CA,92553-

PR0004902,"DOMINO'S PIZZA","51616 HARRISON ST ",COACHELLA,CA,92236-

PR0004903,"Pilot Travel Center #765","72235 VARNER RD ",THOUSAND PALMS,CA,92276-

PR0004904,"EL RANCHITO TACO SHOP","31855 DATE PALM DR #12",Cathedral City,CA,92234-

PR0004907,"SIDELINES SPORTS BAR & GRILL","24910 WASHINGTON AVE ",Murrieta,CA,92562-

PR0004910,"IN-N-OUT BURGER INC. #50","72265 VARNER RD ",THOUSAND PALMS,CA,92276-

PR0004915,"IN-N-OUT BURGER INC. #51","82043 HWY 111 ",Indio,CA,92201-

PR0004921,"SANSUI SUSHI","29280 CENTRAL AVE Ste.K",LAKE ELSINORE,CA,92532-

PR0004922,"CAFE DANIEL","28601 FRONT ST STE.F",TEMECULA,CA,92591-

PR0004931,"MARRIOTT COURTYARD","1300 TAHQUITZ WAY ",Palm Springs,CA,92262-

PR0004933,"THE WEDGE RESTAURANT","74855 COUNTRY CLUB DR ",Palm Desert,CA,92260-

PR0004942,"VILLA ROYALE INN","1620 S INDIAN TR ",Palm Springs,CA,92264-

PR0004944,"Hyatt Regency of IW/Lantana","44600 INDIAN WELLS LN ",Indian Wells,CA,92210-

PR0004949,"TOWN CENTER CAFE","44491 TOWN CENTER WAY ",Palm Desert,CA,92260-

PR0004952,"CARL'S JR. #522","69 NUEVO RD ",Perris,CA,92571-

PR0004971,"STARBUCKS #5235","101 S PALM CANYON DR ",Palm Springs,CA,92262-

PR0004974,"LITTLE CAESAR'S  PIZZA #5855","1336 E FLORIDA AVE ",Hemet,CA,92544-

PR0004985,"PALMIE RESTAURANT","44491 TOWN CENTER WY ",Palm Desert,CA,92260-

PR0004988,"MENOS BURGERS MEXICAN & AMERICAN","1200 W FLORIDA AVE X",Hemet,CA,92543-

PR0005001,"CHINA 8","31855 DATE PALM DR 8",Cathedral City,CA,92234-

PR0005002,"GUS JR. #7","3559 W RAMSEY ST ",Banning,CA,92220-

PR0005009,"Los Portales Taco Shop","1497 S SAN JACINTO AVE ",SAN JACINTO,CA,92583-

PR0005014,"GOLDEN SPOON FROZEN YOGURT","27636 YNEZ RD L-1",TEMECULA,CA,92591-

PR0005026,"IN-N-OUT BURGER #54","330 RAILROAD CANYON RD ",LAKE ELSINORE,CA,92530-

PR0005033,"SUBWAY #4957","41995 E FLORIDA AVE ",Hemet,CA,92543-

PR0005034,"DRAGON EXPRESS","29588 RANCHO CALIFORNIA RD #K11",TEMECULA,CA,92591-

PR0005038,"RANCHO DONUTS","29588 RANCHO CALIFORNIA RD K3",TEMECULA,CA,92591-

PR0005039,"LITTLE CAESAR'S PIZZA  #5868","14940 PERRIS BLVD B",Moreno Valley,CA,92553-

PR0005040,"VICKY'S OF SANTA FE","45100 CLUB DR ",Indian Wells,CA,92210-

PR0005041,"Renaissance Indian Wells Resort","44400 INDIAN WELLS LN ",Indian Wells,CA,92210-

PR0005042,"Renaissance Indian Wells Resort","44400 INDIAN WELLS LN ",Indian Wells,CA,92210-

PR0005043,"Renaissance Indian Wells Resort","44400 INDIAN WELLS LN ",Indian Wells,CA,92210-

PR0005049,"DOMINO'S PIZZA","26920 CHERRY HILLS BLVD ",SUN CITY,CA,92586-

PR0005051,"SERRANO'S FRESCO GRILL","27315 JEFFERSON AVE ",TEMECULA,CA,92590-

PR0005053,"DONUT STAR","16738 LAKESHORE DR ",LAKE ELSINORE,CA,92530-

PR0005056,"Renaissance Of Indian Wells - SPC","44400 INDIAN WELLS LN ",Indian Wells,CA,92210-

PR0005060,"CARL'S JR. #811","40050 WASHINGTON ST ",Bermuda Dunes,CA,92201-

PR0005067,"MR. DONUT","14910 PERRIS BLVD STE.I",Moreno Valley,CA,92553-

PR0005068,"Renaissance Indian Wells Resort","44400 INDIAN WELLS LN ",Indian Wells,CA,92210-

PR0005069,"MARGE'S EXPRESSO BAR","69411 RAMON RD ",Cathedral City,CA,92234-

PR0005072,"SUBWAY","40100 WASHINGTON ST #101",Bermuda Dunes,CA,92201-

PR0005075,"P & G BURGER","24992 ALESSANDRO BLVD ",Moreno Valley,CA,92552-

PR0005081,"OPEN AIR COURTYARD","266 S PALM CANYON DR ",Palm Springs,CA,92262-

PR0005084,"LA BELLA ROMA","68100 RAMON RD C2-3",Cathedral City,CA,92234-

PR0005085,"TEDDY'S DONUTS","40100 WASHINGTON ST #139",Bermuda Dunes,CA,92201-

PR0005087,"DESERT FALLS COUNTRY CLUB","1111 DESERT FALLS PKWY ",Palm Desert,CA,92260-

PR0005095,"IDYLLWILD SHELL","26128 HWY 243 ",IDYLLWILD,CA,92549-

PR0005103,"STEER N' STEIN","14950 PERRIS BLVD ",Moreno Valley,CA,92552-

PR0005107,"THAI DINETTE","14910 PERRIS BLVD STE.C",Moreno Valley,CA,92553-

PR0005112,"DON & SWEET SUE'S","68955 RAMON RD1 ",Cathedral City,CA,92234-

PR0005113,"ARBY'S","27702 JEFFERSON AVE ",TEMECULA,CA,92590-

PR0005114,"JOE'S SUSHI","40100 WASHINGTON ST ",Bermuda Dunes,CA,92201-

PR0005115,"CHEF GEORGE'S","40100 WASHINGTON ST #125",Bermuda Dunes,CA,92201-

PR0005121,"SIZZLER","91 W NUEVO RD ",Perris,CA,92570-

PR0005124,"DATTILO RISTORANTE ITALIANO","2288 E FLORIDA AVE ",Hemet,CA,92544-

PR0005126,"VINTAGE CLUB/HALF WAY","75001 VINTAGE DR W ",Indian Wells,CA,92210-

PR0005129,"TAQUERIA NAYARIT","31735 RIVERSIDE DR D",LAKE ELSINORE,CA,92530-

PR0005134,"BEST WESTERN LAS BRISAS HOTEL","222 S INDIAN AVE ",Palm Springs,CA,92262-

PR0005135,"LITTLE CAESAR","511 E 4TH ST ",Perris,CA,92570-

PR0005143,"SUNCREST COUNTRY CLUB","73450 COUNTRY CLUB DR ",Palm Desert,CA,92260-

PR0005145,"BLUE COYOTE GRILL","445 N PALM CANYON DR ",Palm Springs,CA,92262-

PR0005151,"MCDONALD'S","39888 LOS ALAMOS RD ",Murrieta,CA,92562-

PR0005156,"Nekko Sushi & Cuisine","32251 MISSION TRAIL RD G-6 & 7 ",LAKE ELSINORE,CA,92330-

PR0005160,"LE BASIL RESTAURANT","72695 HWY 111 STE 9",Palm Desert,CA,92260-

PR0005173,"SUBWAY #7070","67730 E PALM CYN ",Cathedral City,CA,92234-

PR0005175,"EL POLLO LOCO #6008","67740 HWY 111 ",Cathedral City,CA,92234-

PR0005176,"SUBWAY #3424","14212 PALM DR A3",Desert Hot Springs,CA,92240-

PR0005181,"HYATT REGENCY SUITES PALM SPRINGS","285 N PALM CANYON DR ",Palm Springs,CA,92262-

PR0005182,"DEL TACO #238","16810 LAKESHORE DR ",LAKE ELSINORE,CA,92530-

PR0005184,"JACK IN THE BOX #3224","22485 ALESSANDRO BLVD ",Moreno Valley,CA,92553-

PR0005188,"THE COLONY AT CALIFORNIA OAKS","40710 AVENIDA FLORITA ",Murrieta,CA,92562-

PR0005206,"CARL'S JR. #818","44515 BEDFORD CT ",TEMECULA,CA,92592-

PR0005213,"CARNITAS EXPRESS","26900 NEWPORT RD ",Menifee,CA,92584-

PR0005214,"LOS VAQUERO'S","3909 W FLORIDA AVE ",Hemet,CA,92545-

PR0005216,"VILLA MARKET PLACE #88964","1091 PINEHURST LN ",Palm Desert,CA,92260-

PR0005217,"MARISCOCO'S CULIACAN","51679 HARRISON ST ",COACHELLA,CA,92236-

PR0005219,"JUAN POLLO","27548 YNEZ RD ",TEMECULA,CA,92591-

PR0005231,"HONEYCUTT FARMS","40477 MURRIETA HOT SPRINGS RD ",Murrieta,CA,92563-

PR0005233,"HEMET HOSPITAL CAFETERIA","1117 E DEVONSHIRE AVE ",Hemet,CA,92543-

PR0005246,"MENIFEE VALLEY MEDICAL CENTER","28400 MCCALL BLVD ",SUN CITY,CA,92586-

PR0005247,"PALERMO'S NEW YORK PIZZA & PASTA","400 S EL CIELO RD C",Palm Springs,CA,92262-

PR0005250,"BANIG RESTAURANT/FILIPANO ORIENTAL","23962 ALESSANDRO BLVD F",Moreno Valley,CA,92553-

PR0005251,"IN-N-OUT BURGER","27700 JEFFERSON AVE",TEMECULA,CA,92590-

PR0005255,"DAIRY QUEEN OF MORENO VALLEY","24021 ALESSANDRO BLVD ",Moreno Valley,CA,92552-

PR0005262,"MCDONALDS #11549","24440 ALESSANDRO BLVD ",Moreno Valley,CA,92551-

PR0005277,"GUACAMOLES","555 S SUNRISE WAY 108 ",Palm Springs,CA,92262-

PR0005279,"SWISS DONUT","555 S SUNRISE WAY #102",Palm Springs,CA,92264-

PR0005285,"CAMPINI'S ITALIAN DELI","28860 OLD TOWN FRONT ST A1",TEMECULA,CA,92590-

PR0005292,"POMME FRITE","256 S PALM CANYON DR ",Palm Springs,CA,92262-

PR0005294,"STADIUM PIZZA","701 W ESPLANADE ",SAN JACINTO,CA,92583-

PR0005297,"SIZZLER","40489 MURRIETA HOT SPRINGS RD ",Murrieta,CA,92562-

PR0005302,"CASILLAS BAKERY II","45228 OASIS ST ",Indio,CA,92201-

PR0005318,"AMERICAN LEGION POST #200","18871 GRAND AVE ",LAKE ELSINORE,CA,92330-

PR0005326,"PAM'S DONUTS","30550 RANCHO CALIFORNIA RD ",TEMECULA,CA,92390-

PR0005328,"GOURMET ITALIA","27495 YNEZ RD ",TEMECULA,CA,92591-

PR0005334,"SAN GORGONIO MEMORIAL HOSPITAL","600 N HIGHLAND SPRINGS AVE ",Banning,CA,92220-

PR0005335,"TEMECULA PIZZA CO., INC.","44535 BEDFORD CT ",TEMECULA,CA,92390-

PR0005340,"MSR MEXICAN FOOD","40575 CALIFORNIA OAKS #D5",Murrieta,CA,92562-

PR0005341,"DONUT STAR","40525 CALIFORNIA OAKS RD E-7",Murrieta,CA,92562-

PR0005343,"EMBASSY SUITES TEMECULA","29345 RANCHO CALIFORNIA RD ",TEMECULA,CA,92591-

PR0005356,"VILLAGE PUB","266 S PALM CANYON DR ",Palm Springs,CA,92262-

PR0005359,"EL JALAPENO RESTAURANT","199 N STATE ST ",Hemet,CA,92543-

PR0005365,"DON JOSE RESTAURANT","31712 CASINO DR ",LAKE ELSINORE,CA,92530-

PR0005366,"CARL'S JR. #873","32250 DATE PALM DR ",Cathedral City,CA,92235-

PR0005368,"DEL TACO #249","40465 ALTA MURRIETA DR ",Murrieta,CA,92562-

PR0005382,"FARMER BOY RESTAURANT","145 E RAMONA EXPY ",Perris,CA,92570-

PR0005407,"Nuevo Donuts & Ice Cream","29618 NUEVO RD B2",NUEVO,CA,92567-

PR0005410,"TEMEKU CINEMAS","26463 YNEZ RD ",TEMECULA,CA,92591-

PR0005411,"JACK IN THE BOX #3248","39878 LOS ALAMOS RD ",Murrieta,CA,92563-

PR0005415,"TACO CHIRO","14051 INDIAN AVE ",Moreno Valley,CA,92553-

PR0005422,"GIOVANNI'S PIZZA & PASTA","26900 NEWPORT RD 112",SUN CITY,CA,92584-

PR0005426,"PIZZA TIME","2055 N PERRIS BLVD #A7",Perris,CA,92571-

PR0005442,"WIENERSCHNITZEL","3513 FLORIDA AVE W ",Hemet,CA,92545-

PR0005447,"MARISCOS NAYARIT","31733 RIVERSIDE DR ",LAKE ELSINORE,CA,92530-

PR0005451,"CARL'S JR. #627","22580 CACTUS AVE ",Moreno Valley,CA,92553-

PR0005452,"ROSA'S CANTINA","28636 OLD TOWN FRONT ST ",TEMECULA,CA,92590-

PR0005455,"EL SALVADOR CAFE","1751 N SUNRISE  #F2 ",Palm Springs,CA,92262-

PR0005458,"TACO BELL #4599","43466 E FLORIDA AVE ",Hemet,CA,92554-

PR0005460,"PEABODY'S COFFEE BAR","134 S PALM CANYON DR ",Palm Springs,CA,92262-

PR0005466,"MISS DONUTS","25030 HANCOCK AVE 105",Murrieta,CA,92562-

PR0005471,"WESTIN MISSION HILLS GARY PLAYER","70705 RAMON RD ",Rancho Mirage,CA,92270-

PR0005473,"EL TACO ASADO RESTAURANT","440 EL CIELO Rd #19 -20",Palm Springs,CA,92262-

PR0005485,"PORTOLA COUNTRY CLUB","42500 PORTOLA AVE ",Palm Desert,CA,92260-

PR0005489,"TIO'S TACO #3","24195 SUNNYMEAD BLVD ",Moreno Valley,CA,92553-

PR0005492,"ALKOBAR QUICK STOP","42005 COOK ST ",Palm Desert,CA,92260-

PR0005498,"TEMECULA STAMPEDE","28721 FRONT ST ",TEMECULA,CA,92590-

PR0005510,"RED ROBIN BURGER & SPIRITS","419 MCKINLEY ST ",Corona,CA,92879-

PR0005511,"J.R.'S FAMILY RESTAURANT","41833 E FLORIDA AVE ",Hemet,CA,92544-

PR0005518,"DAIRY QUEEN OF MURRIETA","40720 CALIFORNIA OAKS RD ",Murrieta,CA,92562-

PR0005525,"PLAZA GARIBALDI RESTAURANT","50057 HARRISON ST ",COACHELLA,CA,92236-

PR0005527,"CASTANEDA'S MEXICAN FOOD","28005 BRADLEY RD ",SUN CITY,CA,92586-

PR0005540,"SHOOTERS SPORTS & GRILL","10226 INDIANA AVE ",Riverside,CA,92503-

PR0005542,"GOLDEN SWIRL FROZEN YOGURT","4250 VAN BUREN BLVD ",Riverside,CA,92503-

PR0005544,"KAISER GRILL PALM SPRINGS","205 S PALM CANYON DR ",Palm Springs,CA,92262-

PR0005551,"RUBEN'S TACOS #3","7107 ARLINGTON AVE D",Riverside,CA,92503-

PR0005560,"TOM'S FARMS OLD FASHION HAMBURGERS","23950 TEMESCAL CANYON RD ",Corona,CA,92883-

PR0005561,"SLICKS","1825 HAMNER AVE J",NORCO,CA,92860-

PR0005562,"CHUCK E. CHEESE'S #414","25110 HANCOCK AVE ",Murrieta,CA,92563-

PR0005571,"NO DA TE RESTAURANT","73655 EL PASEO STE# T&M",Palm Desert,CA,92260-

PR0005575,"LAS CARRETAS TACO SHOP","67555 E PALM CANYON DR ",Cathedral City,CA,92234-

PR0005583,"DENNY'S #6863","72248 VARNER RD ",THOUSAND PALMS,CA,92276-

PR0005593,"ST. GEORGE ORTHODOX  CHURCH","74109 LARREA ST ",Palm Desert,CA,92261-

PR0005596,"DOMINO'S PIZZA","13900 PALM DR ",Desert Hot Springs,CA,92240-

PR0005600,"STARBUCKS #5369","2264 GALLERIA TYLER ",Riverside,CA,92503-

PR0005609,"COFFEE COURT","3649 10TH ST ",Riverside,CA,92502-

PR0005612,"STARBUCKS #5370","1201 UNIVERSITY AVE 101",Riverside,CA,92507-

PR0005626,"JERI'S MEXICAN FOOD","475 W STETSON AVE H",Hemet,CA,92543-

PR0005629,"DOMINO'S PIZZA","4955 FELSPAR ST E ",Riverside,CA,92509-

PR0005632,"STARBUCKS #5331","74600 HWY 111 ",Palm Desert,CA,92260-

PR0005642,"JUICE IT UP","1201 UNIVERSITY AVE 114",Riverside,CA,92507-

PR0005645,"MAMACITA'S","74991 VELIE WAY ",Palm Desert,CA,92260-

PR0005653,"RUBIO'S BAJA GRILL #066","1201 UNIVERSITY AVE ",Riverside,CA,92507-

PR0005657,"TACO BELL #19515","41005 WINCHESTER RD ",TEMECULA,CA,92591-

PR0005662,"CAROUSEL CATERING INC.","1253 VALDIVIA WAY G",Palm Springs,CA,92262-

PR0005673,"RIVERSIDE CULINARY ACADEMY","1155 SPRUCE ST ",Riverside,CA,92507-

PR0005678,"CARL'S JR.","40980 CALIFORNIA OAKS RD ",Murrieta,CA,92562-

PR0005683,"APPLEBEE'S NEIGHBORHOOD GRILL & BAR","32400 DATE PALM DR ",Cathedral City,CA,92234-

PR0005688,"TACO BELL #19532","30115 ANTELOPE RD ",MENIFEE,CA,92584-

PR0005694,"JACK IN THE BOX #3366","9485 CALIFORNIA AVE ",Riverside,CA,92502-

PR0005704,"DOMINO'S PIZZA","19510 VAN BUREN BLVD #F-8",Riverside,CA,92506-

PR0005705,"INTERNATIONAL HOUSE OF PANCAKES","25340 MADISON AVE ",Murrieta,CA,92562-

PR0005709,"OVERFLOWING CUP","39405 MURRIETA HOT SPRINGS RD ",Murrieta,CA,92563-

PR0005712,"DEL TACO #961","69070 RAMON RD ",Cathedral City,CA,92234-

PR0005713,"SHOWGIRLS","68444 PEREZ RD ",Cathedral City,CA,92234-

PR0005724,"DOUGLAS BURGERS #23","18461 DEXTER AVE ",LAKE ELSINORE,CA,92532-

PR0005731,"BAGEL BISTRO","44489 TOWN CENTER WAY Ste.G",Palm Desert,CA,92260-

PR0005739,"THE SPURLINE","200 S INDIAN CANYON DR ",Palm Springs,CA,92262-

PR0005744,"PALM SPRINGS CANDY COMPANY","68845 PEREZ RD ",Cathedral City,CA,922347254-

PR0005752,"LG'S PRIME STEAKHOUSE LLC","255 S PALM CANYON DR ",Palm Springs,CA,92262-

PR0005753,"PHO VINAM","1201 UNIVERSITY AVE #107",Riverside,CA,92507-

PR0005762,"CARL'S JR. REST. #1157","26100 NEWPORT RD C",SUN CITY,CA,92584-

PR0005770,"SIMPLY CAKES, ETC...BAKERY","7784 LIMONITE AVE ",Riverside,CA,92509-

PR0005772,"Huerta's Restaurant","44216 JACKSON ST ",Indio,CA,92201-

PR0005781,"COSTCO DEPOT #960/#961","11600 RIVERSIDE DR ",Jurupa Valley,CA,91752-

PR0005782,"INDIAN RIDGE CC","76375 COUNTRY CLUB DR ",Palm Desert,CA,92211-

PR0005792,"BIGHORN GOLF CLUB INC.","310 CANYON DR ",Palm Desert,CA,92260-

PR0005795,"SUNNYMEAD PARK","12655 PERRIS BLVD ",Moreno Valley,CA,92552-

PR0005797,"MANILA GRILL RESTAURANT & BAKE SHOP","3848 MCKINLEY ST ",Corona,CA,92879-

PR0005809,"TRADITIONS GOLF CLUB","78505 OLD AVE 52",LA QUINTA,CA,92253-

PR0005813,"WATER N ICE","9011 MISSION BLVD ",Riverside,CA,92057-

PR0005815,"ROSITA'S MEXICAN CUISINE","611 W HOBSONWAY ",Blythe,CA,92225-

PR0005820,"EL POLLO LOCO #3477","31550 GRAPE ST ",LAKE ELSINORE,CA,92532-

PR0005822,"BAKER'S BURGERS #147","5396 MISSION BLVD ",Riverside,CA,92509-

PR0005826,"JACK IN THE BOX #3266","19586 VAN BUREN BLVD ",Riverside,CA,92508-

PR0005848,"WINGS & THINGS","40942 CALIFORNIA OAKS RD ",Murrieta,CA,92562-

PR0005858,"GUERRERO'S MEAT MARKET","81592 HWY 111 ",Indio,CA,92201-

PR0005861,"ZORBA'S RESTAURANT","450 IOWA AVE ",Riverside,CA,92507-

PR0005863,"AMERICAN  LEGION POST #848","312 E MAIN ST ",SAN JACINTO,CA,92583-

PR0005869,"STADIUM PIZZA - REDHAWK","31950 Temecula Pkwy",TEMECULA,CA,92592-

PR0005875,"FARMERS BOYS","3400 UNIVERSITY AVE ",Riverside,CA,92501-

PR0005877,"HUNTER'S VIDEO BAR","302 E ARENAS RD ",Palm Springs,CA,92262-

PR0005880,"COWGIRL CAFE - NORCO","2859 HAMNER AVE ",NORCO,CA,92860-

PR0005892,"IHOP","10301 MAGNOLIA AVE ",Riverside,CA,92503-

PR0005894,"BAKER'S BURGERS","2221 MAIN ST ",Riverside,CA,92501-

PR0005896,"MISSION TOBACCO LOUNGE","3630 UNIVERSITY AVE ",Riverside,CA,92501-

PR0005897,"JACK IN THE BOX #3391","32055 Temecula Pkwy ",TEMECULA,CA,92591-

PR0005901,"CHINA SUPER BUFFET","27624 JEFFERSON AVE ",TEMECULA,CA,92590-

PR0005903,"BOB'S BIG BOY RESTAURANT","540 SANDALWOOD DR ",CALIMESA,CA,92320-

PR0005904,"BANZAI","27533 JEFFERSON AVE ",TEMECULA,CA,92590-

PR0005919,"JACK IN THE BOX #3311","21960 BUNDY CANYON RD ",WILDOMAR,CA,92595-

PR0005921,"CARL'S JR. #1173","1120 HAMNER AVE ",NORCO,CA,92860-

PR0005925,"JACK IN THE BOX #3292","1180 E ONTARIO AVE ",Corona,CA,92881-

PR0005935,"OAK VALLEY GOLF CLUB HOUSE","1888 GOLF CLUB DR ",BEAUMONT,CA,92223-

PR0005936,"JARRITOS TROPICO ICE CREAM","34481 DATE PALM DR #2J",Cathedral City,CA,92234-

PR0005944,"AYRES HOTEL East","1900 FRONTAGE RD ",Corona,CA,92882-

PR0005946,"Oasis Cafe - Outdoor Resorts","80394 AVENUE 48 ",Indio,CA,92201-

PR0005948,"FAMILY A FAIR CONCESSIONS, INC.","18700 LAKE PERRIS DR ",Perris,CA,92571-

PR0005949,"CAFE AROMA","54750 N CIRCLE DR ",IDYLLWILD,CA,92549-

PR0005950,"INDIAN RIDGE CLUBHOUSE SNACK BAR","76375 Country Club DR #200",Palm Desert,CA,92211-

PR0005951,"INDIAN RIDGE COUNTRY CLUB-J.K.","348 CLUB DR ",Palm Desert,CA,92260-

PR0005952,"GOODTIMES PUB & GRILL","26345 HWY 243 ",IDYLLWILD,CA,92549-

PR0005953,"SHERMAN'S DELI AND BAKERY","73161 COUNTRY CLUB DR ",Palm Desert,CA,92260-

PR0005954,"IDYLLWILD PIZZA CO.","54391 VILLAGE CENTER DR ",IDYLLWILD,CA,925491542-

PR0005957,"FARFALLA'S CUCINA ITALIANA","5250 ARLINGTON AVE ",Riverside,CA,92504-
