Activity Date,Location ID,Location Name,Address,City,Zip,Daily Location ID,Location Description,Service Code,Service Code Description,Result Code,Inspection Result,Violation Code,Violation Description,Violation Degree Code,Violation Degree,Violation Status,Violation Status Description,Location 2,Count
11/17/2014,PR0077872,Taco Bell #30799,7255 Mission St,Daly City,94014,1500,FOOD PROGRAM,1,ROUTINE,51,EXCELLENT,,,,,,,"7255 Mission St
Daly City, CA 94014
(37.69253191000007, -122.46503693799997)",1
09/04/2014,PR0047970,Peets #4,Pier F Mezzanine ,SFO,941281317,1510,COFFEE HOUSE / BAR / MINIMAL HANDLING (RC 1),1,ROUTINE,52,GOOD,K014,Food contact surfaces: clean and sanitized,,,OU,OUT OF COMPLIANCE,"Pier F Mezzanine
SFO, CA 941281317
",1
09/04/2014,PR0047970,Peets #4,Pier F Mezzanine ,SFO,941281317,1510,COFFEE HOUSE / BAR / MINIMAL HANDLING (RC 1),1,ROUTINE,52,GOOD,K021,Hot and cold water available,,,OU,OUT OF COMPLIANCE,"Pier F Mezzanine
SFO, CA 941281317
",1
09/04/2014,PR0047970,Peets #4,Pier F Mezzanine ,SFO,941281317,1510,COFFEE HOUSE / BAR / MINIMAL HANDLING (RC 1),1,ROUTINE,52,GOOD,K001,Demonstration of knowledge; food mgr certificate,,,OU,OUT OF COMPLIANCE,"Pier F Mezzanine
SFO, CA 941281317
",1
08/23/2014,PR0064447,San Bruno Fire,,San Bruno,94068,1584,NON PROFIT TEMP EVENT VENDOR,1,ROUTINE,0,NOT APPLICABLE,,,,,,,"San Bruno, CA 94068
(37.624922533000074, -122.41413886899994)",1
07/01/2014,PR0048786,Fung Lum,"Pier C, Food Court ",SFO,941281317,1514,FOOD PREP - 11 TO 100 SEATS (RC 3),1,ROUTINE,52,GOOD,K041,Plumbing; proper backflow devices,,,OU,OUT OF COMPLIANCE,"Pier C, Food Court
SFO, CA 941281317
",1
07/01/2014,PR0048786,Fung Lum,"Pier C, Food Court ",SFO,941281317,1514,FOOD PREP - 11 TO 100 SEATS (RC 3),1,ROUTINE,52,GOOD,K007,Proper hot and cold holding temperatures,,,OU,OUT OF COMPLIANCE,"Pier C, Food Court
SFO, CA 941281317
",1
07/01/2014,PR0048786,Fung Lum,"Pier C, Food Court ",SFO,941281317,1514,FOOD PREP - 11 TO 100 SEATS (RC 3),1,ROUTINE,52,GOOD,K035,Equipment/Utensils - approved; installed; clean; g,,,OU,OUT OF COMPLIANCE,"Pier C, Food Court
SFO, CA 941281317
",1
05/27/2014,PR0050075,Legends Of San Francisco,Pier B ,SFO,941281317,1513,FOOD PREP - 11 TO 100 SEATS (RC 2),1,ROUTINE,52,GOOD,K035,Equipment/Utensils - approved; installed; clean; g,,,OU,OUT OF COMPLIANCE,"Pier B
SFO, CA 941281317
",1
05/27/2014,PR0050075,Legends Of San Francisco,Pier B ,SFO,941281317,1513,FOOD PREP - 11 TO 100 SEATS (RC 2),1,ROUTINE,52,GOOD,K021,Hot and cold water available,,,OU,OUT OF COMPLIANCE,"Pier B
SFO, CA 941281317
",1
05/13/2014,PR0049307,Aviator Books,"Terminal 1, Pier B ",SFO,941281317,1520,RETL STORE W/ INC FOOD SALES 25-300   (RC 1),1,ROUTINE,51,EXCELLENT,,,,,,,"Terminal 1, Pier B
SFO, CA 941281317
",1
04/22/2014,PR0050265,SFO News Connection A,Pier F ,SFO,941281317,1521,"MARKET/CONVENIENCE STORE <=2,000 FT2  (RC 1)",1,ROUTINE,51,EXCELLENT,,,,,,,"Pier F
SFO, CA 941281317
",1
04/22/2014,PR0048557,Peets Coffee #5,"Terminal  3, Gate 70 ",SFO,941281317,1510,COFFEE HOUSE / BAR / MINIMAL HANDLING (RC 1),8,REPORT REVIEW,0,NOT APPLICABLE,,,,,,,"Terminal 3, Gate 70
SFO, CA 941281317
",1
04/18/2014,PR0048030,Firewood Cafe #1,"Pier F, Food Court ",SFO,941281317,1514,FOOD PREP - 11 TO 100 SEATS (RC 3),1,ROUTINE,52,GOOD,K035,Equipment/Utensils - approved; installed; clean; g,,,OU,OUT OF COMPLIANCE,"Pier F, Food Court
SFO, CA 941281317
",1
04/18/2014,PR0048030,Firewood Cafe #1,"Pier F, Food Court ",SFO,941281317,1514,FOOD PREP - 11 TO 100 SEATS (RC 3),1,ROUTINE,52,GOOD,K007,Proper hot and cold holding temperatures,,,OU,OUT OF COMPLIANCE,"Pier F, Food Court
SFO, CA 941281317
",1
04/18/2014,PR0049392,Fung Lum,Pier F ,SFO,941281317,1514,FOOD PREP - 11 TO 100 SEATS (RC 3),1,ROUTINE,51,EXCELLENT,,,,,,,"Pier F
SFO, CA 941281317
",1
01/10/2014,PR0048860,Tomokazu,Pier F Hub ,SFO,941281317,1514,FOOD PREP - 11 TO 100 SEATS (RC 3),1,ROUTINE,53,FAIR,K034,"Warewashing facilities: installed, maintained, use",,,OU,OUT OF COMPLIANCE,"Pier F Hub
SFO, CA 941281317
",1
01/10/2014,PR0048860,Tomokazu,Pier F Hub ,SFO,941281317,1514,FOOD PREP - 11 TO 100 SEATS (RC 3),1,ROUTINE,53,FAIR,K040,Wiping cloths: properly used and stored,,,OU,OUT OF COMPLIANCE,"Pier F Hub
SFO, CA 941281317
",1
01/10/2014,PR0048860,Tomokazu,Pier F Hub ,SFO,941281317,1514,FOOD PREP - 11 TO 100 SEATS (RC 3),1,ROUTINE,53,FAIR,K014,Food contact surfaces: clean and sanitized,1,Major,OU,OUT OF COMPLIANCE,"Pier F Hub
SFO, CA 941281317
",1
01/02/2014,PR0048557,Peets Coffee #5,"Terminal  3, Gate 70 ",SFO,941281317,1510,COFFEE HOUSE / BAR / MINIMAL HANDLING (RC 1),1,ROUTINE,51,EXCELLENT,,,,,,,"Terminal 3, Gate 70
SFO, CA 941281317
",1
01/02/2014,PR0048497,Ktvu SFO,Pier E ,SFO,941281317,1521,"MARKET/CONVENIENCE STORE <=2,000 FT2  (RC 1)",12,LICENSE/PERMIT INVESTIGATION,0,NOT APPLICABLE,,,,,,,"Pier E
SFO, CA 941281317
",1
12/27/2013,PR0048786,Fung Lum,"Pier C, Food Court ",SFO,941281317,1514,FOOD PREP - 11 TO 100 SEATS (RC 3),1,ROUTINE,52,GOOD,K006,Adequate handwashing facilities supplied & accessi,,,OU,OUT OF COMPLIANCE,"Pier C, Food Court
SFO, CA 941281317
",1
12/18/2013,PR0047970,Peets #4,Pier F Mezzanine ,SFO,941281317,1510,COFFEE HOUSE / BAR / MINIMAL HANDLING (RC 1),1,ROUTINE,51,EXCELLENT,,,,,,,"Pier F Mezzanine
SFO, CA 941281317
",1
12/17/2013,PR0063086,American Airlines Admirals Club,Term 2 Concourse D,SFO,941288097,1513,FOOD PREP - 11 TO 100 SEATS (RC 2),1,ROUTINE,51,EXCELLENT,,,,,,,"Term 2 Concourse D
SFO, CA 941288097
",1
11/18/2013,PR0052048,Brittan Acres,2000 Belle ,San Carlos,94070,1632,SCHOOL CAFETERIA,1,ROUTINE,51,EXCELLENT,,,,,,,"2000 Belle
San Carlos, CA 94070
(37.49519443100007, -122.26527620999997)",1
04/02/2013,PR0050075,Legends Of San Francisco,Pier B ,SFO,941281317,1625,BAR/RESTAURANT 51-100 SEATS,1,ROUTINE,52,GOOD,K035,Equipment/Utensils - approved; installed; clean; g,,,OU,OUT OF COMPLIANCE,"Pier B
SFO, CA 941281317
",1
04/02/2013,PR0050075,Legends Of San Francisco,Pier B ,SFO,941281317,1625,BAR/RESTAURANT 51-100 SEATS,1,ROUTINE,52,GOOD,K040,Wiping cloths: properly used and stored,,,OU,OUT OF COMPLIANCE,"Pier B
SFO, CA 941281317
",1
04/02/2013,PR0050075,Legends Of San Francisco,Pier B ,SFO,941281317,1625,BAR/RESTAURANT 51-100 SEATS,1,ROUTINE,52,GOOD,K001,Demonstration of knowledge; food mgr certificate,,,OU,OUT OF COMPLIANCE,"Pier B
SFO, CA 941281317
",1
02/14/2013,PR0061925,Hickey Way Shell #136,,Daly City,94015,1612,"MARKET LESS THAN 2,000 SQ FT",1,ROUTINE,51,EXCELLENT,,,,,,,"Daly City, CA 94015
(37.68323961300007, -122.47749853699997)",1
07/02/2014,PR0035378,Burger Joint,Intl Loop A Side ,SFO,94128,1513,FOOD PREP - 11 TO 100 SEATS (RC 2),1,ROUTINE,51,EXCELLENT,,,,,,,"Intl Loop A Side
SFO, CA 94128
(37.62250947100006, -122.39519978799996)",1
06/20/2014,PR0058139,Pie Ranch,2080 Hwy 1,Pescadero,94060,1547,FOOD STAND (RC2),9,REPORT WRITING,0,NOT APPLICABLE,,,,,,,"2080 Hwy 1
Pescadero, CA 94060
(37.18378842300007, -122.38450319599997)",1
04/25/2013,PR0044146,Belmont Oaks Academy,2200 Carlmont Dr ,Belmont,94002,1632,SCHOOL CAFETERIA,1,ROUTINE,51,EXCELLENT,,,,,,,"2200 Carlmont Dr
Belmont, CA 94002
(37.51030545500004, -122.29784545599995)",1
01/17/2013,PR0046543,Safeway 0668,2100 Ralston Ave,Belmont,94002,1665,SUBFAC-BAR/RESTAURANT 10 SEATS AND UNDER,1,ROUTINE,51,EXCELLENT,,,,,,,"2100 Ralston Ave
Belmont, CA 94002
(37.51214680100003, -122.29449692499998)",1
01/16/2013,PR0000938,Centerwood Liquors,35 Laurie Meadows Dr,San Mateo,94403,1612,"MARKET LESS THAN 2,000 SQ FT",1,ROUTINE,51,EXCELLENT,,,,,,,"35 Laurie Meadows Dr
San Mateo, CA 94403
(37.53073195500008, -122.28698059099997)",1
02/26/2013,PR0031334,Martin Elementary School,,South San Francisco,94080,1632,SCHOOL CAFETERIA,1,ROUTINE,51,EXCELLENT,,,,,,,"South San Francisco, CA 94080
(37.655727038000066, -122.42803933899995)",1
02/26/2013,PR0003131,St Roberts Church & School,345 Oak St ,San Bruno,94066,1632,SCHOOL CAFETERIA,1,ROUTINE,51,EXCELLENT,,,,,,,"345 Oak St
San Bruno, CA 94066
(37.617230988000074, -122.41558172599997)",1
12/12/2013,PR0046202,Lucky #726,,Millbrae,94030,1529,SUBFACILITY  (RC 3),8,REPORT REVIEW,0,NOT APPLICABLE,,,,,,,"Millbrae, CA 94030
(37.60065843900003, -122.40023999399995)",1
01/02/2013,PR0068232,Rainbow Island,55 Aura Vista Dr,Pacifica,94044,1625,BAR/RESTAURANT 51-100 SEATS,19,NO ACTION,0,NOT APPLICABLE,,,,,,,"55 Aura Vista Dr
Pacifica, CA 94044
(37.65117783900007, -122.49194859499994)",1
02/11/2014,PR0049583,La Corneta Taqueria,1123 Burlingame Ave ,Burlingame,94010,1514,FOOD PREP - 11 TO 100 SEATS (RC 3),3,FOLLOWUP INSPECTION,0,NOT APPLICABLE,,,,,,,"1123 Burlingame Ave
Burlingame, CA 94010
(37.57942835800003, -122.34578753499994)",1
09/24/2014,PR0060193,Cafe 2K,2000 Alameda De Las Pulgas ,San Mateo,94403,1511,FOOD PREP - 10 SEATS AND UNDER (RC 2),1,ROUTINE,53,FAIR,K007,Proper hot and cold holding temperatures,2,Minor,OU,OUT OF COMPLIANCE,"2000 Alameda De Las Pulgas
San Mateo, CA 94403
(37.54503753400007, -122.32027807799994)",1
02/06/2013,PR0068036,Green Valley Market,504 San Bruno Ave W,San Bruno,94066,1660,"SUBFAC-MARKET LESS THAN 2,000 SQ FT",3,FOLLOWUP INSPECTION,0,NOT APPLICABLE,K006,Adequate handwashing facilities supplied & accessi,2,Minor,OU,OUT OF COMPLIANCE,"504 San Bruno Ave W
San Bruno, CA 94066
(37.62930736000004, -122.41540931299994)",1
05/20/2014,PR0003067,Seton Medical Center Coastside,600 Marine Blvd #1603,Moss Beach,94038,1514,FOOD PREP - 11 TO 100 SEATS (RC 3),1,ROUTINE,51,EXCELLENT,,,,,,,"600 Marine Blvd #1603
Moss Beach, CA 94038
(37.52499157200003, -122.50845753899995)",1
01/14/2013,PR0070439,Gourmet Haus Staudt,2615 Broadway,Redwood City,94063,1624,BAR/RESTAURANT 11-50 SEATS,1,ROUTINE,52,GOOD,K045,"Floors, walls and ceilings: built, maintained, and",2,Minor,OU,OUT OF COMPLIANCE,"2615 Broadway
Redwood City, CA 94063
(37.486219196000036, -122.23341905899997)",1
02/08/2013,PR0068302,Korean Bbq House Inc,2229 Gellert Blvd ,South San Francisco,94080,1625,BAR/RESTAURANT 51-100 SEATS,1,ROUTINE,52,GOOD,K027,Food separated and protected,,,OU,OUT OF COMPLIANCE,"2229 Gellert Blvd
South San Francisco, CA 94080
(37.64706852900008, -122.45324567899996)",1
04/17/2013,PR0053859,Sisters Of Mercy,2300 Adeline Dr ,Burlingame,94010,1627,BAR/RESTAURANT 151-200 SEATS,1,ROUTINE,51,EXCELLENT,,,,,,,"2300 Adeline Dr
Burlingame, CA 94010
(37.58394885200005, -122.38053579799998)",1
01/15/2015,PR0067075,Ronald Mcnair,2033 Pulgas Ave ,East Palo Alto,94303,1528,SUBFACILITY  (RC 2),1,ROUTINE,0,NOT APPLICABLE,,,,,,,"2033 Pulgas Ave
East Palo Alto, CA 94303
(37.46260028100005, -122.13013255099997)",1
04/03/2014,PR0028308,Mollie Stones Market,22 Bayhill Shopping Center,San Bruno,94066,1524,"MARKET OVER 2,000 SQ FT  (RC 2)",1,ROUTINE,52,GOOD,K023,"No rodents, insects, birds, or animals",2,Minor,OU,OUT OF COMPLIANCE,"22 Bayhill Shopping Center
San Bruno, CA 94066
(37.62633257700003, -122.42526646999994)",1
04/18/2014,PR0072844,Liquor Land,1599 El Camino Real,Millbrae,94030,1521,"MARKET/CONVENIENCE STORE <=2,000 FT2  (RC 1)",1,ROUTINE,52,GOOD,K013,"Food in good condition, safe and unadulterated",,,CO,CORRECTED ON SITE,"1599 El Camino Real
Millbrae, CA 94030
(37.612442920000035, -122.403684796)",1
11/20/2013,PR0000167,Melissas Taqueria,160 Visitacion Ave ,Brisbane,94005,1514,FOOD PREP - 11 TO 100 SEATS (RC 3),27,CAMPY INTERVIEW,0,NOT APPLICABLE,,,,,,,"160 Visitacion Ave
Brisbane, CA 94005
(37.68329637200003, -122.40321817099999)",1
05/14/2014,PR0003110,Benedictine Fathers Of The Priory,302 Portola Rd ,Portola Valley,94025,1533,SCHOOL FOOD SERVICE  (RC 3),1,ROUTINE,0,NOT APPLICABLE,K007,Proper hot and cold holding temperatures,2,Minor,OU,OUT OF COMPLIANCE,"302 Portola Rd
Portola Valley, CA 94025
(37.37473354700006, -122.21530363)",1
01/17/2013,PR0002691,Su Hong To Go,630 Menlo Ave ,Menlo Park,94025,1623,BAR/RESTAURANT 10 SEATS AND UNDER,1,ROUTINE,53,FAIR,K040,Wiping cloths: properly used and stored,2,Minor,OU,OUT OF COMPLIANCE,"630 Menlo Ave
Menlo Park, CA 94025
(37.45215094400004, -122.18243290899994)",1
12/12/2013,PR0065609,Subway,809 Santa Cruz Ave ,Menlo Park,94025,1513,FOOD PREP - 11 TO 100 SEATS (RC 2),1,ROUTINE,52,GOOD,K006,Adequate handwashing facilities supplied & accessi,1,Major,OU,OUT OF COMPLIANCE,"809 Santa Cruz Ave
Menlo Park, CA 94025
(37.45072096200005, -122.18527558899996)",1
03/22/2013,PR0001101,Angelo Mio Restaurant,820 Santa Cruz Ave ,Menlo Park,94025,1625,BAR/RESTAURANT 51-100 SEATS,1,ROUTINE,52,GOOD,K014,Food contact surfaces: clean and sanitized,2,Minor,OU,OUT OF COMPLIANCE,"820 Santa Cruz Ave
Menlo Park, CA 94025
(37.45073018100004, -122.18535394399998)",1
04/25/2013,PR0047024,Sanchos Taqueria,3205 Oak Knoll Dr,Redwood City,94063,1624,BAR/RESTAURANT 11-50 SEATS,3,FOLLOWUP INSPECTION,0,NOT APPLICABLE,K023,"No rodents, insects, birds, or animals",1,Major,OU,OUT OF COMPLIANCE,"3205 Oak Knoll Dr
Redwood City, CA 94063
(37.471942924000075, -122.25967997999999)",1
06/11/2014,PR0001369,Chez Nicole Donuts,640 E 3Rd Ave ,San Mateo,94404,1514,FOOD PREP - 11 TO 100 SEATS (RC 3),1,ROUTINE,52,GOOD,K040,Wiping cloths: properly used and stored,2,Minor,OU,OUT OF COMPLIANCE,"640 E 3Rd Ave
San Mateo, CA 94404
(37.567386605000024, -122.31963320999995)",1
04/26/2013,PR0000670,Mazzoccos Sports Bar,2808 Middlefield Rd,Redwood City,94063,1626,BAR/RESTAURANT 101-150 SEATS,1,ROUTINE,53,FAIR,K045,"Floors, walls and ceilings: built, maintained, and",2,Minor,OU,OUT OF COMPLIANCE,"2808 Middlefield Rd
Redwood City, CA 94063
(37.475735848000056, -122.21002544999999)",1
06/05/2014,PR0024828,Williams Sonoma #262,301 Hillsdale Mall ,San Mateo,94403,1520,RETL STORE W/ INC FOOD SALES 25-300   (RC 1),1,ROUTINE,52,GOOD,K014,Food contact surfaces: clean and sanitized,2,Minor,OU,OUT OF COMPLIANCE,"301 Hillsdale Mall
San Mateo, CA 94403
(37.537273527000025, -122.29919350399996)",1
04/03/2013,PR0058725,Curry Up Now,326 Shaw Rd ,South San Francisco,94080,1635,MOBILE FOOD PREPARATION UNIT,1,ROUTINE,0,NOT APPLICABLE,K034,"Warewashing facilities: installed, maintained, use",,,OU,OUT OF COMPLIANCE,"326 Shaw Rd
South San Francisco, CA 94080
(37.63873648200007, -122.40624406299997)",1
05/13/2014,PR0069103,Sushi Kuu,1001 Alameda De Las Pulgas,Belmont,94002,1514,FOOD PREP - 11 TO 100 SEATS (RC 3),1,ROUTINE,52,GOOD,K045,"Floors, walls and ceilings: built, maintained, and",2,Minor,OU,OUT OF COMPLIANCE,"1001 Alameda De Las Pulgas
Belmont, CA 94002
(37.51198948200005, -122.29424543099998)",1
08/22/2013,PR0038742,Sdt Holly Shell,500 El Camino Real,San Carlos,94070,1521,"MARKET/CONVENIENCE STORE <=2,000 FT2  (RC 1)",12,LICENSE/PERMIT INVESTIGATION,0,NOT APPLICABLE,,,,,,,"500 El Camino Real
San Carlos, CA 94070
(37.50831776900003, -122.26171796399996)",1
04/02/2014,PR0072622,Tai Wu Restaurant,300 El Camino Real,Millbrae,94030,1516,FOOD PREP - OVER 100 SEATS (RC 3),1,ROUTINE,53,FAIR,K041,Plumbing; proper backflow devices,2,Minor,OU,OUT OF COMPLIANCE,"300 El Camino Real
Millbrae, CA 94030
(37.60162642800003, -122.39072395699998)",1
11/01/2013,PR0000739,Ocean Palace Chinese Restaurant,711 Camino Plaza,San Bruno,94066,1514,FOOD PREP - 11 TO 100 SEATS (RC 3),7,SURVEY/FIELD STUDY,0,NOT APPLICABLE,K014,Food contact surfaces: clean and sanitized,3,Critical/Major violation,OU,OUT OF COMPLIANCE,"711 Camino Plaza
San Bruno, CA 94066
(37.62755358700008, -122.41635648799996)",1
04/18/2014,PR0028840,Andreas Market,1601 El Camino Real ,Millbrae,94030,1522,"MARKET OVER 2,000 SQ FT   (RC 1)",1,ROUTINE,52,GOOD,K006,Adequate handwashing facilities supplied & accessi,2,Minor,OU,OUT OF COMPLIANCE,"1601 El Camino Real
Millbrae, CA 94030
(37.612669562000065, -122.40392106299998)",1
12/23/2013,PR0002232,Little Caesars Pizza,2193 Roosevelt Ave ,Redwood City,94061,1532,SCHOOL FOOD SERVICE  (RC 2),1,ROUTINE,51,EXCELLENT,K045,"Floors, walls and ceilings: built, maintained, and",2,Minor,OU,OUT OF COMPLIANCE,"2193 Roosevelt Ave
Redwood City, CA 94061
(37.46598984900004, -122.24173739799994)",1
07/02/2014,PR0072951,Piccolo,651 H Oak Dr,Menlo Park,94025,1514,FOOD PREP - 11 TO 100 SEATS (RC 3),3,FOLLOWUP INSPECTION,52,GOOD,K014,Food contact surfaces: clean and sanitized,,,OU,OUT OF COMPLIANCE,"651 H Oak Dr
Menlo Park, CA 94025
(37.47258294900007, -122.19788449499998)",1
02/06/2013,PR0002389,The Jelly Donut,56 San Pedro Rd ,Daly City,94014,1651,"BAKERY - UNDER 2,000 SQ FT",1,ROUTINE,52,GOOD,K045,"Floors, walls and ceilings: built, maintained, and",2,Minor,OU,OUT OF COMPLIANCE,"56 San Pedro Rd
Daly City, CA 94014
(37.68872255200006, -122.46721174499999)",1
01/27/2014,PR0061065,K-Grill Tofu House,617 San Mateo Ave ,San Bruno,94066,1514,FOOD PREP - 11 TO 100 SEATS (RC 3),11,INVESTIGATION,0,NOT APPLICABLE,,,,,,,"617 San Mateo Ave
San Bruno, CA 94066
(37.626698248000025, -122.41132380699997)",1
08/23/2013,PR0059085,Jim Restaurant,1230 El Camino Real # D/E,San Bruno,94066,1514,FOOD PREP - 11 TO 100 SEATS (RC 3),1,ROUTINE,52,GOOD,K023,"No rodents, insects, birds, or animals",2,Minor,OU,OUT OF COMPLIANCE,"1230 El Camino Real # D/E
San Bruno, CA 94066
(37.63746482500005, -122.42157138799996)",1
01/24/2013,PR0067978,Vault 164,164 S B St,San Mateo,94401,1625,BAR/RESTAURANT 51-100 SEATS,4,COMPLAINT-INITIAL,0,NOT APPLICABLE,,,,,,,"164 S B St
San Mateo, CA 94401
(37.566388163000056, -122.32342035099998)",1
03/19/2014,PR0046365,Cafe Orchid,9 El Camino Real #B,Millbrae,94030,1514,FOOD PREP - 11 TO 100 SEATS (RC 3),26,CAMPY FACILITY ASSESSMENT,0,NOT APPLICABLE,K007,Proper hot and cold holding temperatures,,,CO,CORRECTED ON SITE,"9 El Camino Real #B
Millbrae, CA 94030
(37.598790328000064, -122.38791241199999)",1
12/04/2014,PR0070520,Genentech B10 Bon Appetit,99 Dna Wy ,South San Francisco,94080,1513,FOOD PREP - 11 TO 100 SEATS (RC 2),1,ROUTINE,51,EXCELLENT,,,,,,,"99 Dna Wy
South San Francisco, CA 94080
(37.655903730000034, -122.37957085599999)",1
06/06/2014,PR0001120,California Golf Club,844 W Orange Ave ,South San Francisco,94080,1516,FOOD PREP - OVER 100 SEATS (RC 3),1,ROUTINE,51,EXCELLENT,K035,Equipment/Utensils - approved; installed; clean; g,2,Minor,OU,OUT OF COMPLIANCE,"844 W Orange Ave
South San Francisco, CA 94080
(37.65298872300008, -122.43624123499995)",1
02/18/2014,PR0033464,Gabriel & Daniels Mexican Grill,250 Anza Blvd ,Burlingame,94010,1513,FOOD PREP - 11 TO 100 SEATS (RC 2),27,CAMPY INTERVIEW,0,NOT APPLICABLE,,,,,,,"250 Anza Blvd
Burlingame, CA 94010
(37.591192388000024, -122.34787059799999)",1
05/20/2014,PR0047246,Cafe Zoe,1929 Menalto Ave ,Menlo Park,94025,1513,FOOD PREP - 11 TO 100 SEATS (RC 2),1,ROUTINE,0,NOT APPLICABLE,K014,Food contact surfaces: clean and sanitized,2,Minor,OU,OUT OF COMPLIANCE,"1929 Menalto Ave
Menlo Park, CA 94025
(37.45913642800008, -122.15258509599994)",1
04/03/2013,PR0038413,Eggettes.Com Coffee House,639 El Camino Real ,South San Francisco,94080,1624,BAR/RESTAURANT 11-50 SEATS,1,ROUTINE,52,GOOD,K014,Food contact surfaces: clean and sanitized,2,Minor,OU,OUT OF COMPLIANCE,"639 El Camino Real
South San Francisco, CA 94080
(37.64928109400006, -122.43010086899994)",1
01/16/2014,PR0051776,Filipiniana Delight Restaurant,361 E Market St,Daly City,94014,1514,FOOD PREP - 11 TO 100 SEATS (RC 3),1,ROUTINE,52,GOOD,K038,Adequate ventilation and lighting; designated area,2,Minor,OU,OUT OF COMPLIANCE,"361 E Market St
Daly City, CA 94014
(37.68987030300008, -122.46152985699996)",1
07/03/2014,PR0074428,Lai Lai Restaurant,334 Broadway,Millbrae,94030,1514,FOOD PREP - 11 TO 100 SEATS (RC 3),1,ROUTINE,52,GOOD,K035,Equipment/Utensils - approved; installed; clean; g,2,Minor,OU,OUT OF COMPLIANCE,"334 Broadway
Millbrae, CA 94030
(37.60113406900007, -122.39206062599999)",1
10/10/2013,PR0000378,Sushi House,576 San Mateo Ave ,San Bruno,94066,1625,BAR/RESTAURANT 51-100 SEATS,27,CAMPY INTERVIEW,0,NOT APPLICABLE,,,,,,,"576 San Mateo Ave
San Bruno, CA 94066
(37.62596761800006, -122.41124072299999)",1
07/31/2013,PR0035139,Loris Diner,Intl Loop G Side,SFO,94128,1624,BAR/RESTAURANT 11-50 SEATS,1,ROUTINE,0,NOT APPLICABLE,,,,,,,"Intl Loop G Side
SFO, CA 94128
(37.62250947100006, -122.39519978799996)",1
01/05/2015,PR0025296,Party America,1289 Veterans Blvd ,Redwood City,94063,1520,RETL STORE W/ INC FOOD SALES 25-300   (RC 1),1,ROUTINE,51,EXCELLENT,,,,,,,"1289 Veterans Blvd
Redwood City, CA 94063
(37.489287294000064, -122.21992640899998)",1
06/19/2014,PR0069312,Albayk,670 E 3Rd Ave,San Mateo,94401,1514,FOOD PREP - 11 TO 100 SEATS (RC 3),1,ROUTINE,53,FAIR,K030,Food storage; food storage containers identified,2,Minor,OU,OUT OF COMPLIANCE,"670 E 3Rd Ave
San Mateo, CA 94401
(37.567580408000026, -122.31934794799997)",1
06/04/2013,PR0025374,Red Carpet Club,"Pier F, Rotunda",SFO,94128,1624,BAR/RESTAURANT 11-50 SEATS,1,ROUTINE,51,EXCELLENT,K035,Equipment/Utensils - approved; installed; clean; g,,,OU,OUT OF COMPLIANCE,"Pier F, Rotunda
SFO, CA 94128
(37.62250947100006, -122.39519978799996)",1
06/03/2014,PR0000127,Mcgraws Bar And Grill,864 El Camino Real,Belmont,94002,1513,FOOD PREP - 11 TO 100 SEATS (RC 2),1,ROUTINE,51,EXCELLENT,,,,,,,"864 El Camino Real
Belmont, CA 94002
(37.52158744600007, -122.27749846399996)",1
04/16/2013,PR0073753,Southwest Concessions Kb,2 Colma Blvd,Colma,94014,1623,BAR/RESTAURANT 10 SEATS AND UNDER,1,ROUTINE,0,NOT APPLICABLE,,,,,,,"2 Colma Blvd
Colma, CA 94014
(37.67696999100008, -122.46927993799994)",1
06/16/2014,PR0076008,Amie Wine Bar,823 Hamilton St,Redwood City,94063,1514,FOOD PREP - 11 TO 100 SEATS (RC 3),1,ROUTINE,52,GOOD,K014,Food contact surfaces: clean and sanitized,2,Minor,OU,OUT OF COMPLIANCE,"823 Hamilton St
Redwood City, CA 94063
(37.48616339500006, -122.23004724599997)",1
10/04/2013,PR0031364,Hilton Garden Inn,670 Gateway Blvd ,South San Francisco,94080,1625,BAR/RESTAURANT 51-100 SEATS,26,CAMPY FACILITY ASSESSMENT,0,NOT APPLICABLE,,,,,,,"670 Gateway Blvd
South San Francisco, CA 94080
(37.65791506000005, -122.39839702399996)",1
02/14/2013,PR0000759,Bombay Garden,172 E 3Rd Ave ,San Mateo,94401,1624,BAR/RESTAURANT 11-50 SEATS,1,ROUTINE,52,GOOD,K006,Adequate handwashing facilities supplied & accessi,2,Minor,OU,OUT OF COMPLIANCE,"172 E 3Rd Ave
San Mateo, CA 94401
(37.56477612100008, -122.32340306699996)",1
10/10/2013,PR0057281,Bianchini Market,810 Laurel St ,San Carlos,94070,1665,SUBFAC-BAR/RESTAURANT 10 SEATS AND UNDER,26,CAMPY FACILITY ASSESSMENT,0,NOT APPLICABLE,,,,,,,"810 Laurel St
San Carlos, CA 94070
(37.50338715500004, -122.25748793799994)",1
09/19/2014,PR0001106,Papa Joes,415 Linden Ave ,South San Francisco,94080,1513,FOOD PREP - 11 TO 100 SEATS (RC 2),1,ROUTINE,53,FAIR,K027,Food separated and protected,1,Major,OU,OUT OF COMPLIANCE,"415 Linden Ave
South San Francisco, CA 94080
(37.65671805100004, -122.40962144699995)",1
04/16/2014,PR0000178,Once Upon A Metro,1136 Broadway ,Burlingame,94010,1514,FOOD PREP - 11 TO 100 SEATS (RC 3),1,ROUTINE,0,NOT APPLICABLE,K007,Proper hot and cold holding temperatures,,,OU,OUT OF COMPLIANCE,"1136 Broadway
Burlingame, CA 94010
(37.587030140000024, -122.36398297499994)",1
01/29/2013,PR0056013,Its Italia Pizzeria,401 Main St ,Half Moon Bay,94019,1624,BAR/RESTAURANT 11-50 SEATS,1,ROUTINE,52,GOOD,K035,Equipment/Utensils - approved; installed; clean; g,2,Minor,OU,OUT OF COMPLIANCE,"401 Main St
Half Moon Bay, CA 94019
(37.46445616200003, -122.42907537499997)",1
11/21/2014,PR0046510,Mollie Stones Market,49 W 42Nd Ave ,San Mateo,94403,1528,SUBFACILITY  (RC 2),1,ROUTINE,52,GOOD,K006,Adequate handwashing facilities supplied & accessi,2,Minor,OU,OUT OF COMPLIANCE,"49 W 42Nd Ave
San Mateo, CA 94403
(37.529734079000036, -122.29030838099999)",1
01/22/2013,PR0065617,Taqueria La Cazuela,2390 Clarke Ave ,East Palo Alto,94303,1624,BAR/RESTAURANT 11-50 SEATS,3,FOLLOWUP INSPECTION,0,NOT APPLICABLE,K001,Demonstration of knowledge; food mgr certificate,,,CV,VIOLATION CORRECTED,"2390 Clarke Ave
East Palo Alto, CA 94303
(37.47123157900006, -122.13490474099996)",1
05/01/2013,PR0074009,Zsausage,326 Shaw Rd ,South San Francisco,94080,1641,MOBILE FOOD LIMITED FOOD PREPARATION UNIT,1,ROUTINE,0,NOT APPLICABLE,K001,Demonstration of knowledge; food mgr certificate,,,OU,OUT OF COMPLIANCE,"326 Shaw Rd
South San Francisco, CA 94080
(37.63873648200007, -122.40624406299997)",1
10/21/2013,PR0023971,Kin Chuan Restaurant,1188 San Carlos Ave ,San Carlos,94070,1625,BAR/RESTAURANT 51-100 SEATS,26,CAMPY FACILITY ASSESSMENT,0,NOT APPLICABLE,,,,,,,"1188 San Carlos Ave
San Carlos, CA 94070
(37.50664350300008, -122.26114758499995)",1
10/12/2013,PR0070986,Charter Square Cfm,791 Beach Park,Foster City,94404,1545,CERTIFIED FARMERS MARKET (RC 2),1,ROUTINE,51,EXCELLENT,K096,Identification of facility,2,Minor,OU,OUT OF COMPLIANCE,"791 Beach Park
Foster City, CA 94404
(37.54871735000006, -122.26430092299995)",1
01/08/2013,PR0065128,Junko Gift Shop,1177 Airport Blvd ,Burlingame,94010,1616,RETAIL STORE W/INCIDENTAL FOOD SALES,1,ROUTINE,51,EXCELLENT,,,,,,,"1177 Airport Blvd
Burlingame, CA 94010
(37.591239425000026, -122.36035674399994)",1
01/13/2015,PR0055410,Encinal Elementary School,181 Encinal Ave ,Atherton,94027,1532,SCHOOL FOOD SERVICE  (RC 2),1,ROUTINE,51,EXCELLENT,,,,,,,"181 Encinal Ave
Atherton, CA 94027
(37.46361391600004, -122.18588399799995)",1
03/18/2014,PR0040041,Mi Rancho Supermarket,137 Roosevelt ,Redwood City,94061,1526,"MARKET OVER 2,000 SQ FT   (RC 3)",27,CAMPY INTERVIEW,0,NOT APPLICABLE,,,,,,,"137 Roosevelt
Redwood City, CA 94061
(37.47871795400005, -122.22599031399994)",1
06/30/2014,PR0002346,Quadrus Cafe,2400 Sand Hill Rd ,Menlo Park,94025,1514,FOOD PREP - 11 TO 100 SEATS (RC 3),1,ROUTINE,52,GOOD,K035,Equipment/Utensils - approved; installed; clean; g,1,Major,OU,OUT OF COMPLIANCE,"2400 Sand Hill Rd
Menlo Park, CA 94025
(37.42153630800004, -122.20275724999999)",1
03/01/2013,PR0000960,Celias #2,504 Peninsula Ave ,San Mateo,94401,1627,BAR/RESTAURANT 151-200 SEATS,1,ROUTINE,51,EXCELLENT,K035,Equipment/Utensils - approved; installed; clean; g,2,Minor,OU,OUT OF COMPLIANCE,"504 Peninsula Ave
San Mateo, CA 94401
(37.57986383200006, -122.33530531799994)",1
09/10/2013,PR0000494,Peters Cafe,10 El Camino Real ,Millbrae,94030,1627,BAR/RESTAURANT 151-200 SEATS,7,SURVEY/FIELD STUDY,0,NOT APPLICABLE,K036,"Equipment, utensils and linens: storage and use",,,OU,OUT OF COMPLIANCE,"10 El Camino Real
Millbrae, CA 94030
(37.59889172900006, -122.38763701599999)",1
01/15/2014,PR0000952,Myung Dung Tofu Cabin,2968 S Norfolk,San Mateo,94403,1514,FOOD PREP - 11 TO 100 SEATS (RC 3),6,CONSULTATION,0,NOT APPLICABLE,,,,,,,"2968 S Norfolk
San Mateo, CA 94403
(37.54535250400005, -122.28439052999994)",1
10/03/2014,PR0074905,Korean Bbq House,2229 Gellert Blvd ,South San Francisco,94080,1514,FOOD PREP - 11 TO 100 SEATS (RC 3),1,ROUTINE,53,FAIR,K034,"Warewashing facilities: installed, maintained, use",2,Minor,OU,OUT OF COMPLIANCE,"2229 Gellert Blvd
South San Francisco, CA 94080
(37.64706852900008, -122.45324567899996)",1
07/11/2013,PR0000539,Winters Tavern,1522 Francisco Blvd ,Pacifica,94044,1624,BAR/RESTAURANT 11-50 SEATS,1,ROUTINE,52,GOOD,K045,"Floors, walls and ceilings: built, maintained, and",2,Minor,OU,OUT OF COMPLIANCE,"1522 Francisco Blvd
Pacifica, CA 94044
(37.63669809500004, -122.49031339199996)",1
01/16/2014,PR0051776,Filipiniana Delight Restaurant,361 E Market St,Daly City,94014,1514,FOOD PREP - 11 TO 100 SEATS (RC 3),1,ROUTINE,52,GOOD,K007,Proper hot and cold holding temperatures,2,Minor,OU,OUT OF COMPLIANCE,"361 E Market St
Daly City, CA 94014
(37.68987030300008, -122.46152985699996)",1
06/17/2014,PR0071464,Bon Appetit @ Ea Atrium Cafe,250 Shoreline Dr,Redwood City,94065,1514,FOOD PREP - 11 TO 100 SEATS (RC 3),1,ROUTINE,0,NOT APPLICABLE,,,,,,,"250 Shoreline Dr
Redwood City, CA 94065
(37.52408328900003, -122.25704891799995)",1
01/10/2014,PR0065833,Los Manguitos,3133 D Middlefield Rd,Redwood City,94063,1511,FOOD PREP - 10 SEATS AND UNDER (RC 2),1,ROUTINE,0,NOT APPLICABLE,,,,,,,"3133 D Middlefield Rd
Redwood City, CA 94063
(37.472600062000026, -122.20519293399997)",1
12/27/2013,PR0039026,Cetrella Restaurant,845 Main St ,Half Moon Bay,94019,1516,FOOD PREP - OVER 100 SEATS (RC 3),1,ROUTINE,53,FAIR,K014,Food contact surfaces: clean and sanitized,1,Major,OU,OUT OF COMPLIANCE,"845 Main St
Half Moon Bay, CA 94019
(37.457612760000075, -122.43010551499998)",1
09/27/2013,PR0002645,Innya Lake Restaurant,586 San Mateo Ave ,San Bruno,94066,1624,BAR/RESTAURANT 11-50 SEATS,26,CAMPY FACILITY ASSESSMENT,0,NOT APPLICABLE,K005,Hands clean and properly washed; gloves used prope,1,Major,OU,OUT OF COMPLIANCE,"586 San Mateo Ave
San Bruno, CA 94066
(37.62614176900007, -122.41124521899997)",1
01/20/2014,PR0002434,Hong Kong Flower Lounge,51 W Millbrae Ave ,Millbrae,94030,1516,FOOD PREP - OVER 100 SEATS (RC 3),844,HOLIDAY  WORKED - PAY AT TIME AND A HALF,0,NOT APPLICABLE,K004,"Proper eating, tasting, drinking or tobacco use",,,OU,OUT OF COMPLIANCE,"51 W Millbrae Ave
Millbrae, CA 94030
(37.597895005000055, -122.38830649199997)",1
04/01/2014,PR0028219,Pho 99 Vietnamese Restaurant,188 Skyline Plaza,Daly City,94015,1516,FOOD PREP - OVER 100 SEATS (RC 3),1,ROUTINE,52,GOOD,K040,Wiping cloths: properly used and stored,2,Minor,OU,OUT OF COMPLIANCE,"188 Skyline Plaza
Daly City, CA 94015
(37.682955281000034, -122.487122323)",1
01/29/2013,PR0050591,Antojitos Dona Maria,217 N Amphlett Blvd ,San Mateo,94401,1623,BAR/RESTAURANT 10 SEATS AND UNDER,1,ROUTINE,52,GOOD,K001,Demonstration of knowledge; food mgr certificate,2,Minor,OU,OUT OF COMPLIANCE,"217 N Amphlett Blvd
San Mateo, CA 94401
(37.576404629000024, -122.32047185999994)",1
07/12/2013,PR0002298,Ray Hawaiian Bbq,1330 W Hillsdale Blvd ,San Mateo,94403,1624,BAR/RESTAURANT 11-50 SEATS,1,ROUTINE,52,GOOD,K030,Food storage; food storage containers identified,2,Minor,OU,OUT OF COMPLIANCE,"1330 W Hillsdale Blvd
San Mateo, CA 94403
(37.53298492400006, -122.32741220199995)",1
04/04/2014,PR0051673,Quiznos #10813,851 Cherry Ave # 15,San Bruno,94066,1513,FOOD PREP - 11 TO 100 SEATS (RC 2),1,ROUTINE,51,EXCELLENT,K001,Demonstration of knowledge; food mgr certificate,2,Minor,OU,OUT OF COMPLIANCE,"851 Cherry Ave # 15
San Bruno, CA 94066
(37.62663930600007, -122.42485341099996)",1
05/29/2014,PR0069084,Zabu Zabu San Mateo,98 E 3Rd Ave,San Mateo,94401,1516,FOOD PREP - OVER 100 SEATS (RC 3),1,ROUTINE,52,GOOD,K030,Food storage; food storage containers identified,2,Minor,OU,OUT OF COMPLIANCE,"98 E 3Rd Ave
San Mateo, CA 94401
(37.564176935000035, -122.32426266899995)",1
11/06/2013,PR0044126,Carlmont High School,1400 Alameda De Las Pulgas ,Belmont,94002,1631,SCHOOL CAFETERIA -MINIMAL FOOD SERVICE,6,CONSULTATION,0,NOT APPLICABLE,,,,,,,"1400 Alameda De Las Pulgas
Belmont, CA 94002
(37.507314131000044, -122.28833797899995)",1
12/09/2014,PR0000490,Baskin Robbins #166,669 Broadway ,Millbrae,94030,1513,FOOD PREP - 11 TO 100 SEATS (RC 2),1,ROUTINE,51,EXCELLENT,K047,Signs posted; last inspection report available,2,Minor,OU,OUT OF COMPLIANCE,"669 Broadway
Millbrae, CA 94030
(37.60387219000006, -122.39574279299995)",1
11/24/2014,PR0070718,Pica Pica,Serramonte Shopping Cente Spc 32M,Daly City,94015,1521,"MARKET/CONVENIENCE STORE <=2,000 FT2  (RC 1)",1,ROUTINE,51,EXCELLENT,,,,,,,"Serramonte Shopping Cente Spc 32M
Daly City, CA 94015
(37.68323961300007, -122.47749853699997)",1
08/20/2013,PR0033721,Costco Wholesale,1600 El Camino Real ,South San Francisco,94080,1524,"MARKET OVER 2,000 SQ FT  (RC 2)",1,ROUTINE,52,GOOD,K023,"No rodents, insects, birds, or animals",2,Minor,OU,OUT OF COMPLIANCE,"1600 El Camino Real
South San Francisco, CA 94080
(37.66409590000006, -122.44840605499996)",1
07/24/2013,PR0057244,Trader Joes,45 Hillsdale Blvd ,San Mateo,94403,1522,"MARKET OVER 2,000 SQ FT   (RC 1)",1,ROUTINE,52,GOOD,K006,Adequate handwashing facilities supplied & accessi,3,Critical/Major violation,OU,OUT OF COMPLIANCE,"45 Hillsdale Blvd
San Mateo, CA 94403
(37.53840499900008, -122.29556508999997)",1
02/06/2013,PR0028086,Ya-Ua Yogurt & Pastries,1090 Alameda De Las Pulgas St ,Belmont,94002,1623,BAR/RESTAURANT 10 SEATS AND UNDER,1,ROUTINE,51,EXCELLENT,,,,,,,"1090 Alameda De Las Pulgas St
Belmont, CA 94002
(37.51018572600003, -122.29350715699996)",1
08/18/2014,PR0023386,La Loma #4 Inc,6001 Mission St ,Daly City,94014,1524,"MARKET OVER 2,000 SQ FT  (RC 2)",5,COMPLAINT-FOLLOW-UP,0,NOT APPLICABLE,,,,,,,"6001 Mission St
Daly City, CA 94014
(37.707934461000036, -122.45515035999995)",1
09/19/2013,PR0000481,Rosies Cantina,333 Broadway ,Millbrae,94030,1516,FOOD PREP - OVER 100 SEATS (RC 3),7,SURVEY/FIELD STUDY,0,NOT APPLICABLE,K001,Demonstration of knowledge; food mgr certificate,2,Minor,OU,OUT OF COMPLIANCE,"333 Broadway
Millbrae, CA 94030
(37.60103506400003, -122.39202759299997)",1
03/18/2014,PR0001339,Vallemar Station Sports Bar,2125 Hwy 1,Pacifica,94044,1514,FOOD PREP - 11 TO 100 SEATS (RC 3),27,CAMPY INTERVIEW,0,NOT APPLICABLE,,,,,,,"2125 Hwy 1
Pacifica, CA 94044
(37.56983798300007, -122.51552847299996)",1
01/28/2014,PR0049234,Seniore Pizza,2210 El Camino Real ,San Mateo,94403,1513,FOOD PREP - 11 TO 100 SEATS (RC 2),1,ROUTINE,52,GOOD,K041,Plumbing; proper backflow devices,2,Minor,OU,OUT OF COMPLIANCE,"2210 El Camino Real
San Mateo, CA 94403
(37.546178293000025, -122.30759030299998)",1
10/17/2013,PR0073555,Le Tajine,663 Laurel St,San Carlos,94070,1600,FOOD SANITATION - GENERAL,71,JOINT ACTIVITY,0,NOT APPLICABLE,,,,,,,"663 Laurel St
San Carlos, CA 94070
(37.50555344500003, -122.25998032299998)",1
09/18/2013,PR0000124,Ihop Restaurant,510 El Camino Real,Belmont,94002,1515,FOOD PREP - OVER 100 SEATS (RC 2),26,CAMPY FACILITY ASSESSMENT,0,NOT APPLICABLE,,,,,,,"510 El Camino Real
Belmont, CA 94002
(37.52603640600006, -122.28275632599997)",1
10/07/2013,PR0000877,Benihana Of Tokyo Restaurant,1496 Bayshore Hwy ,Burlingame,94010,1516,FOOD PREP - OVER 100 SEATS (RC 3),26,CAMPY FACILITY ASSESSMENT,0,NOT APPLICABLE,K014,Food contact surfaces: clean and sanitized,,,OU,OUT OF COMPLIANCE,"1496 Bayshore Hwy
Burlingame, CA 94010
(37.59720594000004, -122.36584045399997)",1
05/31/2013,PR0000504,The Famous Frankfurter,293 El Camino Real ,Millbrae,94030,1624,BAR/RESTAURANT 11-50 SEATS,12,LICENSE/PERMIT INVESTIGATION,0,NOT APPLICABLE,,,,,,,"293 El Camino Real
Millbrae, CA 94030
(37.60122616900003, -122.39078782599995)",1
05/01/2013,PR0067428,The Esential Ingredients Bakery & Cafe,125 S Linden Ave ,South San Francisco,94060,1651,"BAKERY - UNDER 2,000 SQ FT",1,ROUTINE,53,FAIR,K001,Demonstration of knowledge; food mgr certificate,,,OU,OUT OF COMPLIANCE,"125 S Linden Ave
South San Francisco, CA 94060
(37.645072785000025, -122.41362469099994)",1
12/05/2013,PR0052617,Mid East Meat Market,1778 El Camino Real ,San Bruno,94066,1523,"MARKET UNDER 2,000 SQ FT  (RC 2)",1,ROUTINE,52,GOOD,K006,Adequate handwashing facilities supplied & accessi,2,Minor,OU,OUT OF COMPLIANCE,"1778 El Camino Real
San Bruno, CA 94066
(37.61502747600008, -122.40595983899999)",1
04/27/2014,PR0066782,Redwood City Library Foundation,1044 Middlefield,Redwood City,94063,1583,NON PROFIT TEMP EVENT COORDINATOR,1,ROUTINE,0,NOT APPLICABLE,,,,,,,"1044 Middlefield
Redwood City, CA 94063
(37.484415987000034, -122.22763346799996)",1
06/05/2014,PR0073283,Galeottis Pizza,3121 Jefferson Ave,Redwood City,94062,1513,FOOD PREP - 11 TO 100 SEATS (RC 2),1,ROUTINE,51,EXCELLENT,,,,,,,"3121 Jefferson Ave
Redwood City, CA 94062
(37.47001619200006, -122.24646716799998)",1
04/05/2013,PR0026693,Gus Unocal 76,1147 Rollins Rd ,Burlingame,94010,1612,"MARKET LESS THAN 2,000 SQ FT",1,ROUTINE,52,GOOD,K001,Demonstration of knowledge; food mgr certificate,,,OU,OUT OF COMPLIANCE,"1147 Rollins Rd
Burlingame, CA 94010
(37.58828497500008, -122.35881959999995)",1
11/05/2014,PR0066734,La Torta Ahogada,311 E Market,Daly City,94014,1514,FOOD PREP - 11 TO 100 SEATS (RC 3),1,ROUTINE,52,GOOD,K007,Proper hot and cold holding temperatures,2,Minor,OU,OUT OF COMPLIANCE,"311 E Market
Daly City, CA 94014
(37.68978018900003, -122.46224226699997)",1
04/08/2014,PR0072622,Tai Wu Restaurant,300 El Camino Real,Millbrae,94030,1516,FOOD PREP - OVER 100 SEATS (RC 3),3,FOLLOWUP INSPECTION,0,NOT APPLICABLE,K030,Food storage; food storage containers identified,,,CO,CORRECTED ON SITE,"300 El Camino Real
Millbrae, CA 94030
(37.60162642800003, -122.39072395699998)",1
10/18/2014,PR0064582,Hmb Volunteer Fire,1191 Main St ,Half Moon Bay,94019,1584,NON PROFIT TEMP EVENT VENDOR,1,ROUTINE,0,NOT APPLICABLE,,,,,,,"1191 Main St
Half Moon Bay, CA 94019
(37.45119570300005, -122.42932541999994)",1
01/29/2013,PR0023852,Koma Sushi Japanese Restaurant,211 El Camino Real ,Menlo Park,94025,1624,BAR/RESTAURANT 11-50 SEATS,1,ROUTINE,53,FAIR,K021,Hot and cold water available,1,Major,OU,OUT OF COMPLIANCE,"211 El Camino Real
Menlo Park, CA 94025
(37.448456246000035, -122.17431285699996)",1
08/23/2013,PR0027263,John Bayhill Cafe,1111  Bayhill Dr ,San Bruno,94066,1514,FOOD PREP - 11 TO 100 SEATS (RC 3),1,ROUTINE,52,GOOD,K014,Food contact surfaces: clean and sanitized,2,Minor,OU,OUT OF COMPLIANCE,"1111 Bayhill Dr
San Bruno, CA 94066
(37.62949402900006, -122.42016938899997)",1
07/22/2014,PR0074123,La Casita Chilanga,795 5Th Ave,Redwood City,94063,1512,FOOD PREP - 10 SEATS AND UNDER (RC 3),3,FOLLOWUP INSPECTION,53,FAIR,K007,Proper hot and cold holding temperatures,1,Major,CO,CORRECTED ON SITE,"795 5Th Ave
Redwood City, CA 94063
(37.47974694100003, -122.19980701499998)",1
04/22/2014,PR0000381,More For Less,501  Kelly Ave ,Half Moon Bay,94019,1522,"MARKET OVER 2,000 SQ FT   (RC 1)",1,ROUTINE,52,GOOD,K036,"Equipment, utensils and linens: storage and use",2,Minor,OU,OUT OF COMPLIANCE,"501 Kelly Ave
Half Moon Bay, CA 94019
(37.46404825400003, -122.43350705099999)",1
02/26/2014,PR0075719,Borrone Market Bar,1010 El Camino Real Ste 140,Menlo Park,94025,1512,FOOD PREP - 10 SEATS AND UNDER (RC 3),1,ROUTINE,52,GOOD,K034,"Warewashing facilities: installed, maintained, use",2,Minor,OU,OUT OF COMPLIANCE,"1010 El Camino Real Ste 140
Menlo Park, CA 94025
(37.45338619000006, -122.18238681799994)",1
01/15/2014,PR0003041,Michaels #8696,100 Woodside Plaza,Redwood City,94061,1520,RETL STORE W/ INC FOOD SALES 25-300   (RC 1),1,ROUTINE,0,NOT APPLICABLE,,,,,,,"100 Woodside Plaza
Redwood City, CA 94061
(37.45717489300006, -122.22899316099995)",1
03/06/2013,PR0050727,Shiki Japanese Restaurant,20 Stone Pine St E,Half Moon Bay,94019,1624,BAR/RESTAURANT 11-50 SEATS,1,ROUTINE,53,FAIR,K006,Adequate handwashing facilities supplied & accessi,,,CV,VIOLATION CORRECTED,"20 Stone Pine St E
Half Moon Bay, CA 94019
(37.47008667800003, -122.44360749399999)",1
02/10/2014,PR0075022,Quickly,80 A Serramonte Center Cr,Daly City,94015,1500,FOOD PROGRAM,12,LICENSE/PERMIT INVESTIGATION,0,NOT APPLICABLE,,,,,,,"80 A Serramonte Center Cr
Daly City, CA 94015
(37.68323961300007, -122.47749853699997)",1
10/26/2013,PR0074161,Burlingame Aquatic Club Inc,1 Mangini Wy,Burlingame,94010,1583,NON PROFIT TEMP EVENT COORDINATOR,1,ROUTINE,0,NOT APPLICABLE,K093,Manual Warewashing; Alternative Methods and Shared,,,OU,OUT OF COMPLIANCE,"1 Mangini Wy
Burlingame, CA 94010
(37.58210330000003, -122.34680649999996)",1
05/28/2013,PR0001575,Lucky House,148 Visitacion Ave ,Brisbane,94005,1514,FOOD PREP - 11 TO 100 SEATS (RC 3),1,ROUTINE,52,GOOD,K023,"No rodents, insects, birds, or animals",2,Minor,OU,OUT OF COMPLIANCE,"148 Visitacion Ave
Brisbane, CA 94005
(37.68335629000006, -122.40317784099994)",1
01/09/2013,PR0065298,White Elephant Thai Cuisine,50 N Hwy 1 Ave B2-B3,Half Moon Bay,94019,1624,BAR/RESTAURANT 11-50 SEATS,3,FOLLOWUP INSPECTION,52,GOOD,K035,Equipment/Utensils - approved; installed; clean; g,,,OU,OUT OF COMPLIANCE,"50 N Hwy 1 Ave B2-B3
Half Moon Bay, CA 94019
(37.47008667800003, -122.44360749399999)",1
01/16/2013,PR0070489,Taqueria Apatzingan,3305 Middlefield Rd,Menlo Park,94025,1624,BAR/RESTAURANT 11-50 SEATS,1,ROUTINE,53,FAIR,K047,Signs posted; last inspection report available,2,Minor,OU,OUT OF COMPLIANCE,"3305 Middlefield Rd
Menlo Park, CA 94025
(37.47097430800005, -122.20273971499995)",1
12/24/2013,PR0061931,Veterans Shell #148,,Redwood City,94063,1510,COFFEE HOUSE / BAR / MINIMAL HANDLING (RC 1),1,ROUTINE,51,EXCELLENT,,,,,,,"Redwood City, CA 94063
(37.48394724600007, -122.21564677999999)",1
01/29/2013,PR0037685,Good Bites Cafe,1504 El Camino Real ,Belmont,94002,1623,BAR/RESTAURANT 10 SEATS AND UNDER,1,ROUTINE,53,FAIR,K014,Food contact surfaces: clean and sanitized,3,Critical/Major violation,OU,OUT OF COMPLIANCE,"1504 El Camino Real
Belmont, CA 94002
(37.516177483000035, -122.27099728999997)",1
03/19/2013,PR0047060,Cafe Salina,235 Broadway ,Millbrae,94030,1625,BAR/RESTAURANT 51-100 SEATS,1,ROUTINE,52,GOOD,K036,"Equipment, utensils and linens: storage and use",2,Minor,OU,OUT OF COMPLIANCE,"235 Broadway
Millbrae, CA 94030
(37.60022722300005, -122.39100744099994)",1
01/10/2014,PR0049394,The Great Steak & Potato Company,1150 El Camino Real #C,San Bruno,94066,1513,FOOD PREP - 11 TO 100 SEATS (RC 2),1,ROUTINE,0,NOT APPLICABLE,,,,,,,"1150 El Camino Real #C
San Bruno, CA 94066
(37.636297101000025, -122.42086190999999)",1
06/12/2013,PR0073699,Pacificakes Inc,1625 Palmetto Ave Ste D,Pacifica,94044,1636,CFM TABLE,1,ROUTINE,0,NOT APPLICABLE,K006,Adequate handwashing facilities supplied & accessi,1,Major,OU,OUT OF COMPLIANCE,"1625 Palmetto Ave Ste D
Pacifica, CA 94044
(37.636143848000074, -122.49210518999996)",1
09/18/2014,PR0046319,99 Ranch Market,250 Skyline Plaza,Daly City,94015,1529,SUBFACILITY  (RC 3),1,ROUTINE,53,FAIR,K040,Wiping cloths: properly used and stored,2,Minor,OU,OUT OF COMPLIANCE,"250 Skyline Plaza
Daly City, CA 94015
(37.682969531000026, -122.487122323)",1
09/19/2014,PR0058660,Jj Bakery Cafe,151 El Camino Real ,Millbrae,94030,1512,FOOD PREP - 10 SEATS AND UNDER (RC 3),1,ROUTINE,52,GOOD,K001,Demonstration of knowledge; food mgr certificate,2,Minor,OU,OUT OF COMPLIANCE,"151 El Camino Real
Millbrae, CA 94030
(37.59981972800006, -122.38896937499999)",1
01/15/2013,PR0073082,Taqueria Los Temos,1491 E Bayshore Rd ,East Palo Alto,94303,1600,FOOD SANITATION - GENERAL,71,JOINT ACTIVITY,0,NOT APPLICABLE,,,,,,,"1491 E Bayshore Rd
East Palo Alto, CA 94303
(37.46289454600003, -122.14428085899999)",1
05/28/2013,PR0040030,India Cash & Carry,1058 Shell Blvd #D,Foster City,94404,1612,"MARKET LESS THAN 2,000 SQ FT",1,ROUTINE,52,GOOD,K007,Proper hot and cold holding temperatures,2,Minor,OU,OUT OF COMPLIANCE,"1058 Shell Blvd #D
Foster City, CA 94404
(37.54977455400007, -122.26392641199999)",1
11/04/2014,PR0050142,5 Star Gas Hillside Station,1216 Hillside Blvd ,Colma,94014,1521,"MARKET/CONVENIENCE STORE <=2,000 FT2  (RC 1)",1,ROUTINE,0,NOT APPLICABLE,K021,Hot and cold water available,2,Minor,OU,OUT OF COMPLIANCE,"1216 Hillside Blvd
Colma, CA 94014
(37.68590398500004, -122.45956705599997)",1
11/05/2014,PR0000281,Vals Redwood Room Inc,2468 Junipero Serra Blvd,Daly City,94015,1516,FOOD PREP - OVER 100 SEATS (RC 3),1,ROUTINE,0,NOT APPLICABLE,K031,Consumer self service,,,OU,OUT OF COMPLIANCE,"2468 Junipero Serra Blvd
Daly City, CA 94015
(37.691958843000066, -122.47104273999997)",1
08/28/2014,PR0064421,Kings Mountain Art Fair,13889 Skyline Blvd ,Woodside,94064,1582,TEMP EVENT VENDOR W/ FOOD PREP  (RC 2),1,ROUTINE,0,NOT APPLICABLE,,,,,,,"13889 Skyline Blvd
Woodside, CA 94064
(37.38397074400007, -122.26255917799995)",1
09/28/2013,PR0074809,Redwood City Parks And Arts Foundation,1400 Roosevelt Ave,Redwood City,94061,1584,NON PROFIT TEMP EVENT VENDOR,1,ROUTINE,0,NOT APPLICABLE,K005,Hands clean and properly washed; gloves used prope,3,Critical/Major violation,OU,OUT OF COMPLIANCE,"1400 Roosevelt Ave
Redwood City, CA 94061
(37.470543666000026, -122.23638735299994)",1
02/28/2013,PR0002665,City Pub & Cafe,2620 Broadway ,Redwood City,94061,1625,BAR/RESTAURANT 51-100 SEATS,1,ROUTINE,52,GOOD,K035,Equipment/Utensils - approved; installed; clean; g,2,Minor,OU,OUT OF COMPLIANCE,"2620 Broadway
Redwood City, CA 94061
(37.48626833600008, -122.23351429599995)",1
05/02/2014,PR0001118,Garden Club,1144 Mission Rd ,South San Francisco,94080,1514,FOOD PREP - 11 TO 100 SEATS (RC 3),1,ROUTINE,52,GOOD,K029,"Toxic substances properly identified, stored, used",2,Minor,OU,OUT OF COMPLIANCE,"1144 Mission Rd
South San Francisco, CA 94080
(37.66125688500006, -122.43880120699998)",1
08/05/2014,PR0039028,Emporio Rulli,Intl Loop G Side,SFO,94128,1513,FOOD PREP - 11 TO 100 SEATS (RC 2),1,ROUTINE,52,GOOD,K021,Hot and cold water available,,,OU,OUT OF COMPLIANCE,"Intl Loop G Side
SFO, CA 94128
(37.62250947100006, -122.39519978799996)",1
11/05/2013,PR0000287,Dennys Restaurant #1589,500 Linda Mar Center Blvd ,Pacifica,94044,1515,FOOD PREP - OVER 100 SEATS (RC 2),3,FOLLOWUP INSPECTION,0,NOT APPLICABLE,,,,,,,"500 Linda Mar Center Blvd
Pacifica, CA 94044
(37.59570682200007, -122.50369599299995)",1
03/14/2014,PR0000991,Kisaku Restaurant,47 E 4Th Ave ,San Mateo,94401,1514,FOOD PREP - 11 TO 100 SEATS (RC 3),26,CAMPY FACILITY ASSESSMENT,0,NOT APPLICABLE,,,,,,,"47 E 4Th Ave
San Mateo, CA 94401
(37.563164079000046, -122.32394694399994)",1
04/29/2014,PR0046633,Mckinley Institute Of Technology,400 Duane St ,Redwood City,94063,1532,SCHOOL FOOD SERVICE  (RC 2),1,ROUTINE,51,EXCELLENT,,,,,,,"400 Duane St
Redwood City, CA 94063
(37.482039522000036, -122.23595012799996)",1
12/09/2014,PR0002503,Fil Am Cuisine,66 School St ,Daly City,94014,1512,FOOD PREP - 10 SEATS AND UNDER (RC 3),8,REPORT REVIEW,0,NOT APPLICABLE,,,,,,,"66 School St
Daly City, CA 94014
(37.693407645000036, -122.46564995199998)",1
04/17/2013,PR0068000,Mercys Cafe,2750 Adeline Dr,Burlingame,94010,1632,SCHOOL CAFETERIA,1,ROUTINE,52,GOOD,K006,Adequate handwashing facilities supplied & accessi,,,OU,OUT OF COMPLIANCE,"2750 Adeline Dr
Burlingame, CA 94010
(37.58113160900007, -122.38299101599995)",1
07/30/2014,PR0023836,Ramirez Produce Market,321 E Market St ,Daly City,94014,1521,"MARKET/CONVENIENCE STORE <=2,000 FT2  (RC 1)",1,ROUTINE,52,GOOD,K039,Thermometers provided and accurate,2,Minor,CO,CORRECTED ON SITE,"321 E Market St
Daly City, CA 94014
(37.68978993400003, -122.46197262499999)",1
04/11/2014,PR0076207,Yumi Deli,6303 Mission St,Daly City,94014,1500,FOOD PROGRAM,1,ROUTINE,0,NOT APPLICABLE,,,,,,,"6303 Mission St
Daly City, CA 94014
(37.705808887000046, -122.46140347899996)",1
07/15/2014,PR0071991,Mangiare,1000 Marina Blvd Ste 108,Brisbane,94005,1512,FOOD PREP - 10 SEATS AND UNDER (RC 3),1,ROUTINE,52,GOOD,K007,Proper hot and cold holding temperatures,1,Major,OU,OUT OF COMPLIANCE,"1000 Marina Blvd Ste 108
Brisbane, CA 94005
(37.674590883000064, -122.38709083499998)",1
11/19/2014,PR0075034,Kings Liquor,8 W 41St Ave,San Mateo,94403,1521,"MARKET/CONVENIENCE STORE <=2,000 FT2  (RC 1)",1,ROUTINE,52,GOOD,K043,"Toilet facilities: properly constructed, supplied,",,,OU,OUT OF COMPLIANCE,"8 W 41St Ave
San Mateo, CA 94403
(37.53065705700004, -122.29090987199999)",1
09/26/2013,PR0068078,The Versailles Senior Housing,10 Crystal Springs Rd,San Mateo,94402,1514,FOOD PREP - 11 TO 100 SEATS (RC 3),26,CAMPY FACILITY ASSESSMENT,0,NOT APPLICABLE,,,,,,,"10 Crystal Springs Rd
San Mateo, CA 94402
(37.56423454900005, -122.32771720999995)",1
02/21/2013,PR0070146,Mangal Turkish Cuisine,1125 Burlingame Ave,Burlingame,94010,1625,BAR/RESTAURANT 51-100 SEATS,1,ROUTINE,53,FAIR,K035,Equipment/Utensils - approved; installed; clean; g,,,OU,OUT OF COMPLIANCE,"1125 Burlingame Ave
Burlingame, CA 94010
(37.579424035000045, -122.34579364999996)",1
10/24/2013,PR0049804,Rice N Roll,683 Manor Dr ,Pacifica,94044,1624,BAR/RESTAURANT 11-50 SEATS,8,REPORT REVIEW,0,NOT APPLICABLE,,,,,,,"683 Manor Dr
Pacifica, CA 94044
(37.645885272000044, -122.47184875499994)",1
04/11/2014,PR0002246,J J Yogurt,1226 W Hillsdale Blvd ,San Mateo,94403,1510,COFFEE HOUSE / BAR / MINIMAL HANDLING (RC 1),1,ROUTINE,52,GOOD,K047,Signs posted; last inspection report available,2,Minor,OU,OUT OF COMPLIANCE,"1226 W Hillsdale Blvd
San Mateo, CA 94403
(37.53305972000004, -122.32640012599995)",1
02/26/2014,PR0000604,Crouching Tiger,2644 Broadway ,Redwood City,94063,1514,FOOD PREP - 11 TO 100 SEATS (RC 3),27,CAMPY INTERVIEW,0,NOT APPLICABLE,,,,,,,"2644 Broadway
Redwood City, CA 94063
(37.48624951600004, -122.23387752399998)",1
05/31/2014,PR0049387,Peets Coffee & Tea,255 E 3Rd Ave ,San Mateo,94401,1510,COFFEE HOUSE / BAR / MINIMAL HANDLING (RC 1),1,ROUTINE,52,GOOD,K047,Signs posted; last inspection report available,2,Minor,OU,OUT OF COMPLIANCE,"255 E 3Rd Ave
San Mateo, CA 94401
(37.56545394200003, -122.32250818299997)",1
04/08/2013,PR0069201,Just Paninis,44 Hillsdale Mall,San Mateo,94403,1624,BAR/RESTAURANT 11-50 SEATS,7,SURVEY/FIELD STUDY,0,NOT APPLICABLE,,,,,,,"44 Hillsdale Mall
San Mateo, CA 94403
(37.53835272400005, -122.30057020399994)",1
01/09/2013,PR0000863,Harrys Shoreview Deli,1446 Cary Ave ,San Mateo,94401,1623,BAR/RESTAURANT 10 SEATS AND UNDER,1,ROUTINE,52,GOOD,K001,Demonstration of knowledge; food mgr certificate,2,Minor,NO,NOT OBSERVED,"1446 Cary Ave
San Mateo, CA 94401
(37.57064520200004, -122.30977845599995)",1
01/16/2013,PR0002248,Maxs Opera Cafe Of Burlingame,1250 Bayshore Hwy ,Burlingame,94010,1628,BAR/RESTAURANT OVER 201 SEATS,1,ROUTINE,53,FAIR,K014,Food contact surfaces: clean and sanitized,1,Major,OU,OUT OF COMPLIANCE,"1250 Bayshore Hwy
Burlingame, CA 94010
(37.59226610800005, -122.36277768899998)",1
04/02/2014,PR0075816,Chef Lee,80 Cabrillo Hwy # U,Half Moon Bay,94019,1512,FOOD PREP - 10 SEATS AND UNDER (RC 3),1,ROUTINE,52,GOOD,K026,"Approved thawing methods used, frozen food",2,Minor,OU,OUT OF COMPLIANCE,"80 Cabrillo Hwy # U
Half Moon Bay, CA 94019
(37.47004703300007, -122.43548897599999)",1
05/03/2013,PR0065296,San Francisco Fine Bakery,2537 Middlefield Rd ,Redwood City,94063,1623,BAR/RESTAURANT 10 SEATS AND UNDER,1,ROUTINE,53,FAIR,K014,Food contact surfaces: clean and sanitized,3,Critical/Major violation,OU,OUT OF COMPLIANCE,"2537 Middlefield Rd
Redwood City, CA 94063
(37.478444000000025, -122.21398869499995)",1
07/13/2014,PR0049995,Taqueria El Grullense,768 Woodside Rd ,Redwood City,94062,1514,FOOD PREP - 11 TO 100 SEATS (RC 3),1,ROUTINE,51,EXCELLENT,K005,Hands clean and properly washed; gloves used prope,2,Minor,OU,OUT OF COMPLIANCE,"768 Woodside Rd
Redwood City, CA 94062
(37.43981005100005, -122.24304447299994)",1
01/16/2013,PR0033661,Bangkok House Thai Cuisine,20 Stone Pine #B,Half Moon Bay,94019,1624,BAR/RESTAURANT 11-50 SEATS,1,ROUTINE,53,FAIR,K014,Food contact surfaces: clean and sanitized,1,Major,OU,OUT OF COMPLIANCE,"20 Stone Pine #B
Half Moon Bay, CA 94019
(37.46681373000007, -122.42823651399999)",1
05/01/2013,PR0001725,Wongs Cafe,1111 Hillside Blvd ,Colma,94014,1624,BAR/RESTAURANT 11-50 SEATS,1,ROUTINE,52,GOOD,K035,Equipment/Utensils - approved; installed; clean; g,2,Minor,OU,OUT OF COMPLIANCE,"1111 Hillside Blvd
Colma, CA 94014
(37.68801035700005, -122.460577608)",1
01/22/2014,PR0072779,Usual Place,189 El Camino Real,San Bruno,94066,1514,FOOD PREP - 11 TO 100 SEATS (RC 3),1,ROUTINE,52,GOOD,K029,"Toxic substances properly identified, stored, used",2,Minor,OU,OUT OF COMPLIANCE,"189 El Camino Real
San Bruno, CA 94066
(37.61740319200004, -122.40862773699996)",1
04/16/2014,PR0000178,Once Upon A Metro,1136 Broadway ,Burlingame,94010,1514,FOOD PREP - 11 TO 100 SEATS (RC 3),1,ROUTINE,0,NOT APPLICABLE,K030,Food storage; food storage containers identified,,,CO,CORRECTED ON SITE,"1136 Broadway
Burlingame, CA 94010
(37.587030140000024, -122.36398297499994)",1
07/03/2013,PR0065530,Big Mouth Restaurant,675 Broadway ,Millbrae,94030,1624,BAR/RESTAURANT 11-50 SEATS,1,ROUTINE,53,FAIR,K007,Proper hot and cold holding temperatures,3,Critical/Major violation,OU,OUT OF COMPLIANCE,"675 Broadway
Millbrae, CA 94030
(37.603892872000074, -122.39577084399997)",1
12/11/2014,PR0028219,Pho 99 Vietnamese Restaurant,188 Skyline Plaza,Daly City,94015,1516,FOOD PREP - OVER 100 SEATS (RC 3),1,ROUTINE,53,FAIR,F035,"35. Equipment/utensils-approved; installed; clean; good repair; capacity (prep sinks, refrigerators)",2,Minor,OU,OUT OF COMPLIANCE,"188 Skyline Plaza
Daly City, CA 94015
(37.682955281000034, -122.487122323)",1
03/08/2013,PR0023362,Hung To Seafood Restaurant,221 S Spruce Ave ,South San Francisco,94080,1626,BAR/RESTAURANT 101-150 SEATS,1,ROUTINE,53,FAIR,K027,Food separated and protected,,,OU,OUT OF COMPLIANCE,"221 S Spruce Ave
South San Francisco, CA 94080
(37.647618270000066, -122.41951028399995)",1
06/25/2014,PR0059092,U-Me Llc,3355 Edison Wy ,Menlo Park,94025,1511,FOOD PREP - 10 SEATS AND UNDER (RC 2),1,ROUTINE,0,NOT APPLICABLE,K015,Food obtained from approved source,1,Major,OU,OUT OF COMPLIANCE,"3355 Edison Wy
Menlo Park, CA 94025
(37.476338492000025, -122.20033130299998)",1
05/13/2014,PR0033072,Bon Appetit 350 Cafe,350 Oracle Pkwy ,Redwood City,94065,1514,FOOD PREP - 11 TO 100 SEATS (RC 3),1,ROUTINE,0,NOT APPLICABLE,K006,Adequate handwashing facilities supplied & accessi,3,Critical/Major violation,OU,OUT OF COMPLIANCE,"350 Oracle Pkwy
Redwood City, CA 94065
(37.53219348300007, -122.26349602099998)",1
06/26/2013,PR0074229,Pho Vinh,1065 Holly St Ste A,San Carlos,94070,1514,FOOD PREP - 11 TO 100 SEATS (RC 3),28,PERMIT ISSUED/FINAL INSPECTION,0,NOT APPLICABLE,,,,,,,"1065 Holly St Ste A
San Carlos, CA 94070
(37.509156630000064, -122.26101161499997)",1
03/13/2013,PR0040041,Mi Rancho Supermarket,137 Roosevelt ,Redwood City,94061,1614,"MARKET 6,001-10,000 SQ FT",1,ROUTINE,53,FAIR,K007,Proper hot and cold holding temperatures,1,Major,OU,OUT OF COMPLIANCE,"137 Roosevelt
Redwood City, CA 94061
(37.47871795400005, -122.22599031399994)",1
11/25/2014,PR0073618,Quickly,2288 Westborough Blvd ,South San Francisco,94080,1513,FOOD PREP - 11 TO 100 SEATS (RC 2),1,ROUTINE,54,POOR,K029,"Toxic substances properly identified, stored, used",2,Minor,OU,OUT OF COMPLIANCE,"2288 Westborough Blvd
South San Francisco, CA 94080
(37.64357160900005, -122.45275400899999)",1
11/21/2013,PR0001515,Asian Pearl Peninsula,1671 El Camino Real ,Millbrae,94030,1516,FOOD PREP - OVER 100 SEATS (RC 3),26,CAMPY FACILITY ASSESSMENT,0,NOT APPLICABLE,K014,Food contact surfaces: clean and sanitized,,,CO,CORRECTED ON SITE,"1671 El Camino Real
Millbrae, CA 94030
(37.61346924600008, -122.40471037599997)",1
05/04/2014,PR0071429,Heidi Pies Restaurant,1941 S El Camino Real,San Mateo,94403,1546,CFM NON-AG VENDOR (RC 2),1,ROUTINE,0,NOT APPLICABLE,,,,,,,"1941 S El Camino Real
San Mateo, CA 94403
(37.54873290100005, -122.31025898799999)",1
01/10/2013,PR0048559,Italia Express,1150 El Camino Real ,San Bruno,94066,1623,BAR/RESTAURANT 10 SEATS AND UNDER,1,ROUTINE,52,GOOD,K040,Wiping cloths: properly used and stored,2,Minor,OU,OUT OF COMPLIANCE,"1150 El Camino Real
San Bruno, CA 94066
(37.636297101000025, -122.42086190999999)",1
01/07/2015,PR0065457,Lunardis Market,2801 San Bruno Ave ,San Bruno,94066,1529,SUBFACILITY  (RC 3),1,ROUTINE,52,GOOD,F035,"35. Equipment/utensils-approved; installed; clean; good repair; capacity (prep sinks, refrigerators)",2,Minor,OU,OUT OF COMPLIANCE,"2801 San Bruno Ave
San Bruno, CA 94066
(37.61941386800004, -122.439842296)",1
05/13/2013,PR0064023,Epa Fish  Chicken,2150 University ,East Palo Alto,94043,1624,BAR/RESTAURANT 11-50 SEATS,1,ROUTINE,52,GOOD,K038,Adequate ventilation and lighting; designated area,,,OU,OUT OF COMPLIANCE,"2150 University
East Palo Alto, CA 94043
(37.40652793800007, -122.07913974299998)",1
12/12/2013,PR0002639,Menlo Park Gas & Diesel,275 El Camino Real ,Menlo Park,94025,1521,"MARKET/CONVENIENCE STORE <=2,000 FT2  (RC 1)",1,ROUTINE,51,EXCELLENT,,,,,,,"275 El Camino Real
Menlo Park, CA 94025
(37.44888653000004, -122.17493616399997)",1
08/04/2014,PR0073388,Alianca Int,197 87Th St,Daly City,94015,1521,"MARKET/CONVENIENCE STORE <=2,000 FT2  (RC 1)",1,ROUTINE,51,EXCELLENT,,,,,,,"197 87Th St
Daly City, CA 94015
(37.69324682200005, -122.47208635899995)",1
09/04/2013,PR0000711,Kentucky Fried Chicken,659 Woodside Rd ,Redwood City,94061,1512,FOOD PREP - 10 SEATS AND UNDER (RC 3),27,CAMPY INTERVIEW,0,NOT APPLICABLE,,,,,,,"659 Woodside Rd
Redwood City, CA 94061
(37.468674486000054, -122.22359112299995)",1
10/17/2014,PR0038251,Red Ribbon Bakeshop,1230 El Camino Real #P,San Bruno,94066,1511,FOOD PREP - 10 SEATS AND UNDER (RC 2),1,ROUTINE,52,GOOD,K007,Proper hot and cold holding temperatures,2,Minor,OU,OUT OF COMPLIANCE,"1230 El Camino Real #P
San Bruno, CA 94066
(37.63746482500005, -122.42157138799996)",1
03/27/2014,PR0062564,The Noodle Shop,164 W 25Th Ave ,San Mateo,94403,1514,FOOD PREP - 11 TO 100 SEATS (RC 3),19,NO ACTION,0,NOT APPLICABLE,,,,,,,"164 W 25Th Ave
San Mateo, CA 94403
(37.54351954100008, -122.30828117499999)",1
08/31/2013,PR0051917,Sing Tao Ltd,5000 Marina Blvd # 300,Brisbane,94005,1582,TEMP EVENT VENDOR W/ FOOD PREP  (RC 2),1,ROUTINE,0,NOT APPLICABLE,,,,,,,"5000 Marina Blvd # 300
Brisbane, CA 94005
(37.676098067000055, -122.38511928099996)",1
07/02/2014,PR0001052,Seven Eleven Food Store #14311,635 El Camino Real ,South San Francisco,94080,1522,"MARKET OVER 2,000 SQ FT   (RC 1)",1,ROUTINE,52,GOOD,K035,Equipment/Utensils - approved; installed; clean; g,1,Major,OU,OUT OF COMPLIANCE,"635 El Camino Real
South San Francisco, CA 94080
(37.64922509100006, -122.43006406699999)",1
02/06/2014,PR0051190,Tacos El Grullense E & E,3018 Middlefiled Rd ,Redwood City,94063,1514,FOOD PREP - 11 TO 100 SEATS (RC 3),26,CAMPY FACILITY ASSESSMENT,0,NOT APPLICABLE,,,,,,,"3018 Middlefiled Rd
Redwood City, CA 94063
(37.47386684700007, -122.20720581599994)",1
06/14/2013,PR0049148,El Jarocho Taqueria,2395 University Ave ,East Palo Alto,94303,1512,FOOD PREP - 10 SEATS AND UNDER (RC 3),903,FOLLOWUP,0,NOT APPLICABLE,,,,,,,"2395 University Ave
East Palo Alto, CA 94303
(37.47143322800008, -122.13964983799997)",1
03/20/2014,PR0002616,Taqueria De Amigos,2974 S Norfolk St ,San Mateo,94403,1514,FOOD PREP - 11 TO 100 SEATS (RC 3),27,CAMPY INTERVIEW,0,NOT APPLICABLE,,,,,,,"2974 S Norfolk St
San Mateo, CA 94403
(37.54531991400006, -122.28435923099994)",1
04/22/2013,PR0071440,Hotel Sofitel,223 Twin Dolphin Dr,Redwood City,94065,1626,BAR/RESTAURANT 101-150 SEATS,1,ROUTINE,52,GOOD,K040,Wiping cloths: properly used and stored,2,Minor,OU,OUT OF COMPLIANCE,"223 Twin Dolphin Dr
Redwood City, CA 94065
(37.522587627000064, -122.26106577299998)",1
01/31/2014,PR0069867,Coldstone Creamery,1150 El Camino Real 192,San Bruno,94066,1510,COFFEE HOUSE / BAR / MINIMAL HANDLING (RC 1),1,ROUTINE,51,EXCELLENT,K035,Equipment/Utensils - approved; installed; clean; g,,,OU,OUT OF COMPLIANCE,"1150 El Camino Real 192
San Bruno, CA 94066
(37.636297101000025, -122.42086190999999)",1
06/30/2014,PR0070705,Delizie,1107 San Carlos Ave,San Carlos,94070,1514,FOOD PREP - 11 TO 100 SEATS (RC 3),1,ROUTINE,53,FAIR,K047,Signs posted; last inspection report available,2,Minor,OU,OUT OF COMPLIANCE,"1107 San Carlos Ave
San Carlos, CA 94070
(37.50709750300007, -122.26047119499998)",1
01/15/2014,PR0002883,Camerons Inn,1410 S Hwy 1 ,Half Moon Bay,94019,1514,FOOD PREP - 11 TO 100 SEATS (RC 3),1,ROUTINE,53,FAIR,K014,Food contact surfaces: clean and sanitized,1,Major,OU,OUT OF COMPLIANCE,"1410 S Hwy 1
Half Moon Bay, CA 94019
(37.46437459400005, -122.43395901699995)",1
09/03/2013,PR0072375,Caffino,2797 El Camino Real,Redwood City,94061,1510,COFFEE HOUSE / BAR / MINIMAL HANDLING (RC 1),3,FOLLOWUP INSPECTION,0,NOT APPLICABLE,K021,Hot and cold water available,1,Major,OU,OUT OF COMPLIANCE,"2797 El Camino Real
Redwood City, CA 94061
(37.47078449300005, -122.21378188799997)",1
02/27/2014,PR0002516,Cafe Borrone,1010 El Camino Real,Menlo Park,94025,1514,FOOD PREP - 11 TO 100 SEATS (RC 3),26,CAMPY FACILITY ASSESSMENT,0,NOT APPLICABLE,,,,,,,"1010 El Camino Real
Menlo Park, CA 94025
(37.45338619000006, -122.18238681799994)",1
12/11/2013,PR0069872,Facebook,1601 Willow Rd Bldg 16,Menlo Park,94025,1511,FOOD PREP - 10 SEATS AND UNDER (RC 2),1,ROUTINE,51,EXCELLENT,K001,Demonstration of knowledge; food mgr certificate,2,Minor,OU,OUT OF COMPLIANCE,"1601 Willow Rd Bldg 16
Menlo Park, CA 94025
(37.48224207800007, -122.15032812499999)",1
06/30/2014,PR0076033,2 Forks,25 Washington St,Daly City,94014,1551,CATERING/KITCHEN RENTAL (RC 2),1,ROUTINE,51,EXCELLENT,,,,,,,"25 Washington St
Daly City, CA 94014
(37.687894097000026, -122.468915789)",1
07/15/2014,PR0032854,Bianchinis Market,3130 Alpine Rd 415,Portola Valley,94028,1524,"MARKET OVER 2,000 SQ FT  (RC 2)",1,ROUTINE,0,NOT APPLICABLE,,,,,,,"3130 Alpine Rd 415
Portola Valley, CA 94028
(37.40139869200004, -122.19266402)",1
03/29/2013,PR0044284,Ikea East Palo Alto,1700 E Bayshore Rd ,East Palo Alto,94303,1628,BAR/RESTAURANT OVER 201 SEATS,1,ROUTINE,0,NOT APPLICABLE,,,,,,,"1700 E Bayshore Rd
East Palo Alto, CA 94303
(37.46064050800004, -122.13821545399998)",1
01/15/2014,PR0038435,Starbucks Coffee,1066 Foster City Blvd ,Foster City,94404,1510,COFFEE HOUSE / BAR / MINIMAL HANDLING (RC 1),1,ROUTINE,53,FAIR,K045,"Floors, walls and ceilings: built, maintained, and",2,Minor,OU,OUT OF COMPLIANCE,"1066 Foster City Blvd
Foster City, CA 94404
(37.554235507000044, -122.25665408999998)",1
11/26/2013,PR0059870,Cvs Pharmacy # 9811,1871 El Camino Real,Burlingame,94010,1522,"MARKET OVER 2,000 SQ FT   (RC 1)",21,PLAN CHECK,0,NOT APPLICABLE,,,,,,,"1871 El Camino Real
Burlingame, CA 94010
(37.59595686700004, -122.38549722899995)",1
01/30/2013,PR0000547,Mcdonalds,180 El Camino Real ,San Carlos,94070,1625,BAR/RESTAURANT 51-100 SEATS,1,ROUTINE,52,GOOD,K006,Adequate handwashing facilities supplied & accessi,2,Minor,OU,OUT OF COMPLIANCE,"180 El Camino Real
San Carlos, CA 94070
(37.51142662500007, -122.26584543799999)",1
08/08/2014,PR0049448,Mandaloun Restaurant,2021 Broadway St ,Redwood City,94063,1516,FOOD PREP - OVER 100 SEATS (RC 3),7,SURVEY/FIELD STUDY,0,NOT APPLICABLE,,,,,,,"2021 Broadway St
Redwood City, CA 94063
(37.48656268800005, -122.22684761199997)",1
09/23/2014,PR0077852,Corner Yogurt,1501 Woodside Rd,Redwood City,94061,1500,FOOD PROGRAM,1,ROUTINE,0,NOT APPLICABLE,,,,,,,"1501 Woodside Rd
Redwood City, CA 94061
(37.45652615800003, -122.22773025999999)",1
01/10/2014,PR0060193,Cafe 2K,2000 Alameda De Las Pulgas ,San Mateo,94403,1511,FOOD PREP - 10 SEATS AND UNDER (RC 2),1,ROUTINE,51,EXCELLENT,K032,Food properly labeled & honestly presented,2,Minor,OU,OUT OF COMPLIANCE,"2000 Alameda De Las Pulgas
San Mateo, CA 94403
(37.54503753400007, -122.32027807799994)",1
02/15/2013,PR0046563,Safeway Store #3031,85 Westlake Center,Daly City,94015,1672,"SUBFAC-BAKERY - UNDER 2,000 SQ FT",1,ROUTINE,51,EXCELLENT,K045,"Floors, walls and ceilings: built, maintained, and",,,OU,OUT OF COMPLIANCE,"85 Westlake Center
Daly City, CA 94015
(37.701432381000075, -122.48327959899996)",1
03/13/2013,PR0070586,Los Cheveres,739 Chestnut St,Redwood City,94063,1641,MOBILE FOOD LIMITED FOOD PREPARATION UNIT,8,REPORT REVIEW,0,NOT APPLICABLE,,,,,,,"739 Chestnut St
Redwood City, CA 94063
(37.48467870800005, -122.21995581399995)",1
08/06/2014,PR0000902,Southwest Grill,1326 W Hillsdale Blvd ,San Mateo,94403,1514,FOOD PREP - 11 TO 100 SEATS (RC 3),1,ROUTINE,52,GOOD,K001,Demonstration of knowledge; food mgr certificate,2,Minor,OU,OUT OF COMPLIANCE,"1326 W Hillsdale Blvd
San Mateo, CA 94403
(37.53298640000003, -122.32739070399998)",1
02/22/2013,PR0033955,Starbucks Coffee,851 Cherry Ave ,San Bruno,94066,1625,BAR/RESTAURANT 51-100 SEATS,1,ROUTINE,52,GOOD,K001,Demonstration of knowledge; food mgr certificate,2,Minor,OU,OUT OF COMPLIANCE,"851 Cherry Ave
San Bruno, CA 94066
(37.62663930600007, -122.42485341099996)",1
04/18/2013,PR0047931,Buena Vista Cafe,"Pier F, Gate 84 ",SFO,94128,1624,BAR/RESTAURANT 11-50 SEATS,1,ROUTINE,53,FAIR,K008,Time as a public health control; procedures & reco,1,Major,OU,OUT OF COMPLIANCE,"Pier F, Gate 84
SFO, CA 94128
(37.62250947100006, -122.39519978799996)",1
08/09/2013,PR0065284,Houlihan,275 S Airport Blvd ,South San Francisco,94080,1516,FOOD PREP - OVER 100 SEATS (RC 3),1,ROUTINE,54,POOR,K007,Proper hot and cold holding temperatures,1,Major,OU,OUT OF COMPLIANCE,"275 S Airport Blvd
South San Francisco, CA 94080
(37.64682204300004, -122.40547433899997)",1
09/25/2014,PR0046485,Ritz Carlton,1 Miramontes Point Rd ,Half Moon Bay,94019,1529,SUBFACILITY  (RC 3),1,ROUTINE,52,GOOD,K007,Proper hot and cold holding temperatures,2,Minor,OU,OUT OF COMPLIANCE,"1 Miramontes Point Rd
Half Moon Bay, CA 94019
(37.433768592000035, -122.44104988799995)",1
04/29/2014,PR0002381,Xtra Oil Co  Dba: Chevron,110 Hickey Blvd ,South San Francisco,94080,1510,COFFEE HOUSE / BAR / MINIMAL HANDLING (RC 1),1,ROUTINE,53,FAIR,K040,Wiping cloths: properly used and stored,1,Major,OU,OUT OF COMPLIANCE,"110 Hickey Blvd
South San Francisco, CA 94080
(37.66639815900004, -122.45161515999996)",1
03/30/2014,PR0075006,Asiya Shriners Section Crew,1925 Elkhorn Ct,San Mateo,94403-1308,1580,TEMP EVENT COORDINATOR,2,ROUTINE INSPECTION CONTINUED,0,NOT APPLICABLE,,,,,,,"1925 Elkhorn Ct
San Mateo, CA 94403-1308
(37.547774203000074, -122.312329638)",1
01/16/2013,PR0033704,Pacifica Chevron,100 Milagra Dr ,Pacifica,94044,1612,"MARKET LESS THAN 2,000 SQ FT",3,FOLLOWUP INSPECTION,0,NOT APPLICABLE,,,,,,,"100 Milagra Dr
Pacifica, CA 94044
(37.646063842000046, -122.49079734999998)",1
12/12/2013,PR0002100,Primo Pizza,7027 Mission St ,Daly City,94014,1513,FOOD PREP - 11 TO 100 SEATS (RC 2),1,ROUTINE,53,FAIR,K014,Food contact surfaces: clean and sanitized,2,Minor,OU,OUT OF COMPLIANCE,"7027 Mission St
Daly City, CA 94014
(37.69543939700003, -122.46458499199997)",1
07/11/2014,PR0001047,Jack In The Box,1695 El Camino Real ,South San Francisco,94080,1513,FOOD PREP - 11 TO 100 SEATS (RC 2),1,ROUTINE,53,FAIR,K035,Equipment/Utensils - approved; installed; clean; g,2,Minor,OU,OUT OF COMPLIANCE,"1695 El Camino Real
South San Francisco, CA 94080
(37.666339426000036, -122.45130466599994)",1
03/26/2014,PR0069705,Cuisine Style,1755 Rollins Rd,Burlingame,94010,1551,CATERING/KITCHEN RENTAL (RC 2),7,SURVEY/FIELD STUDY,0,NOT APPLICABLE,,,,,,,"1755 Rollins Rd
Burlingame, CA 94010
(37.59744561500003, -122.37907210599997)",1
06/10/2013,PR0000577,Alpine Hills Tennis & Swimming,4139 Alpine Rd ,Portola Valley,94028,1626,BAR/RESTAURANT 101-150 SEATS,1,ROUTINE,52,GOOD,K006,Adequate handwashing facilities supplied & accessi,3,Critical/Major violation,OU,OUT OF COMPLIANCE,"4139 Alpine Rd
Portola Valley, CA 94028
(37.37722381900005, -122.19938527899996)",1
02/25/2013,PR0028585,Tides Cafe,333 Lakeside Dr ,Foster City,94404,1625,BAR/RESTAURANT 51-100 SEATS,1,ROUTINE,52,GOOD,K045,"Floors, walls and ceilings: built, maintained, and",2,Minor,OU,OUT OF COMPLIANCE,"333 Lakeside Dr
Foster City, CA 94404
(37.56643243600007, -122.28293553199995)",1
05/01/2013,PR0001725,Wongs Cafe,1111 Hillside Blvd ,Colma,94014,1624,BAR/RESTAURANT 11-50 SEATS,1,ROUTINE,52,GOOD,K027,Food separated and protected,2,Minor,OU,OUT OF COMPLIANCE,"1111 Hillside Blvd
Colma, CA 94014
(37.68801035700005, -122.460577608)",1
03/26/2013,PR0072644,Quickly,300 Walnut St,Redwood City,94063,1624,BAR/RESTAURANT 11-50 SEATS,1,ROUTINE,51,EXCELLENT,K045,"Floors, walls and ceilings: built, maintained, and",2,Minor,OU,OUT OF COMPLIANCE,"300 Walnut St
Redwood City, CA 94063
(37.490669421000064, -122.22409481099999)",1
05/29/2013,PR0073713,Guerrero Taqueria,164 Reina Del Mar,Pacifica,94044,1624,BAR/RESTAURANT 11-50 SEATS,1,ROUTINE,0,NOT APPLICABLE,,,,,,,"164 Reina Del Mar
Pacifica, CA 94044
(37.61375270700006, -122.48683119599997)",1
07/15/2013,PR0001577,Royal Donuts,7438 Mission Rd ,Colma,94014,1514,FOOD PREP - 11 TO 100 SEATS (RC 3),1,ROUTINE,52,GOOD,K035,Equipment/Utensils - approved; installed; clean; g,2,Minor,OU,OUT OF COMPLIANCE,"7438 Mission Rd
Colma, CA 94014
(37.687674370000025, -122.46567829999998)",1
11/08/2013,PR0028655,Cow Palace,  Geneva Ave ,Daly City,94014,1642,FOOD STANDS,1,ROUTINE,52,GOOD,K035,Equipment/Utensils - approved; installed; clean; g,2,Minor,OU,OUT OF COMPLIANCE,"Geneva Ave
Daly City, CA 94014
(37.70648962400003, -122.41357747899997)",1
05/06/2014,PR0065686,The Longboard Margarita Bar,180 Eureka Square ,Pacifica,94044,1513,FOOD PREP - 11 TO 100 SEATS (RC 2),8,REPORT REVIEW,0,NOT APPLICABLE,,,,,,,"180 Eureka Square
Pacifica, CA 94044
(37.63256635600004, -122.48775498199996)",1
11/04/2014,PR0003227,John Muir Elementary,130 Cambridge ,San Bruno,94066,1532,SCHOOL FOOD SERVICE  (RC 2),1,ROUTINE,51,EXCELLENT,,,,,,,"130 Cambridge
San Bruno, CA 94066
(37.612987592000025, -122.43526773699995)",1
11/26/2014,PR0075608,Plate Corporate Kitchen,25 Washington St,Daly City,94014,1550,COMMISSARY (RC 3),1,ROUTINE,51,EXCELLENT,,,,,,,"25 Washington St
Daly City, CA 94014
(37.687894097000026, -122.468915789)",1
06/13/2013,PR0032963,Little Store,3340 Woodside Rd ,Woodside,94062,1624,BAR/RESTAURANT 11-50 SEATS,1,ROUTINE,52,GOOD,K035,Equipment/Utensils - approved; installed; clean; g,2,Minor,OU,OUT OF COMPLIANCE,"3340 Woodside Rd
Woodside, CA 94062
(37.42682724700006, -122.26372754399995)",1
02/20/2013,PR0002582,Suruki Super Market,71 E 4Th Ave ,San Mateo,94401,1613,"MARKET 2,001-6,000 SQ FT",1,ROUTINE,52,GOOD,K035,Equipment/Utensils - approved; installed; clean; g,2,Minor,OU,OUT OF COMPLIANCE,"71 E 4Th Ave
San Mateo, CA 94401
(37.56343486500003, -122.32355631999997)",1
07/16/2013,PR0047060,Cafe Salina,235 Broadway ,Millbrae,94030,1625,BAR/RESTAURANT 51-100 SEATS,17,COMPLAINT GENERATED ROUTINE,0,NOT APPLICABLE,K006,Adequate handwashing facilities supplied & accessi,2,Minor,OU,OUT OF COMPLIANCE,"235 Broadway
Millbrae, CA 94030
(37.60022722300005, -122.39100744099994)",1
01/08/2014,PR0049148,El Jarocho Taqueria,2395 University Ave ,East Palo Alto,94303,1512,FOOD PREP - 10 SEATS AND UNDER (RC 3),8,REPORT REVIEW,0,NOT APPLICABLE,,,,,,,"2395 University Ave
East Palo Alto, CA 94303
(37.47143322800008, -122.13964983799997)",1
12/05/2014,PR0003142,Bayside Middle School,2025 Kehoe Ave ,San Mateo,94401,1532,SCHOOL FOOD SERVICE  (RC 2),1,ROUTINE,51,EXCELLENT,,,,,,,"2025 Kehoe Ave
San Mateo, CA 94401
(37.565552179000065, -122.29591191899999)",1
02/05/2013,PR0000762,Rolling Pin Donuts Llc,429 San Bruno Ave,San Bruno,94066,1651,"BAKERY - UNDER 2,000 SQ FT",1,ROUTINE,52,GOOD,K045,"Floors, walls and ceilings: built, maintained, and",2,Minor,OU,OUT OF COMPLIANCE,"429 San Bruno Ave
San Bruno, CA 94066
(37.62953435900005, -122.41465917699998)",1
09/12/2013,PR0042677,Sunshine Cafe,1750 S El Camino Real ,San Mateo,94402,1516,FOOD PREP - OVER 100 SEATS (RC 3),12,LICENSE/PERMIT INVESTIGATION,0,NOT APPLICABLE,,,,,,,"1750 S El Camino Real
San Mateo, CA 94402
(37.551239114000055, -122.31313047399999)",1
02/10/2014,PR0001102,Mr Teriyaki,801 Mahler Rd #C,Burlingame,94010,1512,FOOD PREP - 10 SEATS AND UNDER (RC 3),7,SURVEY/FIELD STUDY,0,NOT APPLICABLE,K040,Wiping cloths: properly used and stored,,,OU,OUT OF COMPLIANCE,"801 Mahler Rd #C
Burlingame, CA 94010
(37.597527427000045, -122.36679108599998)",1
09/12/2014,PR0050080,100% Healthy Dessert/Cafe,328 Broadway ,Millbrae,94030,1514,FOOD PREP - 11 TO 100 SEATS (RC 3),1,ROUTINE,52,GOOD,K006,Adequate handwashing facilities supplied & accessi,1,Major,OU,OUT OF COMPLIANCE,"328 Broadway
Millbrae, CA 94030
(37.60104419100003, -122.39194078899999)",1
12/16/2013,PR0061930,Gateway Shell #146,,Pacifica,94044,1523,"MARKET UNDER 2,000 SQ FT  (RC 2)",1,ROUTINE,51,EXCELLENT,,,,,,,"Pacifica, CA 94044
(37.62145798000006, -122.48581922199998)",1
04/30/2013,PR0065460,"Ongpin Enterprises, Inc",73 Camaritas Ave ,South San Francisco,94080,1624,BAR/RESTAURANT 11-50 SEATS,1,ROUTINE,53,FAIR,K035,Equipment/Utensils - approved; installed; clean; g,,,OU,OUT OF COMPLIANCE,"73 Camaritas Ave
South San Francisco, CA 94080
(37.654873948000045, -122.43743691399999)",1
01/31/2013,PR0064222,Roberts Of Portola Valley,4420 Alpine Rd ,Portola Valley,94028,1665,SUBFAC-BAR/RESTAURANT 10 SEATS AND UNDER,1,ROUTINE,52,GOOD,K039,Thermometers provided and accurate,2,Minor,OU,OUT OF COMPLIANCE,"4420 Alpine Rd
Portola Valley, CA 94028
(37.372425718000045, -122.20724499399995)",1
05/31/2014,PR0063279,Celine'S Kitchen,969-G Edgewater Blvd #824,Foster City,94404,1581,TEMP EVENT VENDOR - NO PREP (RC 1),1,ROUTINE,52,GOOD,K006,Adequate handwashing facilities supplied & accessi,2,Minor,OU,OUT OF COMPLIANCE,"969-G Edgewater Blvd #824
Foster City, CA 94404
(37.54409404200004, -122.27166283499997)",1
03/28/2013,PR0002658,Ristorante Capellini,310 Baldwin Ave ,San Mateo,94401,1626,BAR/RESTAURANT 101-150 SEATS,1,ROUTINE,52,GOOD,K004,"Proper eating, tasting, drinking or tobacco use",2,Minor,OU,OUT OF COMPLIANCE,"310 Baldwin Ave
San Mateo, CA 94401
(37.56727011000004, -122.32493631699998)",1
03/26/2014,PR0059673,Izakaya Ginji,301 E 4Th St ,San Mateo,94401,1514,FOOD PREP - 11 TO 100 SEATS (RC 3),27,CAMPY INTERVIEW,0,NOT APPLICABLE,,,,,,,"301 E 4Th St
San Mateo, CA 94401
(37.56493513600003, -122.32138542099995)",1
05/04/2014,PR0076349,Quesadillas Oaxaquenos,1933 Bayshore Rd #31,East Palo Alto,94303,1581,TEMP EVENT VENDOR - NO PREP (RC 1),1,ROUTINE,0,NOT APPLICABLE,,,,,,,"1933 Bayshore Rd #31
East Palo Alto, CA 94303
(37.45412965400004, -122.12940980899998)",1
02/07/2014,PR0046509,Mollie Stones Market,49 W 42Nd Ave ,San Mateo,94403,1529,SUBFACILITY  (RC 3),7,SURVEY/FIELD STUDY,0,NOT APPLICABLE,,,,,,,"49 W 42Nd Ave
San Mateo, CA 94403
(37.529734079000036, -122.29030838099999)",1
02/26/2013,PR0072427,Daisy Taqueria,142 Old County Rd,Brisbane,94005,1624,BAR/RESTAURANT 11-50 SEATS,1,ROUTINE,53,FAIR,K004,"Proper eating, tasting, drinking or tobacco use",1,Major,OU,OUT OF COMPLIANCE,"142 Old County Rd
Brisbane, CA 94005
(37.68528243700007, -122.40073764499999)",1
04/24/2013,PR0000488,Bagel Street Cafe,537 Broadway ,Millbrae,94030,1624,BAR/RESTAURANT 11-50 SEATS,3,FOLLOWUP INSPECTION,0,NOT APPLICABLE,,,,,,,"537 Broadway
Millbrae, CA 94030
(37.603656414000056, -122.39545640099999)",1
03/08/2013,PR0034570,Costanoa Lodge And Camp,2001 Rossi Rd ,Pescadero,94060,1625,BAR/RESTAURANT 51-100 SEATS,1,ROUTINE,52,GOOD,K021,Hot and cold water available,,,CV,VIOLATION CORRECTED,"2001 Rossi Rd
Pescadero, CA 94060
(37.155194093000034, -122.34814255699996)",1
02/20/2014,PR0002267,Little Hunan Restaurant,6127 Mission St,Daly City,94014,1514,FOOD PREP - 11 TO 100 SEATS (RC 3),26,CAMPY FACILITY ASSESSMENT,0,NOT APPLICABLE,,,,,,,"6127 Mission St
Daly City, CA 94014
(37.70719804200007, -122.45731283499998)",1
04/22/2014,PR0047932,Max The Greek,"Pier F, Gate 70 ",SFO,94128,1514,FOOD PREP - 11 TO 100 SEATS (RC 3),8,REPORT REVIEW,0,NOT APPLICABLE,,,,,,,"Pier F, Gate 70
SFO, CA 94128
(37.62250947100006, -122.39519978799996)",1
12/31/2014,PR0070996,Hilton San Francisco Airport,600 Airport Blvd ,Burlingame,94010,1529,SUBFACILITY  (RC 3),3,FOLLOWUP INSPECTION,0,NOT APPLICABLE,,,,,,,"600 Airport Blvd
Burlingame, CA 94010
(37.58949832700006, -122.34381804399999)",1
05/16/2013,PR0001515,Asian Pearl Peninsula,1671 El Camino Real ,Millbrae,94030,1628,BAR/RESTAURANT OVER 201 SEATS,1,ROUTINE,53,FAIR,K001,Demonstration of knowledge; food mgr certificate,2,Minor,OU,OUT OF COMPLIANCE,"1671 El Camino Real
Millbrae, CA 94030
(37.61346924600008, -122.40471037599997)",1
08/16/2013,PR0070428,Gas & Mart,2001 Rollingwood Dr,San Bruno,94066,1612,"MARKET LESS THAN 2,000 SQ FT",1,ROUTINE,52,GOOD,K014,Food contact surfaces: clean and sanitized,2,Minor,OU,OUT OF COMPLIANCE,"2001 Rollingwood Dr
San Bruno, CA 94066
(37.63033404300006, -122.43689936899995)",1
03/11/2013,PR0043452,Thai Satay Restaurant,265 Grand Ave ,South San Francisco,94080,1625,BAR/RESTAURANT 51-100 SEATS,1,ROUTINE,53,FAIR,K052,VOLUNTARY CONDEMNATION AND DESTRUCTION,,,OU,OUT OF COMPLIANCE,"265 Grand Ave
South San Francisco, CA 94080
(37.65501685000004, -122.40956177899994)",1
09/03/2014,PR0002542,Lunch Box & Cafe,901 Campus Dr 107,Daly City,94015,1513,FOOD PREP - 11 TO 100 SEATS (RC 2),4,COMPLAINT-INITIAL,0,NOT APPLICABLE,,,,,,,"901 Campus Dr 107
Daly City, CA 94015
(37.66550629300008, -122.47645144199998)",1
01/15/2013,PR0052098,Green Valley Market,504 San Bruno Ave W,San Bruno,94066,1613,"MARKET 2,001-6,000 SQ FT",1,ROUTINE,52,GOOD,K021,Hot and cold water available,2,Minor,OU,OUT OF COMPLIANCE,"504 San Bruno Ave W
San Bruno, CA 94066
(37.62930736000004, -122.41540931299994)",1
07/15/2014,PR0044379,Pasta Pomodoro,1060 Park Place,San Mateo,94403,1514,FOOD PREP - 11 TO 100 SEATS (RC 3),1,ROUTINE,52,GOOD,K033,Nonfood-contact surfaces clean,2,Minor,OU,OUT OF COMPLIANCE,"1060 Park Place
San Mateo, CA 94403
(37.54479428900004, -122.29161490999996)",1
03/25/2013,PR0000338,Royal Donuts,236 Skyline Plaza,Daly City,94015,1624,BAR/RESTAURANT 11-50 SEATS,1,ROUTINE,52,GOOD,K045,"Floors, walls and ceilings: built, maintained, and",2,Minor,OU,OUT OF COMPLIANCE,"236 Skyline Plaza
Daly City, CA 94015
(37.68940807400003, -122.49243935199996)",1
05/23/2014,PR0028021,Nob Hill Foods #628,270 Redwood Shores Pkwy ,Redwood City,94065,1522,"MARKET OVER 2,000 SQ FT   (RC 1)",1,ROUTINE,0,NOT APPLICABLE,,,,,,,"270 Redwood Shores Pkwy
Redwood City, CA 94065
(37.52277109900007, -122.25307202299996)",1
05/03/2013,PR0026715,Sams Chowder House,4210 N Hwy 1,Half Moon Bay,94019,1625,BAR/RESTAURANT 51-100 SEATS,1,ROUTINE,52,GOOD,K007,Proper hot and cold holding temperatures,1,Major,OU,OUT OF COMPLIANCE,"4210 N Hwy 1
Half Moon Bay, CA 94019
(37.50223077600003, -122.47386578499999)",1
01/15/2013,PR0001468,St Francis Square Liquors,7 St Francis Square ,Daly City,94015,1612,"MARKET LESS THAN 2,000 SQ FT",1,ROUTINE,53,FAIR,K006,Adequate handwashing facilities supplied & accessi,1,Major,OU,OUT OF COMPLIANCE,"7 St Francis Square
Daly City, CA 94015
(37.67531700500007, -122.47979078899999)",1
12/11/2013,PR0003134,Baywood Elementary School,600 Alameda De Las Pulgas ,San Mateo,94401,1532,SCHOOL FOOD SERVICE  (RC 2),3,FOLLOWUP INSPECTION,0,NOT APPLICABLE,,,,,,,"600 Alameda De Las Pulgas
San Mateo, CA 94401
(37.55323287700003, -122.33242714399995)",1
05/22/2014,PR0033736,Sozai Corner,71 E 4Th Ave ,San Mateo,94401,1514,FOOD PREP - 11 TO 100 SEATS (RC 3),3,FOLLOWUP INSPECTION,0,NOT APPLICABLE,,,,,,,"71 E 4Th Ave
San Mateo, CA 94401
(37.56343486500003, -122.32355631999997)",1
05/30/2013,PR0060610,A Grape In The Fog,400 Old County Rd 1,Pacifica,94044,1624,BAR/RESTAURANT 11-50 SEATS,1,ROUTINE,52,GOOD,K001,Demonstration of knowledge; food mgr certificate,2,Minor,OU,OUT OF COMPLIANCE,"400 Old County Rd 1
Pacifica, CA 94044
(37.61001779800006, -122.49436114899999)",1
12/23/2013,PR0075422,Route 92 Sports Bar,2128 El Camino Real,San Mateo,94403,1500,FOOD PROGRAM,28,PERMIT ISSUED/FINAL INSPECTION,0,NOT APPLICABLE,,,,,,,"2128 El Camino Real
San Mateo, CA 94403
(37.54725798100003, -122.30874949899999)",1
03/13/2013,PR0001454,Camino Corner Restaurant,110  El Camino Real  ,San Bruno,94066,1624,BAR/RESTAURANT 11-50 SEATS,1,ROUTINE,52,GOOD,K023,"No rodents, insects, birds, or animals",2,Minor,OU,OUT OF COMPLIANCE,"110 El Camino Real
San Bruno, CA 94066
(37.615974798000025, -122.40690716099999)",1
09/26/2013,PR0001259,Ecco Restaurant,322  Lorton Ave ,Burlingame,94010,1625,BAR/RESTAURANT 51-100 SEATS,84,IN-SERVICE TRAINING-TRAINER,0,NOT APPLICABLE,,,,,,,"322 Lorton Ave
Burlingame, CA 94010
(37.579604998000036, -122.34648980399999)",1
10/23/2013,PR0051735,Shalizaar,300 El Camino Real ,Belmont,94002,1514,FOOD PREP - 11 TO 100 SEATS (RC 3),26,CAMPY FACILITY ASSESSMENT,0,NOT APPLICABLE,,,,,,,"300 El Camino Real
Belmont, CA 94002
(37.52814402400003, -122.28591050799997)",1
09/27/2014,PR0061958,Our Lady Of Mount Carmel,301 Grand St ,Redwood City,94062,1584,NON PROFIT TEMP EVENT VENDOR,1,ROUTINE,0,NOT APPLICABLE,,,,,,,"301 Grand St
Redwood City, CA 94062
(37.48122783800005, -122.23946188899998)",1
01/09/2013,PR0000236,Trapeze Restaurant,266 Lorton Ave,Burlingame,94010,1625,BAR/RESTAURANT 51-100 SEATS,1,ROUTINE,53,FAIR,K026,"Approved thawing methods used, frozen food",,,OU,OUT OF COMPLIANCE,"266 Lorton Ave
Burlingame, CA 94010
(37.57887313700007, -122.34575963799995)",1
06/17/2014,PR0001182,Plantation Coffee Roastery,668 Laurel St ,San Carlos,94070,1513,FOOD PREP - 11 TO 100 SEATS (RC 2),1,ROUTINE,51,EXCELLENT,,,,,,,"668 Laurel St
San Carlos, CA 94070
(37.50549813500004, -122.26000797799998)",1
03/04/2014,PR0000593,Vino Santo Bistro,2030 Broadway ,Redwood City,94063,1514,FOOD PREP - 11 TO 100 SEATS (RC 3),27,CAMPY INTERVIEW,0,NOT APPLICABLE,,,,,,,"2030 Broadway
Redwood City, CA 94063
(37.48661799800004, -122.22704119499997)",1
11/26/2014,PR0076930,Holy Smokers  Raisin The Q & Moffle Waffle,25 Washington St,Daly City,94014,1551,CATERING/KITCHEN RENTAL (RC 2),1,ROUTINE,51,EXCELLENT,,,,,,,"25 Washington St
Daly City, CA 94014
(37.687894097000026, -122.468915789)",1
04/16/2013,PR0034068,Roosevelt School,1151 Vancouver ,Burlingame,94010,1632,SCHOOL CAFETERIA,1,ROUTINE,53,FAIR,K008,Time as a public health control; procedures & reco,1,Major,OU,OUT OF COMPLIANCE,"1151 Vancouver
Burlingame, CA 94010
(37.57979611500008, -122.36928347199995)",1
04/29/2014,PR0075588,New Kwok Wah Restaurant,32 W 42Nd,San Mateo,94403,1514,FOOD PREP - 11 TO 100 SEATS (RC 3),8,REPORT REVIEW,0,NOT APPLICABLE,,,,,,,"32 W 42Nd
San Mateo, CA 94403
(37.52996263500006, -122.29024223899995)",1
02/08/2013,PR0002637,Thai Satay Restaurant,173 E 4Th Ave ,San Mateo,94402,1624,BAR/RESTAURANT 11-50 SEATS,1,ROUTINE,53,FAIR,K007,Proper hot and cold holding temperatures,2,Minor,OU,OUT OF COMPLIANCE,"173 E 4Th Ave
San Mateo, CA 94402
(37.564033849000054, -122.32269332199996)",1
06/19/2013,PR0002358,Ling Nam Noodle House,2213 Gellert Blvd ,South San Francisco,94080,1625,BAR/RESTAURANT 51-100 SEATS,1,ROUTINE,54,POOR,K007,Proper hot and cold holding temperatures,,,OU,OUT OF COMPLIANCE,"2213 Gellert Blvd
South San Francisco, CA 94080
(37.648015857000075, -122.45326762799999)",1
02/27/2014,PR0002595,Gualdulahara Taqueria,1211 Willow Rd ,Menlo Park,94025,1512,FOOD PREP - 10 SEATS AND UNDER (RC 3),7,SURVEY/FIELD STUDY,0,NOT APPLICABLE,,,,,,,"1211 Willow Rd
Menlo Park, CA 94025
(37.47398216500005, -122.15397860299998)",1
01/07/2014,PR0000251,Wedgewood Banquet Center,6650 Golf Course Dr ,Burlingame,94010,1516,FOOD PREP - OVER 100 SEATS (RC 3),1,ROUTINE,0,NOT APPLICABLE,K006,Adequate handwashing facilities supplied & accessi,,,OU,OUT OF COMPLIANCE,"6650 Golf Course Dr
Burlingame, CA 94010
(37.55370663000008, -122.37865923899994)",1
09/02/2014,PR0043452,Thai Satay Restaurant,265 Grand Ave ,South San Francisco,94080,1514,FOOD PREP - 11 TO 100 SEATS (RC 3),1,ROUTINE,53,FAIR,K007,Proper hot and cold holding temperatures,1,Major,OU,OUT OF COMPLIANCE,"265 Grand Ave
South San Francisco, CA 94080
(37.65501685000004, -122.40956177899994)",1
11/19/2014,PR0072769,Xtra Oil Co  Dba: Chevron,110 Hickey Blvd ,South San Francisco,94080,1528,SUBFACILITY  (RC 2),1,ROUTINE,0,NOT APPLICABLE,,,,,,,"110 Hickey Blvd
South San Francisco, CA 94080
(37.66639815900004, -122.45161515999996)",1
03/05/2014,PR0001266,Mikes & Kens Grocery & Deli,980 David Rd Ste D,Burlingame,94010,1511,FOOD PREP - 10 SEATS AND UNDER (RC 2),7,SURVEY/FIELD STUDY,0,NOT APPLICABLE,,,,,,,"980 David Rd Ste D
Burlingame, CA 94010
(37.59358086200007, -122.37093238699998)",1
04/08/2013,PR0046364,Hideout Bar And Lounge,6192 Mission St ,Daly City,94014,1625,BAR/RESTAURANT 51-100 SEATS,8,REPORT REVIEW,0,NOT APPLICABLE,K027,Food separated and protected,2,Minor,OU,OUT OF COMPLIANCE,"6192 Mission St
Daly City, CA 94014
(37.70676029600003, -122.45873462099996)",1
10/31/2014,PR0000739,Ocean Palace Chinese Restaurant,711 Camino Plaza,San Bruno,94066,1514,FOOD PREP - 11 TO 100 SEATS (RC 3),3,FOLLOWUP INSPECTION,0,NOT APPLICABLE,K036,"Equipment, utensils and linens: storage and use",2,Minor,OU,OUT OF COMPLIANCE,"711 Camino Plaza
San Bruno, CA 94066
(37.62755358700008, -122.41635648799996)",1
01/16/2014,PR0023856,Walgreens Company,333 El Camino Real ,San Bruno,94066,1521,"MARKET/CONVENIENCE STORE <=2,000 FT2  (RC 1)",1,ROUTINE,52,GOOD,K035,Equipment/Utensils - approved; installed; clean; g,,,CO,CORRECTED ON SITE,"333 El Camino Real
San Bruno, CA 94066
(37.620261947000074, -122.41081516499997)",1
02/28/2013,PR0000114,Hola Mexican Restaurant & Cantina,1015 Alameda De Las Pulgas ,Belmont,94002,1628,BAR/RESTAURANT OVER 201 SEATS,1,ROUTINE,54,POOR,K035,Equipment/Utensils - approved; installed; clean; g,2,Minor,OU,OUT OF COMPLIANCE,"1015 Alameda De Las Pulgas
Belmont, CA 94002
(37.51181186000008, -122.29415568499996)",1
05/15/2013,PR0069979,Ben-Tre,219 El Camino Real,Millbrae,94030,1624,BAR/RESTAURANT 11-50 SEATS,4,COMPLAINT-INITIAL,0,NOT APPLICABLE,K006,Adequate handwashing facilities supplied & accessi,2,Minor,OU,OUT OF COMPLIANCE,"219 El Camino Real
Millbrae, CA 94030
(37.60067776600005, -122.39015936099997)",1
02/10/2014,PR0052758,Specialtys Cafe & Bakery,1886 S Norfolk St ,San Mateo,94403,1514,FOOD PREP - 11 TO 100 SEATS (RC 3),3,FOLLOWUP INSPECTION,0,NOT APPLICABLE,K014,Food contact surfaces: clean and sanitized,3,Critical/Major violation,OU,OUT OF COMPLIANCE,"1886 S Norfolk St
San Mateo, CA 94403
(37.55451746500006, -122.29207160299995)",1
11/18/2014,PR0002329,Kadoks,57 St Francis Square,Daly City,94015,1512,FOOD PREP - 10 SEATS AND UNDER (RC 3),1,ROUTINE,53,FAIR,K014,Food contact surfaces: clean and sanitized,2,Minor,OU,OUT OF COMPLIANCE,"57 St Francis Square
Daly City, CA 94015
(37.67503649900004, -122.47943793399998)",1
01/24/2014,PR0035751,Special Event Catering,55 37Th Ave,San Mateo,94403,1551,CATERING/KITCHEN RENTAL (RC 2),1,ROUTINE,0,NOT APPLICABLE,K041,Plumbing; proper backflow devices,2,Minor,OU,OUT OF COMPLIANCE,"55 37Th Ave
San Mateo, CA 94403
(37.53392492800003, -122.29554780599995)",1
07/02/2014,PR0049393,Auntie Annes Pretzels,1150 El Camino Real #137,San Bruno,94066,1511,FOOD PREP - 10 SEATS AND UNDER (RC 2),1,ROUTINE,53,FAIR,K014,Food contact surfaces: clean and sanitized,1,Major,CO,CORRECTED ON SITE,"1150 El Camino Real #137
San Bruno, CA 94066
(37.636297101000025, -122.42086190999999)",1
12/19/2014,PR0001062,Karilagan,1129 El Camino Real ,South San Francisco,94080,1514,FOOD PREP - 11 TO 100 SEATS (RC 3),1,ROUTINE,53,FAIR,F035,"35. Equipment/utensils-approved; installed; clean; good repair; capacity (prep sinks, refrigerators)",1,Major,OU,OUT OF COMPLIANCE,"1129 El Camino Real
South San Francisco, CA 94080
(37.65664857500008, -122.43696681699998)",1
06/02/2014,PR0046142,Crepes Cafe,1195 Merrill St,Menlo Park,94025,1514,FOOD PREP - 11 TO 100 SEATS (RC 3),3,FOLLOWUP INSPECTION,52,GOOD,K021,Hot and cold water available,2,Minor,OU,OUT OF COMPLIANCE,"1195 Merrill St
Menlo Park, CA 94025
(37.45510693800003, -122.18337144899999)",1
11/21/2013,PR0001005,Kincaids Bayhouse,60 Bayview Pl ,Burlingame,94010,1516,FOOD PREP - OVER 100 SEATS (RC 3),6,CONSULTATION,0,NOT APPLICABLE,,,,,,,"60 Bayview Pl
Burlingame, CA 94010
(37.59113802400003, -122.34190295099995)",1
04/11/2013,PR0001728,Araujos La Taqueria,404 W San Bruno Ave ,San Bruno,94066,1624,BAR/RESTAURANT 11-50 SEATS,1,ROUTINE,0,NOT APPLICABLE,K007,Proper hot and cold holding temperatures,2,Minor,OU,OUT OF COMPLIANCE,"404 W San Bruno Ave
San Bruno, CA 94066
(37.629653380000036, -122.41450769399995)",1
10/18/2013,PR0002370,Buon Gusto Ristorante,224 Grand Ave ,South San Francisco,94080,1514,FOOD PREP - 11 TO 100 SEATS (RC 3),4,COMPLAINT-INITIAL,0,NOT APPLICABLE,,,,,,,"224 Grand Ave
South San Francisco, CA 94080
(37.65494599200008, -122.40899615799998)",1
11/18/2014,PR0001407,Safeway Store #777,,South San Francisco,94080,1524,"MARKET OVER 2,000 SQ FT  (RC 2)",1,ROUTINE,52,GOOD,K027,Food separated and protected,2,Minor,OU,OUT OF COMPLIANCE,"South San Francisco, CA 94080
(37.655727038000066, -122.42803933899995)",1
02/19/2013,PR0002288,Abc Seafood Restaurant,973 E Hillsdale Blvd B5,Foster City,94404,1628,BAR/RESTAURANT OVER 201 SEATS,3,FOLLOWUP INSPECTION,0,NOT APPLICABLE,K035,Equipment/Utensils - approved; installed; clean; g,2,Minor,OU,OUT OF COMPLIANCE,"973 E Hillsdale Blvd B5
Foster City, CA 94404
(37.55670226500007, -122.27396624299996)",1
05/10/2013,PR0063655,Jack In The Box #469,986 Woodside Rd ,Redwood City,94061,1625,BAR/RESTAURANT 51-100 SEATS,1,ROUTINE,53,FAIR,K035,Equipment/Utensils - approved; installed; clean; g,2,Minor,OU,OUT OF COMPLIANCE,"986 Woodside Rd
Redwood City, CA 94061
(37.46305844400007, -122.22507309799994)",1
02/25/2013,PR0052140,Tacos La Barca,326 Shaw Rd ,South San Francisco,94080,1635,MOBILE FOOD PREPARATION UNIT,71,JOINT ACTIVITY,0,NOT APPLICABLE,,,,,,,"326 Shaw Rd
South San Francisco, CA 94080
(37.63873648200007, -122.40624406299997)",1
02/26/2013,PR0073109,Nob Hill Pizza,155 South Blvd,San Mateo,94402,1641,MOBILE FOOD LIMITED FOOD PREPARATION UNIT,1,ROUTINE,52,GOOD,,,,,,,"155 South Blvd
San Mateo, CA 94402
(37.554674066000075, -122.31148616799999)",1
08/08/2013,PR0001058,Woodside Bakery & Cafe,3052 Woodside Rd,Woodside,94062,1625,BAR/RESTAURANT 51-100 SEATS,6,CONSULTATION,0,NOT APPLICABLE,,,,,,,"3052 Woodside Rd
Woodside, CA 94062
(37.429423858000064, -122.25516663899998)",1
01/14/2015,PR0065296,San Francisco Fine Bakery,2537 Middlefield Rd ,Redwood City,94063,1511,FOOD PREP - 10 SEATS AND UNDER (RC 2),1,ROUTINE,51,EXCELLENT,,,,,,,"2537 Middlefield Rd
Redwood City, CA 94063
(37.478444000000025, -122.21398869499995)",1
04/12/2013,PR0000645,Key Markets,3640 Florence St ,Redwood City,94061,1615,"MARKET OVER 10,001 SQ FT",1,ROUTINE,53,FAIR,K033,Nonfood-contact surfaces clean,2,Minor,OU,OUT OF COMPLIANCE,"3640 Florence St
Redwood City, CA 94061
(37.47857233000008, -122.18867453999997)",1
01/17/2014,PR0068351,Decarlos Place,2139 Roosevelt,Redwood City,94061,1513,FOOD PREP - 11 TO 100 SEATS (RC 2),6,CONSULTATION,0,NOT APPLICABLE,,,,,,,"2139 Roosevelt
Redwood City, CA 94061
(37.46631511500004, -122.24157223199995)",1
10/07/2014,PR0000540,El Toro Loco,1624  Francisco Blvd ,Pacifica,94044,1514,FOOD PREP - 11 TO 100 SEATS (RC 3),1,ROUTINE,52,GOOD,K027,Food separated and protected,2,Minor,OU,OUT OF COMPLIANCE,"1624 Francisco Blvd
Pacifica, CA 94044
(37.63630875200005, -122.49027608999995)",1
05/01/2013,PR0002041,Doubletree Hotel,835 Airport Blvd ,Burlingame,94010,1628,BAR/RESTAURANT OVER 201 SEATS,1,ROUTINE,53,FAIR,K005,Hands clean and properly washed; gloves used prope,1,Major,OU,OUT OF COMPLIANCE,"835 Airport Blvd
Burlingame, CA 94010
(37.591119588000026, -122.35056119699999)",1
01/16/2014,PR0070485,Hoy Sun Restaurant,148 El Camino Real,Millbrae,94030,1514,FOOD PREP - 11 TO 100 SEATS (RC 3),1,ROUTINE,54,POOR,K039,Thermometers provided and accurate,2,Minor,OU,OUT OF COMPLIANCE,"148 El Camino Real
Millbrae, CA 94030
(37.599732894000056, -122.38851966399994)",1
04/30/2014,PR0068952,Our Lady Of Angels,1328 Cabrillo Ave,Burlingame,94010,1532,SCHOOL FOOD SERVICE  (RC 2),1,ROUTINE,0,NOT APPLICABLE,K007,Proper hot and cold holding temperatures,,,OU,OUT OF COMPLIANCE,"1328 Cabrillo Ave
Burlingame, CA 94010
(37.584755535000056, -122.37263545899998)",1
09/11/2013,PR0000482,Grill Akafuji,9 Hillcrest Blvd ,Millbrae,94030,1514,FOOD PREP - 11 TO 100 SEATS (RC 3),26,CAMPY FACILITY ASSESSMENT,0,NOT APPLICABLE,K005,Hands clean and properly washed; gloves used prope,,,CO,CORRECTED ON SITE,"9 Hillcrest Blvd
Millbrae, CA 94030
(37.601937210000074, -122.39204103699996)",1
01/15/2014,PR0046319,99 Ranch Market,250 Skyline Plaza,Daly City,94015,1529,SUBFACILITY  (RC 3),1,ROUTINE,53,FAIR,K023,"No rodents, insects, birds, or animals",2,Minor,OU,OUT OF COMPLIANCE,"250 Skyline Plaza