Restaurant Name,Zip Code,Inspection Date,Score,Address,Facility ID,Process Description
183 Grill Austin Gyros,78729,01/28/2016,95,"13729 N US 183 HWY NB Unit 890
AUSTIN, TX 78729
",11368998,Routine Inspection
6M Grocery,78652,01/17/2014,90,"805 W FM 1626 RD
AUSTIN, TX 78652
",2803436,Routine Inspection
6M Grocery,78652,04/27/2015,93,"805 W FM 1626 RD
AUSTIN, TX 78652
",2803436,Routine Inspection
6M Grocery,78652,07/25/2014,100,"805 W FM 1626 RD
AUSTIN, TX 78652
",2803436,Routine Inspection
6M Grocery,78652,07/31/2013,93,"805 W FM 1626 RD
AUSTIN, TX 78652
",2803436,Routine Inspection
6M Grocery,78652,10/21/2015,87,"805 W FM 1626 RD
AUSTIN, TX 78652
",2803436,Routine Inspection
6M Grocery,78652,12/15/2014,93,"805 W FM 1626 RD
AUSTIN, TX 78652
",2803436,Routine Inspection
7 Eleven # 32248,78717,02/08/2016,80,"14016 N FM 620 RD
AUSTIN, TX 78717
",10886896,Routine Inspection
7 Eleven # 32248,78717,02/10/2015,92,"14016 N FM 620 RD
AUSTIN, TX 78717
",10886896,Routine Inspection
7 Eleven # 32248,78717,03/11/2014,88,"14016 N FM 620 RD
AUSTIN, TX 78717
",10886896,Routine Inspection
7 Eleven # 32248,78717,08/12/2015,93,"14016 N FM 620 RD
AUSTIN, TX 78717
",10886896,Routine Inspection
7 Eleven # 32248,78717,09/12/2014,97,"14016 N FM 620 RD
AUSTIN, TX 78717
",10886896,Routine Inspection
7 Eleven #36575,78660,01/25/2016,92,"15829 N IH 35 SVRD NB
AUSTIN, TX 78660
",10874330,Routine Inspection
7 Eleven #36575,78660,03/05/2015,86,"15829 N IH 35 SVRD NB
AUSTIN, TX 78660
",10874330,Routine Inspection
7 Eleven #36575,78660,03/14/2014,93,"15829 N IH 35 SVRD NB
AUSTIN, TX 78660
",10874330,Routine Inspection
7 Eleven #36575,78660,07/27/2015,97,"15829 N IH 35 SVRD NB
AUSTIN, TX 78660
",10874330,Routine Inspection
7 Eleven #36575,78660,08/22/2013,89,"15829 N IH 35 SVRD NB
AUSTIN, TX 78660
",10874330,Routine Inspection
7 Eleven #36575,78660,09/09/2014,76,"15829 N IH 35 SVRD NB
AUSTIN, TX 78660
",10874330,Routine Inspection
7-Eleven 36559H,78734,01/28/2015,89,"3636 N FM 620 RD
AUSTIN, TX 78734
",10874261,Routine Inspection
7-Eleven 36559H,78734,02/02/2016,75,"3636 N FM 620 RD
AUSTIN, TX 78734
",10874261,Routine Inspection
7-Eleven 36559H,78734,03/11/2014,77,"3636 N FM 620 RD
AUSTIN, TX 78734
",10874261,Routine Inspection
7-Eleven 36559H,78734,04/17/2015,85,"3636 N FM 620 RD
AUSTIN, TX 78734
",10874261,Routine Inspection
7-Eleven 36559H,78734,08/22/2013,88,"3636 N FM 620 RD
AUSTIN, TX 78734
",10874261,Routine Inspection
7-Eleven 36559H,78734,08/25/2015,86,"3636 N FM 620 RD
AUSTIN, TX 78734
",10874261,Routine Inspection
7-Eleven 36559H,78734,09/12/2014,89,"3636 N FM 620 RD
AUSTIN, TX 78734
",10874261,Routine Inspection
7-Eleven Convenience Store # 35473A,78660,12/22/2015,90,"1624 E HOWARD LN
AUSTIN, TX 78660
",11348497,Routine Inspection
7-Eleven Convenience Store # 36564A,78732,02/02/2015,100,"7002 N FM 620 RD
AUSTIN, TX 78732
",11066939,Routine Inspection
7-Eleven Convenience Store # 36564A,78732,07/01/2015,89,"7002 N FM 620 RD
AUSTIN, TX 78732
",11066939,Routine Inspection
7-Eleven Convenience Store # 36564A,78732,08/19/2014,97,"7002 N FM 620 RD
AUSTIN, TX 78732
",11066939,Routine Inspection
7-Eleven Convenience Store # 36564A,78732,11/24/2015,91,"7002 N FM 620 RD
AUSTIN, TX 78732
",11066939,Routine Inspection
7-Eleven Convenience Store #36597A,78749,03/29/2016,99,"5445 W US 290 HWY EB
AUSTIN, TX 78749
",11087909,Routine Inspection
7-Eleven Convenience Store #36597A,78749,04/03/2015,94,"5445 W US 290 HWY EB
AUSTIN, TX 78749
",11087909,Routine Inspection
7-Eleven Convenience Store #36597A,78749,10/01/2015,93,"5445 W US 290 HWY EB
AUSTIN, TX 78749
",11087909,Routine Inspection
7-Eleven Convenience Store #36597A,78749,10/17/2014,93,"5445 W US 290 HWY EB
AUSTIN, TX 78749
",11087909,Routine Inspection
ABC's & 123's Infant and Child Care Cntr,78653,02/26/2015,100,"13419 E US 290 HWY EB
MANOR, TX 78653
",2802997,Routine Inspection
ABC's & 123's Infant and Child Care Cntr,78653,03/03/2016,97,"13419 E US 290 HWY EB
MANOR, TX 78653
",2802997,Routine Inspection
ABC's & 123's Infant and Child Care Cntr,78653,03/24/2014,97,"13419 E US 290 HWY EB
MANOR, TX 78653
",2802997,Routine Inspection
ABC's & 123's Infant and Child Care Cntr,78653,05/20/2013,100,"13419 E US 290 HWY EB
MANOR, TX 78653
",2802997,Routine Inspection
ABC's & 123's Infant and Child Care Cntr,78653,08/20/2015,100,"13419 E US 290 HWY EB
MANOR, TX 78653
",2802997,Routine Inspection
ABC's & 123's Infant and Child Care Cntr,78653,09/16/2014,97,"13419 E US 290 HWY EB
MANOR, TX 78653
",2802997,Routine Inspection
Alamo Drafthouse Cinema,78613,04/15/2015,92,"14028 N US 183 HWY SVRD SB Bldg F
AUSTIN, TX 78613
",10978489,Routine Inspection
Alamo Drafthouse Cinema,78613,04/24/2014,96,"14028 N US 183 HWY SVRD SB Bldg F
AUSTIN, TX 78613
",10978489,Routine Inspection
Alamo Drafthouse Cinema,78613,10/22/2015,92,"14028 N US 183 HWY SVRD SB Bldg F
AUSTIN, TX 78613
",10978489,Routine Inspection
Alamo Drafthouse Cinema,78613,10/28/2014,90,"14028 N US 183 HWY SVRD SB Bldg F
AUSTIN, TX 78613
",10978489,Routine Inspection
Almarah Mediterranean Cuisine,78750,01/06/2016,97,"12129 N FM 620 RD Bunit 450
AUSTIN, TX 78750
",11359418,Routine Inspection
"Amy's Ice Creams, Inc",78729,01/06/2015,89,"13265 N US 183 HWY Unit C
AUSTIN, TX 78729
",11008921,Routine Inspection
"Amy's Ice Creams, Inc",78729,06/08/2015,84,"13265 N US 183 HWY Unit C
AUSTIN, TX 78729
",11008921,Routine Inspection
"Amy's Ice Creams, Inc",78729,07/02/2014,97,"13265 N US 183 HWY Unit C
AUSTIN, TX 78729
",11008921,Routine Inspection
"Amy's Ice Creams, Inc",78729,11/12/2015,93,"13265 N US 183 HWY Unit C
AUSTIN, TX 78729
",11008921,Routine Inspection
"Angel Donuts & Treats, LLC",78726,01/27/2015,96,"8300 N FM 620 RD Bunit 200
AUSTIN, TX 78726
",10790411,Routine Inspection
"Angel Donuts & Treats, LLC",78726,03/26/2014,96,"8300 N FM 620 RD Bunit 200
AUSTIN, TX 78726
",10790411,Routine Inspection
"Angel Donuts & Treats, LLC",78726,06/02/2015,90,"8300 N FM 620 RD Bunit 200
AUSTIN, TX 78726
",10790411,Routine Inspection
"Angel Donuts & Treats, LLC",78726,07/31/2014,97,"8300 N FM 620 RD Bunit 200
AUSTIN, TX 78726
",10790411,Routine Inspection
"Angel Donuts & Treats, LLC",78726,09/24/2013,96,"8300 N FM 620 RD Bunit 200
AUSTIN, TX 78726
",10790411,Routine Inspection
"Angel Donuts & Treats, LLC",78726,11/20/2015,92,"8300 N FM 620 RD Bunit 200
AUSTIN, TX 78726
",10790411,Routine Inspection
Angel's Ice House,78669,01/21/2015,90,"21815 W SH 71
SPICEWOOD, TX 78669
",2802178,Routine Inspection
Angel's Ice House,78669,02/16/2016,96,"21815 W SH 71
SPICEWOOD, TX 78669
",2802178,Routine Inspection
Angel's Ice House,78669,02/19/2014,96,"21815 W SH 71
SPICEWOOD, TX 78669
",2802178,Routine Inspection
Angel's Ice House,78669,08/10/2015,77,"21815 W SH 71
SPICEWOOD, TX 78669
",2802178,Routine Inspection
Angel's Ice House,78669,08/15/2014,91,"21815 W SH 71
SPICEWOOD, TX 78669
",2802178,Routine Inspection
Antojitos Gladys,78617,04/14/2014,100,"4511 E SH 71
AUSTIN, TX 78617
",10792530,Routine Inspection
Antojitos Gladys,78617,04/24/2015,100,"4511 E SH 71
AUSTIN, TX 78617
",10792530,Routine Inspection
Antojitos Gladys,78617,10/14/2014,97,"4511 E SH 71
AUSTIN, TX 78617
",10792530,Routine Inspection
Antojitos Gladys,78617,10/29/2015,94,"4511 E SH 71
AUSTIN, TX 78617
",10792530,Routine Inspection
Apis Restaurant,78669,03/31/2016,98,"23526 W SH 71
SPICEWOOD, TX 78669
",11272878,Routine Inspection
Apis Restaurant,78669,08/20/2015,80,"23526 W SH 71
SPICEWOOD, TX 78669
",11272878,Routine Inspection
Applebee's,78717,04/24/2014,71,"11013 LAKELINE MALL DR
AUSTIN, TX 78717
",10870119,Routine Inspection
Applebee's,78717,05/18/2015,92,"11013 LAKELINE MALL DR
AUSTIN, TX 78717
",10870119,Routine Inspection
Applebee's,78735,06/01/2015,94,"5010 W US 290 HWY WB
AUSTIN, TX 78735
",10870106,Routine Inspection
Applebee's,78735,06/20/2014,81,"5010 W US 290 HWY WB
AUSTIN, TX 78735
",10870106,Routine Inspection
Applebee's,78735,09/20/2013,85,"5010 W US 290 HWY WB
AUSTIN, TX 78735
",10870106,Routine Inspection
Applebee's,78717,11/19/2014,85,"11013 LAKELINE MALL DR
AUSTIN, TX 78717
",10870119,Routine Inspection
Applebee's,78735,11/24/2015,94,"5010 W US 290 HWY WB
AUSTIN, TX 78735
",10870106,Routine Inspection
Applebee's,78717,12/03/2015,89,"11013 LAKELINE MALL DR
AUSTIN, TX 78717
",10870119,Routine Inspection
Applebee's,78735,12/22/2014,85,"5010 W US 290 HWY WB
AUSTIN, TX 78735
",10870106,Routine Inspection
Applied Materials,78754,02/11/2016,92,"9700 E US 290 HWY SVRD WB
AUSTIN, TX 78754
",10527315,Routine Inspection
Applied Materials,78754,05/13/2014,100,"9700 E US 290 HWY SVRD WB
AUSTIN, TX 78754
",10527315,Routine Inspection
Applied Materials,78754,06/10/2015,87,"9700 E US 290 HWY SVRD WB
AUSTIN, TX 78754
",10527315,Routine Inspection
Applied Materials,78754,10/04/2013,97,"9700 E US 290 HWY SVRD WB
AUSTIN, TX 78754
",10527315,Routine Inspection
Applied Materials,78754,11/10/2014,94,"9700 E US 290 HWY SVRD WB
AUSTIN, TX 78754
",10527315,Routine Inspection
Ashley's Playhouse,78729,01/07/2016,97,"13343 N US 183 HWY Unit 200
AUSTIN, TX 78729
",11078207,Routine Inspection
Ashley's Playhouse,78729,02/17/2015,100,"13343 N US 183 HWY Unit 200
AUSTIN, TX 78729
",11078207,Routine Inspection
Ashley's Playhouse,78729,07/17/2015,100,"13343 N US 183 HWY Unit 200
AUSTIN, TX 78729
",11078207,Routine Inspection
Ashley's Playhouse,78729,09/22/2014,100,"13343 N US 183 HWY Unit 200
AUSTIN, TX 78729
",11078207,Routine Inspection
Asian Beverage Corp.,78660,05/05/2015,100,"1200 W HOWARD LN Bunit O
AUSTIN, TX 78660
",2802746,Routine Inspection
Asian Beverage Corp.,78660,06/18/2014,100,"1200 W HOWARD LN Bunit O
AUSTIN, TX 78660
",2802746,Routine Inspection
Asian Beverage Corp.,78660,11/05/2015,99,"1200 W HOWARD LN Bunit O
AUSTIN, TX 78660
",2802746,Routine Inspection
Asian Beverage Corp.,78660,11/19/2013,97,"1200 W HOWARD LN Bunit O
AUSTIN, TX 78660
",2802746,Routine Inspection
Asian Beverage Corp.,78660,12/17/2014,100,"1200 W HOWARD LN Bunit O
AUSTIN, TX 78660
",2802746,Routine Inspection
Austex Shell,78750,03/11/2015,92,"13296 N US 183 HWY
AUSTIN, TX 78750
",10103836,Routine Inspection
Austex Shell,78750,05/12/2014,100,"13296 N US 183 HWY
AUSTIN, TX 78750
",10103836,Routine Inspection
Austex Shell,78750,05/30/2013,86,"13296 N US 183 HWY
AUSTIN, TX 78750
",10103836,Routine Inspection
Austex Shell,78750,07/07/2015,96,"13296 N US 183 HWY
AUSTIN, TX 78750
",10103836,Routine Inspection
Austex Shell,78750,10/15/2014,97,"13296 N US 183 HWY
AUSTIN, TX 78750
",10103836,Routine Inspection
Austex Shell,78750,11/27/2013,100,"13296 N US 183 HWY
AUSTIN, TX 78750
",10103836,Routine Inspection
Austex Shell,78750,12/18/2015,98,"13296 N US 183 HWY
AUSTIN, TX 78750
",10103836,Routine Inspection
Austin Golf Club,78669,02/29/2016,87,"24900 W SH 71
SPICEWOOD, TX 78669
",2801719,Routine Inspection
Austin Golf Club,78669,03/02/2015,100,"24900 W SH 71
SPICEWOOD, TX 78669
",2801719,Routine Inspection
Austin Golf Club,78669,03/12/2014,92,"24900 W SH 71
SPICEWOOD, TX 78669
",2801719,Routine Inspection
Austin Golf Club,78669,08/25/2015,100,"24900 W SH 71
SPICEWOOD, TX 78669
",2801719,Routine Inspection
Austin Golf Club,78669,09/19/2014,100,"24900 W SH 71
SPICEWOOD, TX 78669
",2801719,Routine Inspection
Austin Gourmet Popcorn,78729,04/13/2016,97,"13343 N US 183 HWY Unit 250
AUSTIN, TX 78729
",11423650,Routine Inspection
Austin Transitional Center,78617,01/07/2014,97,"3154 E SH 71 EB
AUSTIN, TX 78617
",10402997,Routine Inspection
Austin Transitional Center,78617,01/08/2015,100,"3154 E SH 71 EB
AUSTIN, TX 78617
",10402997,Routine Inspection
Austin Transitional Center,78617,06/04/2015,100,"3154 E SH 71 EB
AUSTIN, TX 78617
",10402997,Routine Inspection
Austin Transitional Center,78617,06/18/2013,77,"3154 E SH 71 EB
AUSTIN, TX 78617
",10402997,Routine Inspection
Austin Transitional Center,78617,07/07/2014,100,"3154 E SH 71 EB
AUSTIN, TX 78617
",10402997,Routine Inspection
Austin Transitional Center,78617,12/10/2015,98,"3154 E SH 71 EB
AUSTIN, TX 78617
",10402997,Routine Inspection
Austin's Park n Pizza,78660,04/27/2015,82,"16231 N IH 35 SVRD NB
AUSTIN, TX 78660
",2801896,Routine Inspection
Austin's Park n Pizza,78660,06/16/2014,96,"16231 N IH 35 SVRD NB
AUSTIN, TX 78660
",2801896,Routine Inspection
Austin's Park n Pizza,78660,09/10/2015,90,"16231 N IH 35 SVRD NB
AUSTIN, TX 78660
",2801896,Routine Inspection
Austin's Park n Pizza,78660,11/12/2013,84,"16231 N IH 35 SVRD NB
AUSTIN, TX 78660
",2801896,Routine Inspection
Austin's Park n Pizza,78660,12/01/2014,85,"16231 N IH 35 SVRD NB
AUSTIN, TX 78660
",2801896,Routine Inspection
Austin's Pizza,78660,04/07/2016,98,"15424 FM 1825 RD Bunit 230
AUSTIN, TX 78660
",10220410,Routine Inspection
Austin's Pizza,78660,04/23/2015,94,"15424 FM 1825 RD Bunit 230
AUSTIN, TX 78660
",10220410,Routine Inspection
Austin's Pizza,78660,06/23/2014,89,"15424 FM 1825 RD Bunit 230
AUSTIN, TX 78660
",10220410,Routine Inspection
Austin's Pizza,78660,09/16/2015,93,"15424 FM 1825 RD Bunit 230
AUSTIN, TX 78660
",10220410,Routine Inspection
Austin's Pizza,78660,12/04/2014,100,"15424 FM 1825 RD Bunit 230
AUSTIN, TX 78660
",10220410,Routine Inspection
Austin's Pizza,78660,12/06/2013,89,"15424 FM 1825 RD Bunit 230
AUSTIN, TX 78660
",10220410,Routine Inspection
BC - Baguette et Chocolat,78738,03/12/2015,100,"12101 FM 2244 RD Bldg 6
BEE CAVE, TX 78738
",10393760,Routine Inspection
BC - Baguette et Chocolat,78738,03/26/2014,89,"12101 FM 2244 RD Bldg 6
BEE CAVE, TX 78738
",10393760,Routine Inspection
BC - Baguette et Chocolat,78738,04/12/2016,89,"12101 FM 2244 RD Bldg 6
BEE CAVE, TX 78738
",10393760,Routine Inspection
BC - Baguette et Chocolat,78738,08/02/2013,88,"12101 FM 2244 RD Bldg 6
BEE CAVE, TX 78738
",10393760,Routine Inspection
BC - Baguette et Chocolat,78738,09/18/2014,83,"12101 FM 2244 RD Bldg 6
BEE CAVE, TX 78738
",10393760,Routine Inspection
BC - Baguette et Chocolat,78738,09/23/2015,97,"12101 FM 2244 RD Bldg 6
BEE CAVE, TX 78738
",10393760,Routine Inspection
BC - Bamam,78738,01/09/2015,94,"14211 W SH 71
BEE CAVE, TX 78738
",10737435,Routine Inspection
BC - Bamam,78738,05/28/2015,97,"14211 W SH 71
BEE CAVE, TX 78738
",10737435,Routine Inspection
BC - Bamam,78738,06/30/2014,97,"14211 W SH 71
BEE CAVE, TX 78738
",10737435,Routine Inspection
BC - Bamam,78738,11/15/2013,90,"14211 W SH 71
BEE CAVE, TX 78738
",10737435,Routine Inspection
BC - Bamam,78738,12/17/2015,98,"14211 W SH 71
BEE CAVE, TX 78738
",10737435,Routine Inspection
BC - Chick-Fil-A of Lake Travis,78738,01/12/2016,100,"3600 S FM 620 RD Bldg C
BEE CAVE, TX 78738
",10260547,Routine Inspection
BC - Chick-Fil-A of Lake Travis,78738,05/29/2015,93,"3600 S FM 620 RD Bldg C
BEE CAVE, TX 78738
",10260547,Routine Inspection
BC - Chick-Fil-A of Lake Travis,78738,06/12/2014,79,"3600 S FM 620 RD Bldg C
BEE CAVE, TX 78738
",10260547,Routine Inspection
BC - Chick-Fil-A of Lake Travis,78738,11/19/2013,86,"3600 S FM 620 RD Bldg C
BEE CAVE, TX 78738
",10260547,Routine Inspection
BC - Chick-Fil-A of Lake Travis,78738,12/18/2014,100,"3600 S FM 620 RD Bldg C
BEE CAVE, TX 78738
",10260547,Routine Inspection
BC - Einstein Bros. Bagels #3633,78738,05/20/2015,94,"12532 FM 2244 RD Bunit 100
BEE CAVE, TX 78738
",11258261,Routine Inspection
BC - Einstein Bros. Bagels #3633,78738,11/16/2015,96,"12532 FM 2244 RD Bunit 100
BEE CAVE, TX 78738
",11258261,Routine Inspection
BC - Emerald Restaurant,78738,02/20/2015,80,"13614 W SH 71
BEE CAVE, TX 78738
",10260786,Routine Inspection
BC - Emerald Restaurant,78738,06/06/2014,78,"13614 W SH 71
BEE CAVE, TX 78738
",10260786,Routine Inspection
BC - Emerald Restaurant,78738,08/06/2013,73,"13614 W SH 71
BEE CAVE, TX 78738
",10260786,Routine Inspection
BC - Emerald Restaurant,78738,09/30/2015,88,"13614 W SH 71
BEE CAVE, TX 78738
",10260786,Routine Inspection
BC - Grace House of Lake Travis (East),78738,01/05/2015,100,"11825 FM 2244 RD
BEE CAVE, TX 78738
",10260860,Routine Inspection
BC - Grace House of Lake Travis (East),78738,05/22/2015,100,"11825 FM 2244 RD
BEE CAVE, TX 78738
",10260860,Routine Inspection
BC - Grace House of Lake Travis (East),78738,06/04/2013,97,"11825 FM 2244 RD
BEE CAVE, TX 78738
",10260860,Routine Inspection
BC - Grace House of Lake Travis (East),78738,06/17/2014,92,"11825 FM 2244 RD
BEE CAVE, TX 78738
",10260860,Routine Inspection
BC - Grace House of Lake Travis (East),78738,11/23/2015,100,"11825 FM 2244 RD
BEE CAVE, TX 78738
",10260860,Routine Inspection
BC - Grace House of Lake Travis (East),78738,12/04/2013,97,"11825 FM 2244 RD
BEE CAVE, TX 78738
",10260860,Routine Inspection
BC - Grace House of Lake Travis (West),78738,01/05/2015,100,"11825 FM 2244 RD
BEE CAVE, TX 78738
",10274273,Routine Inspection
BC - Grace House of Lake Travis (West),78738,05/22/2015,100,"11825 FM 2244 RD
BEE CAVE, TX 78738
",10274273,Routine Inspection
BC - Grace House of Lake Travis (West),78738,06/04/2013,97,"11825 FM 2244 RD
BEE CAVE, TX 78738
",10274273,Routine Inspection
BC - Grace House of Lake Travis (West),78738,06/17/2014,96,"11825 FM 2244 RD
BEE CAVE, TX 78738
",10274273,Routine Inspection
BC - Grace House of Lake Travis (West),78738,11/23/2015,100,"11825 FM 2244 RD
BEE CAVE, TX 78738
",10274273,Routine Inspection
BC - Grace House of Lake Travis (West),78738,12/04/2013,100,"11825 FM 2244 RD
BEE CAVE, TX 78738
",10274273,Routine Inspection
BC - HEB Food Store #404,78733,02/27/2015,100,"12400 W SH 71
BEE CAVE, TX 78733
",10260892,Routine Inspection
BC - HEB Food Store #404,78733,08/13/2014,97,"12400 W SH 71
BEE CAVE, TX 78733
",10260892,Routine Inspection
BC - HEB Food Store #404,78733,09/08/2015,100,"12400 W SH 71
BEE CAVE, TX 78733
",10260892,Routine Inspection
BC - HEB Food Store #404,78733,11/25/2013,97,"12400 W SH 71
BEE CAVE, TX 78733
",10260892,Routine Inspection
BC - HEB Food Store #404 (Deli/Bakery),78733,02/27/2015,100,"12400 W SH 71
BEE CAVE, TX 78733
",10260923,Routine Inspection
BC - HEB Food Store #404 (Deli/Bakery),78733,08/13/2014,94,"12400 W SH 71
BEE CAVE, TX 78733
",10260923,Routine Inspection
BC - HEB Food Store #404 (Deli/Bakery),78733,09/08/2015,97,"12400 W SH 71
BEE CAVE, TX 78733
",10260923,Routine Inspection
BC - HEB Food Store #404 (Deli/Bakery),78733,12/10/2013,93,"12400 W SH 71
BEE CAVE, TX 78733
",10260923,Routine Inspection
BC - Hill Country Food Mart,78738,04/14/2015,82,"13908 W SH 71 Bldg A
BEE CAVE, TX 78738
",10426941,Routine Inspection
BC - Hill Country Food Mart,78738,04/15/2014,81,"13908 W SH 71 Bldg A
BEE CAVE, TX 78738
",10426941,Routine Inspection
BC - Hill Country Food Mart,78738,10/10/2013,89,"13908 W SH 71 Bldg A
BEE CAVE, TX 78738
",10426941,Routine Inspection
BC - Hill Country Food Mart,78738,10/27/2014,89,"13908 W SH 71 Bldg A
BEE CAVE, TX 78738
",10426941,Routine Inspection
BC - Hill Country Food Mart,78738,12/07/2015,86,"13908 W SH 71 Bldg A
BEE CAVE, TX 78738
",10426941,Routine Inspection
BC - Jersey Giant Pizza,78738,02/24/2015,100,"13908 W SH 71
BEE CAVE, TX 78738
",11077106,Routine Inspection
BC - Jersey Giant Pizza,78738,02/25/2016,94,"13908 W SH 71
BEE CAVE, TX 78738
",11077106,Routine Inspection
BC - Jersey Giant Pizza,78738,08/13/2014,96,"13908 W SH 71
BEE CAVE, TX 78738
",11077106,Routine Inspection
BC - Jersey Giant Pizza,78738,08/20/2015,100,"13908 W SH 71
BEE CAVE, TX 78738
",11077106,Routine Inspection
BC - Kwik Chek #55,78738,01/10/2014,94,"14417 W SH 71 Bldg A
BEE CAVE, TX 78738
",10374866,Routine Inspection
BC - Kwik Chek #55,78738,01/26/2015,97,"14417 W SH 71 Bldg A
BEE CAVE, TX 78738
",10374866,Routine Inspection
BC - Kwik Chek #55,78738,06/15/2015,97,"14417 W SH 71 Bldg A
BEE CAVE, TX 78738
",10374866,Routine Inspection
BC - Kwik Chek #55,78738,07/01/2013,97,"14417 W SH 71 Bldg A
BEE CAVE, TX 78738
",10374866,Routine Inspection
BC - Kwik Chek #55,78738,07/18/2014,84,"14417 W SH 71 Bldg A
BEE CAVE, TX 78738
",10374866,Routine Inspection
BC - Kwik Chek #55,78738,12/14/2015,100,"14417 W SH 71 Bldg A
BEE CAVE, TX 78738
",10374866,Routine Inspection
BC - Lake Hills Church,78738,01/15/2014,100,"11521 FM 2244 RD
BEE CAVE, TX 78738
",10934346,Routine Inspection
BC - Lake Hills Church,78738,03/16/2015,100,"11521 FM 2244 RD
BEE CAVE, TX 78738
",10934346,Routine Inspection
BC - Lake Hills Church,78738,04/22/2016,94,"11521 FM 2244 RD
BEE CAVE, TX 78738
",10934346,Routine Inspection
BC - Lake Hills Church,78738,07/23/2014,100,"11521 FM 2244 RD
BEE CAVE, TX 78738
",10934346,Routine Inspection
BC - Lake Hills Church,78738,09/29/2015,100,"11521 FM 2244 RD
BEE CAVE, TX 78738
",10934346,Routine Inspection
BC - Learn and Laugh Preschool,78738,10/26/2015,100,"11715 FM 2244 RD
BEE CAVE, TX 78738
",11276316,Routine Inspection
BC - Los Pinos Restaurant #2,78738,02/12/2014,78,"11715 FM 2244 RD
BEE CAVE, TX 78738
",10945087,Routine Inspection
BC - Los Pinos Restaurant #2,78738,02/12/2015,96,"11715 FM 2244 RD
BEE CAVE, TX 78738
",10945087,Routine Inspection
BC - Los Pinos Restaurant #2,78738,02/12/2016,90,"11715 FM 2244 RD
BEE CAVE, TX 78738
",10945087,Routine Inspection
BC - Los Pinos Restaurant #2,78738,08/12/2014,88,"11715 FM 2244 RD
BEE CAVE, TX 78738
",10945087,Routine Inspection
BC - Los Pinos Restaurant #2,78738,08/24/2015,87,"11715 FM 2244 RD
BEE CAVE, TX 78738
",10945087,Routine Inspection
BC - McDonald's #8056,78738,03/20/2015,97,"12514 W SH 71
BEE CAVE, TX 78738
",10261051,Routine Inspection
BC - McDonald's #8056,78738,04/30/2014,85,"12514 W SH 71
BEE CAVE, TX 78738
",10261051,Routine Inspection
BC - McDonald's #8056,78738,10/15/2013,89,"12514 W SH 71
BEE CAVE, TX 78738
",10261051,Routine Inspection
BC - McDonald's #8056,78738,10/21/2015,90,"12514 W SH 71
BEE CAVE, TX 78738
",10261051,Routine Inspection
BC - McDonald's #8056,78738,10/23/2014,100,"12514 W SH 71
BEE CAVE, TX 78738
",10261051,Routine Inspection
BC - Mesa Rosa IV,78738,01/12/2016,92,"3620 S FM 620 RD
BEE CAVE, TX 78738
",10337588,Routine Inspection
BC - Mesa Rosa IV,78738,01/26/2015,86,"3620 S FM 620 RD
BEE CAVE, TX 78738
",10337588,Routine Inspection
BC - Mesa Rosa IV,78738,05/27/2014,90,"3620 S FM 620 RD
BEE CAVE, TX 78738
",10337588,Routine Inspection
BC - Mesa Rosa IV,78738,07/20/2015,90,"3620 S FM 620 RD
BEE CAVE, TX 78738
",10337588,Routine Inspection
BC - Mesa Rosa IV,78738,10/21/2013,85,"3620 S FM 620 RD
BEE CAVE, TX 78738
",10337588,Routine Inspection
BC - Mountain Star Lodge,78738,05/22/2015,94,"3573 S FM 620 RD
BEE CAVE, TX 78738
",10079153,Routine Inspection
BC - Mountain Star Lodge,78738,06/18/2014,94,"3573 S FM 620 RD
BEE CAVE, TX 78738
",10079153,Routine Inspection
BC - Mountain Star Lodge,78738,10/29/2013,84,"3573 S FM 620 RD
BEE CAVE, TX 78738
",10079153,Routine Inspection
BC - Mountain Star Lodge,78738,11/06/2014,97,"3573 S FM 620 RD
BEE CAVE, TX 78738
",10079153,Routine Inspection
BC - Mountain Star Lodge,78738,12/14/2015,99,"3573 S FM 620 RD
BEE CAVE, TX 78738
",10079153,Routine Inspection
BC - Napolis Italian Restaurant,78738,03/12/2015,83,"11905 FM 2244 RD Unit 100
BEE CAVE, TX 78738
",10631799,Routine Inspection
BC - Napolis Italian Restaurant,78738,03/27/2014,74,"11905 FM 2244 RD Unit 100
BEE CAVE, TX 78738
",10631799,Routine Inspection
BC - Napolis Italian Restaurant,78738,04/12/2016,86,"11905 FM 2244 RD Unit 100
BEE CAVE, TX 78738
",10631799,Routine Inspection
BC - Napolis Italian Restaurant,78738,08/06/2013,87,"11905 FM 2244 RD Unit 100
BEE CAVE, TX 78738
",10631799,Routine Inspection
BC - Napolis Italian Restaurant,78738,09/10/2014,81,"11905 FM 2244 RD Unit 100
BEE CAVE, TX 78738
",10631799,Routine Inspection
BC - Napolis Italian Restaurant,78738,09/30/2015,97,"11905 FM 2244 RD Unit 100
BEE CAVE, TX 78738
",10631799,Routine Inspection
BC - Pizza Hut,78738,03/19/2015,96,"3620 S FM 620 RD Unit 160
BEE CAVE, TX 78738
",11216206,Routine Inspection
BC - Pizza Hut,78738,10/21/2015,100,"3620 S FM 620 RD Unit 160
BEE CAVE, TX 78738
",11216206,Routine Inspection
BC - Rocco's Grill,78733,01/25/2016,84,"12432 FM 2244 RD
BEE CAVE, TX 78733
",11336728,Routine Inspection
BC - Rosie's Tamale House,78738,01/28/2015,84,"13436 W SH 71
BEE CAVE, TX 78738
",10261963,Routine Inspection
BC - Rosie's Tamale House,78738,02/11/2016,95,"13436 W SH 71
BEE CAVE, TX 78738
",10261963,Routine Inspection
BC - Rosie's Tamale House,78738,06/26/2014,83,"13436 W SH 71
BEE CAVE, TX 78738
",10261963,Routine Inspection
BC - Rosie's Tamale House,78738,07/29/2015,97,"13436 W SH 71
BEE CAVE, TX 78738
",10261963,Routine Inspection
BC - Rosie's Tamale House,78738,12/04/2013,78,"13436 W SH 71
BEE CAVE, TX 78738
",10261963,Routine Inspection
BC - Schmidt Family Barbecue,78738,02/24/2015,96,"12532 FM 2244 RD
BEE CAVE, TX 78738
",10967911,Routine Inspection
BC - Schmidt Family Barbecue,78738,04/08/2016,94,"12532 FM 2244 RD
BEE CAVE, TX 78738
",10967911,Routine Inspection
BC - Schmidt Family Barbecue,78738,08/12/2014,90,"12532 FM 2244 RD
BEE CAVE, TX 78738
",10967911,Routine Inspection
BC - Schmidt Family Barbecue,78738,09/21/2015,96,"12532 FM 2244 RD
BEE CAVE, TX 78738
",10967911,Routine Inspection
BC - Six String Grill,78738,02/05/2016,88,"15506 W SH 71 Unit C
BEE CAVE, TX 78738
",11116189,Routine Inspection
BC - Six String Grill,78738,08/05/2015,94,"15506 W SH 71 Unit C
BEE CAVE, TX 78738
",11116189,Routine Inspection
BC - Speedy Stop #116,78738,02/12/2014,100,"13006 W SH 71
BEE CAVE, TX 78738
",10974171,Routine Inspection
BC - Speedy Stop #116,78738,02/19/2015,97,"13006 W SH 71
BEE CAVE, TX 78738
",10974171,Routine Inspection
BC - Speedy Stop #116,78738,08/12/2014,100,"13006 W SH 71
BEE CAVE, TX 78738
",10974171,Routine Inspection
BC - Speedy Stop #116,78738,08/13/2015,97,"13006 W SH 71
BEE CAVE, TX 78738
",10974171,Routine Inspection
BC - Speedy Stop #116,78738,12/22/2015,98,"13006 W SH 71
BEE CAVE, TX 78738
",10974171,Routine Inspection
BC - Starbucks Coffee #6397,78733,04/22/2015,100,"12400 W SH 71 Unit 710
BEE CAVE, TX 78733
",10261986,Routine Inspection
BC - Starbucks Coffee #6397,78733,05/30/2014,97,"12400 W SH 71 Unit 710
BEE CAVE, TX 78733
",10261986,Routine Inspection
BC - Starbucks Coffee #6397,78733,11/01/2013,100,"12400 W SH 71 Unit 710
BEE CAVE, TX 78733
",10261986,Routine Inspection
BC - Starbucks Coffee #6397,78733,11/03/2015,100,"12400 W SH 71 Unit 710
BEE CAVE, TX 78733
",10261986,Routine Inspection
BC - Starbucks Coffee #6397,78733,11/21/2014,100,"12400 W SH 71 Unit 710
BEE CAVE, TX 78733
",10261986,Routine Inspection
BC - Subway #15557,78738,04/24/2015,97,"11701 FM 2244 RD
BEE CAVE, TX 78738
",10305357,Routine Inspection
BC - Subway #15557,78738,06/11/2013,86,"11701 FM 2244 RD
BEE CAVE, TX 78738
",10305357,Routine Inspection
BC - Subway #15557,78738,06/17/2014,89,"11701 FM 2244 RD
BEE CAVE, TX 78738
",10305357,Routine Inspection
BC - Subway #15557,78738,11/05/2015,99,"11701 FM 2244 RD
BEE CAVE, TX 78738
",10305357,Routine Inspection
BC - Subway #15557,78738,12/03/2014,100,"11701 FM 2244 RD
BEE CAVE, TX 78738
",10305357,Routine Inspection
BC - Subway #15557,78738,12/12/2013,97,"11701 FM 2244 RD
BEE CAVE, TX 78738
",10305357,Routine Inspection
BC - Target # 1812 - Pizza Hut,78738,04/16/2015,100,"3702 S FM 620 RD
BEE CAVE, TX 78738
",10262029,Routine Inspection
BC - Target # 1812 - Pizza Hut,78738,05/14/2014,100,"3702 S FM 620 RD
BEE CAVE, TX 78738
",10262029,Routine Inspection
BC - Target # 1812 - Pizza Hut,78738,10/21/2013,100,"3702 S FM 620 RD
BEE CAVE, TX 78738
",10262029,Routine Inspection
BC - Target # 1812 - Pizza Hut,78738,10/26/2015,100,"3702 S FM 620 RD
BEE CAVE, TX 78738
",10262029,Routine Inspection
BC - Target # 1812 - Pizza Hut,78738,11/12/2014,100,"3702 S FM 620 RD
BEE CAVE, TX 78738
",10262029,Routine Inspection
BC - Target #1812,78738,04/16/2015,100,"3702 S FM 620 RD
BEE CAVE, TX 78738
",10262022,Routine Inspection
BC - Target #1812,78738,05/23/2014,100,"3702 S FM 620 RD
BEE CAVE, TX 78738
",10262022,Routine Inspection
BC - Target #1812,78738,10/21/2013,96,"3702 S FM 620 RD
BEE CAVE, TX 78738
",10262022,Routine Inspection
BC - Target #1812,78738,10/26/2015,100,"3702 S FM 620 RD
BEE CAVE, TX 78738
",10262022,Routine Inspection
BC - Target #1812,78738,11/12/2014,100,"3702 S FM 620 RD
BEE CAVE, TX 78738
",10262022,Routine Inspection
BC - ThunderCloud Subs,78733,06/09/2015,100,"12400 W SH 71 Unit 706
BEE CAVE, TX 78733
",11250915,Routine Inspection
BC - ThunderCloud Subs,78733,11/24/2015,98,"12400 W SH 71 Unit 706
BEE CAVE, TX 78733
",11250915,Routine Inspection
BC - Tokyo Gardens Catering,78733,05/27/2014,97,"12400 W SH 71
BEE CAVE, TX 78733
",10262036,Routine Inspection
BC - Tokyo Gardens Catering,78733,06/15/2015,100,"12400 W SH 71
BEE CAVE, TX 78733
",10262036,Routine Inspection
BC - Tokyo Gardens Catering,78733,11/13/2013,97,"12400 W SH 71
BEE CAVE, TX 78733
",10262036,Routine Inspection
BC - Tokyo Gardens Catering,78733,12/11/2014,100,"12400 W SH 71
BEE CAVE, TX 78733
",10262036,Routine Inspection
BC - Tokyo Gardens Catering,78733,12/30/2015,100,"12400 W SH 71
BEE CAVE, TX 78733
",10262036,Routine Inspection
BC - Yaghi's New York Pizzeria,78733,03/09/2015,88,"12400 W SH 71 Unit 510
BEE CAVE, TX 78733
",10262085,Routine Inspection
BC - Yaghi's New York Pizzeria,78733,03/18/2016,99,"12400 W SH 71 Unit 510
BEE CAVE, TX 78733
",10262085,Routine Inspection
BC - Yaghi's New York Pizzeria,78733,03/27/2014,84,"12400 W SH 71 Unit 510
BEE CAVE, TX 78733
",10262085,Routine Inspection
BC - Yaghi's New York Pizzeria,78733,09/10/2014,72,"12400 W SH 71 Unit 510
BEE CAVE, TX 78733
",10262085,Routine Inspection
BC - Yaghi's New York Pizzeria,78733,09/13/2013,88,"12400 W SH 71 Unit 510
BEE CAVE, TX 78733
",10262085,Routine Inspection
BC - Yaghi's New York Pizzeria,78733,09/14/2015,87,"12400 W SH 71 Unit 510
BEE CAVE, TX 78733
",10262085,Routine Inspection
Baked By Amy's,78729,01/06/2015,97,"13265 N US 183 HWY Unit B
AUSTIN, TX 78729
",11008922,Routine Inspection
Baked By Amy's,78729,06/12/2015,96,"13265 N US 183 HWY Unit B
AUSTIN, TX 78729
",11008922,Routine Inspection
Baked By Amy's,78729,07/02/2014,90,"13265 N US 183 HWY Unit B
AUSTIN, TX 78729
",11008922,Routine Inspection
Baked By Amy's,78729,11/12/2015,95,"13265 N US 183 HWY Unit B
AUSTIN, TX 78729
",11008922,Routine Inspection
Barnes and Nobles Booksellers,78613,04/04/2016,94,"14010 N US 183 HWY SVRD
AUSTIN, TX 78613
",2801399,Routine Inspection
Barnes and Nobles Booksellers,78613,04/13/2015,100,"14010 N US 183 HWY SVRD
AUSTIN, TX 78613
",2801399,Routine Inspection
Barnes and Nobles Booksellers,78613,07/02/2013,100,"14010 N US 183 HWY SVRD
AUSTIN, TX 78613
",2801399,Routine Inspection
Barnes and Nobles Booksellers,78613,07/02/2014,90,"14010 N US 183 HWY SVRD
AUSTIN, TX 78613
",2801399,Routine Inspection
Barnes and Nobles Booksellers,78613,10/05/2015,100,"14010 N US 183 HWY SVRD
AUSTIN, TX 78613
",2801399,Routine Inspection
Barnes and Nobles Booksellers,78613,11/19/2014,100,"14010 N US 183 HWY SVRD
AUSTIN, TX 78613
",2801399,Routine Inspection
Barnes and Nobles Booksellers,78613,12/19/2013,100,"14010 N US 183 HWY SVRD
AUSTIN, TX 78613
",2801399,Routine Inspection
Bender Bar and Grill,78745,01/12/2015,77,"321 W BEN WHITE BLVD SVRD EB Unit 300
AUSTIN, TX 78745
",10080957,Routine Inspection
Bender Bar and Grill,78745,01/21/2016,91,"321 W BEN WHITE BLVD SVRD EB Unit 300
AUSTIN, TX 78745
",10080957,Routine Inspection
Bender Bar and Grill,78745,06/23/2014,86,"321 W BEN WHITE BLVD SVRD EB Unit 300
AUSTIN, TX 78745
",10080957,Routine Inspection
Bender Bar and Grill,78745,07/13/2015,71,"321 W BEN WHITE BLVD SVRD EB Unit 300
AUSTIN, TX 78745
",10080957,Routine Inspection
Bender Bar and Grill,78745,08/20/2013,100,"321 W BEN WHITE BLVD SVRD EB Unit 300
AUSTIN, TX 78745
",10080957,Routine Inspection
Big Lots # 1822,78736,05/29/2015,96,"7101 W SH 71
AUSTIN, TX 78736
",11199570,Routine Inspection
Big Lots # 1822,78736,12/07/2015,92,"7101 W SH 71
AUSTIN, TX 78736
",11199570,Routine Inspection
Bill Miller BBQ,78754,01/07/2016,92,"8700 E US 290 HWY WB
AUSTIN, TX 78754
",2801889,Routine Inspection
Bill Miller BBQ,78754,06/25/2014,76,"8700 E US 290 HWY WB
AUSTIN, TX 78754
",2801889,Routine Inspection
Bill Miller BBQ,78754,06/30/2015,89,"8700 E US 290 HWY WB
AUSTIN, TX 78754
",2801889,Routine Inspection
Bill Miller BBQ,78754,12/22/2014,77,"8700 E US 290 HWY WB
AUSTIN, TX 78754
",2801889,Routine Inspection
Bill Miller BBQ,78754,12/30/2013,72,"8700 E US 290 HWY WB
AUSTIN, TX 78754
",2801889,Routine Inspection
Black Walnut Cafe,78730,01/14/2015,88,"10817 FM 2222 RD
AUSTIN, TX 78730
",11034123,Routine Inspection
Black Walnut Cafe,78730,07/09/2014,100,"10817 FM 2222 RD
AUSTIN, TX 78730
",11034123,Routine Inspection
Black Walnut Cafe,78730,07/17/2015,89,"10817 FM 2222 RD
AUSTIN, TX 78730
",11034123,Routine Inspection
Black Walnut Cafe,78730,12/30/2015,100,"10817 FM 2222 RD
AUSTIN, TX 78730
",11034123,Routine Inspection
Boat House Grill,78732,02/08/2016,93,"6816 N FM 620 RD Unit B
AUSTIN, TX 78732
",2801482,Routine Inspection
Boat House Grill,78732,02/23/2015,100,"6816 N FM 620 RD Unit B
AUSTIN, TX 78732
",2801482,Routine Inspection
Boat House Grill,78732,04/17/2014,94,"6816 N FM 620 RD Unit B
AUSTIN, TX 78732
",2801482,Routine Inspection
Boat House Grill,78732,08/19/2015,90,"6816 N FM 620 RD Unit B
AUSTIN, TX 78732
",2801482,Routine Inspection
Boat House Grill,78732,10/02/2014,92,"6816 N FM 620 RD Unit B
AUSTIN, TX 78732
",2801482,Routine Inspection
Bombshells,78660,01/12/2016,83,"15119 N IH 35 SVRD NB Bldg C
AUSTIN, TX 78660
",11085152,Routine Inspection
Bombshells,78660,02/05/2015,80,"15119 N IH 35 SVRD NB Bldg C
AUSTIN, TX 78660
",11085152,Routine Inspection
Bombshells,78660,06/08/2015,72,"15119 N IH 35 SVRD NB Bldg C
AUSTIN, TX 78660
",11085152,Routine Inspection
Boomerz Night Club,78735,04/07/2015,91,"6148 W US 290 HWY SVRD WB
AUSTIN, TX 78735
",2803026,Routine Inspection
Boomerz Night Club,78735,04/08/2014,100,"6148 W US 290 HWY SVRD WB
AUSTIN, TX 78735
",2803026,Routine Inspection
Boomerz Night Club,78735,06/21/2013,100,"6148 W US 290 HWY SVRD WB
AUSTIN, TX 78735
",2803026,Routine Inspection
Boomerz Night Club,78735,10/05/2015,94,"6148 W US 290 HWY SVRD WB
AUSTIN, TX 78735
",2803026,Routine Inspection
Boomerz Night Club,78735,10/17/2014,94,"6148 W US 290 HWY SVRD WB
AUSTIN, TX 78735
",2803026,Routine Inspection
Branch Bar-B-Que,78728,01/29/2016,87,"1779 W WELLS BRANCH PKWY
AUSTIN, TX 78728
",2800990,Routine Inspection
Branch Bar-B-Que,78728,02/24/2015,93,"1779 W WELLS BRANCH PKWY
AUSTIN, TX 78728
",2800990,Routine Inspection
Branch Bar-B-Que,78728,05/06/2014,85,"1779 W WELLS BRANCH PKWY
AUSTIN, TX 78728
",2800990,Routine Inspection
Branch Bar-B-Que,78728,08/04/2015,85,"1779 W WELLS BRANCH PKWY
AUSTIN, TX 78728
",2800990,Routine Inspection
Branch Bar-B-Que,78728,11/03/2014,90,"1779 W WELLS BRANCH PKWY
AUSTIN, TX 78728
",2800990,Routine Inspection
Branch Bar-B-Que,78728,11/14/2013,87,"1779 W WELLS BRANCH PKWY
AUSTIN, TX 78728
",2800990,Routine Inspection
Bread Basket - Chevron,78719,01/30/2015,86,"9401 S US 183 HWY
AUSTIN, TX 78719
",10174940,Routine Inspection
Bread Basket - Chevron,78719,03/17/2016,87,"9401 S US 183 HWY
AUSTIN, TX 78719
",10174940,Routine Inspection
Bread Basket - Chevron,78719,03/31/2014,79,"9401 S US 183 HWY
AUSTIN, TX 78719
",10174940,Routine Inspection
Bread Basket - Chevron,78719,05/22/2013,86,"9401 S US 183 HWY
AUSTIN, TX 78719
",10174940,Routine Inspection
Bread Basket - Chevron,78719,05/28/2015,100,"9401 S US 183 HWY
AUSTIN, TX 78719
",10174940,Routine Inspection
Bread Basket - Chevron,78719,09/13/2014,65,"9401 S US 183 HWY
AUSTIN, TX 78719
",10174940,Routine Inspection
Bread Basket - Chevron,78719,09/23/2014,95,"9401 S US 183 HWY
AUSTIN, TX 78719
",10174940,1st Follow Up to Routine of 50 - 69
Bread Basket - Chevron,78719,10/26/2015,100,"9401 S US 183 HWY
AUSTIN, TX 78719
",10174940,Routine Inspection
Bribery Bakery,78728,01/20/2016,79,"2013 W WELLS BRANCH PKWY Unit 109
AUSTIN, TX 78728
",11276650,Routine Inspection
Bribery Bakery,78728,08/05/2015,93,"2013 W WELLS BRANCH PKWY Unit 109
AUSTIN, TX 78728
",11276650,Routine Inspection
CC Zing,78750,01/02/2014,94,"12129 N FM 620 RD Bunit 445
AUSTIN, TX 78750
",10454916,Routine Inspection
CC Zing,78750,01/15/2015,93,"12129 N FM 620 RD Bunit 445
AUSTIN, TX 78750
",10454916,Routine Inspection
CC Zing,78750,06/10/2013,100,"12129 N FM 620 RD Bunit 445
AUSTIN, TX 78750
",10454916,Routine Inspection
CC Zing,78750,06/19/2015,97,"12129 N FM 620 RD Bunit 445
AUSTIN, TX 78750
",10454916,Routine Inspection
CC Zing,78750,07/07/2014,100,"12129 N FM 620 RD Bunit 445
AUSTIN, TX 78750
",10454916,Routine Inspection
CC Zing,78750,11/20/2015,97,"12129 N FM 620 RD Bunit 445
AUSTIN, TX 78750
",10454916,Routine Inspection
CEFCO #91,78717,02/18/2016,90,"14200 N FM 620 RD
AUSTIN, TX 78717
",10995740,Routine Inspection
CEFCO #91,78717,02/28/2014,97,"14200 N FM 620 RD
AUSTIN, TX 78717
",10995740,Routine Inspection
CEFCO #91,78717,03/20/2015,100,"14200 N FM 620 RD
AUSTIN, TX 78717
",10995740,Routine Inspection
CEFCO #91,78717,08/29/2014,96,"14200 N FM 620 RD
AUSTIN, TX 78717
",10995740,Routine Inspection
CEFCO #91,78717,09/11/2015,100,"14200 N FM 620 RD
AUSTIN, TX 78717
",10995740,Routine Inspection
CVS/Pharmacy #8322,78750,03/17/2016,98,"11725 N FM 620 RD
AUSTIN, TX 78750
",2804049,Routine Inspection
CVS/Pharmacy #8322,78750,05/01/2015,93,"11725 N FM 620 RD
AUSTIN, TX 78750
",2804049,Routine Inspection
CVS/Pharmacy #8322,78750,06/28/2013,96,"11725 N FM 620 RD
AUSTIN, TX 78750
",2804049,Routine Inspection
CVS/Pharmacy #8322,78750,07/07/2014,90,"11725 N FM 620 RD
AUSTIN, TX 78750
",2804049,Routine Inspection
CVS/Pharmacy #8322,78750,09/24/2015,90,"11725 N FM 620 RD
AUSTIN, TX 78750
",2804049,Routine Inspection