W3ALCD,Doing_Business_As,Restaurant_Address,Inspection_Date,Major_Violation_Improper_Holding_Temperature,Minor_Violation_Improper_Holding_Temperature,Major_Violation_Inadequate_Cooking,Minor_Violation_Inadequate_Cooking,Major_Violation_Personal_Hygiene,Minor_Violation_Personal_Hygiene,Major_Violation_Contaminated_Equipment,Minor_Violation_Contaminated_Equipment,Major_Violation_Unsafe_Food_Source,Minor_Violation_Unsafe_Food_Source,InDbDate
FA0000670,KIRALA 2,"1511-D SHATTUCK AVE
BERKELEY, CA
(37.879781, -122.269181)",01/07/2016,0,0,0,0,0,0,0,0,0,0,05/16/2016 05:00:02 AM
FA0000300,ESPRESSO ROMA/C'EST CAFï¿½,"2490 BANCROFT WY
BERKELEY, CA
(37.868697, -122.259321)",01/10/2014,0,0,0,0,0,0,0,0,0,0,05/16/2016 05:00:02 AM
FA0001592,LITTLE GEM BELGIAN WAFFLES,"2468-A TELEGRAPH AVE
BERKELEY, CA
(37.865706, -122.258559)",11/23/2015,0,0,0,0,0,0,0,0,0,0,05/16/2016 05:00:03 AM
FA0000514,INT'L SOCIETY FOR KRISHNA,"2334 STUART ST
BERKELEY, CA
(37.859388, -122.260372)",08/24/2015,0,0,0,0,0,0,0,0,0,0,05/16/2016 05:00:02 AM
FA0000073,SOL Y LUNA,"1926 SHATTUCK AVE
BERKELEY, CA
(37.87335, -122.268574)",02/25/2016,0,0,0,0,0,0,0,0,0,0,05/16/2016 05:00:02 AM
FA0001541,MELOMELO KAVA BAR,"1701 UNIVERSITY AVE
BERKELEY, CA
(37.871072, -122.277225)",11/18/2015,0,0,0,0,0,0,0,0,0,0,05/16/2016 05:00:03 AM
FA0001557,HIGHWIRE COFFEE ROASTERS,"2049 SAN PABLO AVE
BERKELEY, CA
(37.868619, -122.291899)",03/29/2016,0,0,0,0,0,0,0,0,0,0,05/16/2016 05:00:03 AM
FA0000474,HONG DU UNOCAL,"901 ASHBY AVE
BERKELEY, CA
(37.851128, -122.290812)",03/27/2015,0,0,0,0,0,0,0,0,0,0,05/16/2016 05:00:02 AM
FA0001260,SUBWAY #46673,"2929 9TH ST
BERKELEY, CA
(37.851837, -122.289453)",12/19/2014,0,0,0,0,0,0,0,0,0,0,05/16/2016 05:00:03 AM
FA0001295,RELISH CATERING,"2701 8TH ST
BERKELEY, CA
(37.856884, -122.291822)",05/09/2014,0,0,0,0,0,0,0,0,0,0,05/16/2016 05:00:03 AM
FA0000596,BERKELEY ESPRESSO,"1900 SHATTUCK AVE
BERKELEY, CA
(37.873687, -122.268616)",09/01/2015,0,0,0,0,0,0,0,0,0,0,05/16/2016 05:00:02 AM
FA0000074,THAI NOODLE,"1936 SHATTUCK AVE
BERKELEY, CA
(37.873227, -122.268562)",10/27/2015,0,1,0,0,0,0,0,1,0,0,05/16/2016 05:00:02 AM
FA0000775,SWEET LEAF,"2468 TELEGRAPH AVE
BERKELEY, CA
(37.865706, -122.258559)",05/11/2015,0,0,0,0,0,0,0,0,0,0,05/16/2016 05:00:02 AM
FA0000118,DA LIAN RESTAURANT,"1674 SHATTUCK AVE
BERKELEY, CA
(37.877056, -122.269009)",02/23/2016,0,1,0,0,0,0,0,1,0,0,05/16/2016 05:00:02 AM
FA0000661,CAFFE TRIESTE,"2500 SAN PABLO AVE SW
BERKELEY, CA
(37.861078, -122.289632)",12/02/2015,0,0,0,0,0,0,0,0,0,0,05/16/2016 05:00:02 AM
FA0000035,FREIGHT & SALVAGE COFFEE HOUSE,"2020 ADDISON ST
BERKELEY, CA
(37.870994, -122.269645)",09/15/2015,0,0,0,0,0,0,0,0,0,0,05/16/2016 05:00:02 AM
FA0001601,BERKELEY SPORTSMAN CENTER,"225 UNIVERSITY AVE
BERKELEY, CA
(37.865451, -122.310259)",12/07/2015,0,0,0,0,0,0,0,0,0,0,05/16/2016 05:00:03 AM
FA0000607,SUBWAY,"1101 UNIVERSITY AVE
BERKELEY, CA
(37.869197, -122.291765)",08/13/2015,0,0,0,0,0,0,0,0,0,0,05/16/2016 05:00:02 AM
FA0000539,7-ELEVEN #16192  1099/1615,"2887 COLLEGE AVE
BERKELEY, CA
(37.858756, -122.253219)",01/02/2015,0,0,0,0,0,0,0,0,0,0,05/16/2016 05:00:02 AM
FA0001009,TROY,"2985 COLLEGE AVE
BERKELEY, CA
(37.856469, -122.252992)",03/20/2015,0,0,0,0,0,0,0,0,0,0,05/16/2016 05:00:03 AM
FA0000779,CAMPUS MINI MART  1099/1615,"2200 DURANT AVE
BERKELEY, CA
(37.866969, -122.26553)",03/21/2016,0,0,0,0,0,0,0,0,0,0,05/16/2016 05:00:02 AM
FA0000328,SATURN CAFE,"2175 ALLSTON WY
BERKELEY, CA
(37.86961, -122.266328)",08/05/2015,0,1,0,0,0,0,0,1,0,0,05/16/2016 05:00:02 AM
FA0000218,SOLANO 76  1099/1614,"1830 SOLANO AVE
BERKELEY, CA
(37.891387, -122.278913)",09/22/2015,0,0,0,0,0,0,0,0,0,0,05/16/2016 05:00:02 AM
FA0001438,DOUBLETREE CAFE,"200 MARINA BLVD
BERKELEY, CA
(37.868667, -122.313656)",01/13/2016,0,0,0,0,0,0,0,0,0,0,05/16/2016 05:00:03 AM
FA0000436,CAFE NEFELI,"1854 EUCLID AVE
BERKELEY, CA
(37.875666, -122.260259)",11/30/2015,0,0,0,0,0,0,0,0,0,0,05/16/2016 05:00:02 AM
FA0000561,TOMATE CAFE,"2265 FIFTH ST
BERKELEY, CA
(37.8636, -122.297484)",01/14/2016,0,0,0,0,0,0,0,0,0,0,05/16/2016 05:00:02 AM
FA0001552,FACE TO FACE,"2109 MILVIA ST
BERKELEY, CA
(37.870688, -122.270619)",12/28/2015,0,1,0,0,0,0,0,0,0,0,05/16/2016 05:00:03 AM
FA0001602,SHARE TIME,"1938 SHATTUCK AVE
BERKELEY, CA
(37.873073, -122.268549)",02/02/2016,0,0,0,0,0,0,0,1,0,0,05/16/2016 05:00:03 AM
FA0000647,SO. BERKELEY COMMUNITY CHURCH,"1802 FAIRVIEW ST
BERKELEY, CA
(37.850436, -122.272589)",10/01/2015,0,0,0,0,0,0,0,0,0,0,05/16/2016 05:00:02 AM
FA0000620,REVIVAL BAR & KITCHEN,"2102 SHATTUCK AVE
BERKELEY, CA
(37.871129, -122.268282)",07/08/2015,0,0,0,0,0,0,0,1,0,0,05/16/2016 05:00:02 AM
FA0001465,SALT AND HONEY LLC,"1451 5TH ST
BERKELEY, CA
(37.875442, -122.301324)",09/01/2015,0,0,0,0,0,0,0,0,0,0,05/16/2016 05:00:03 AM
FA0001598,MUSASHI CORP. C/O TOKYO FISH MARKET,"1222 SAN PABLO AVE
BERKELEY, CA
(37.850666, -122.285414)",02/04/2016,0,1,0,0,0,0,0,1,0,0,05/16/2016 05:00:03 AM
FA0000008,GALLEGOS MEXICAN FOOD,"2200 SAN PABLO AVE
BERKELEY, CA
(37.866231, -122.291299)",03/10/2016,0,0,0,0,0,0,0,0,0,0,05/16/2016 05:00:02 AM
FA0000538,MUDRACKERS,"2801 TELEGRAPH AVE
BERKELEY, CA
(37.859481, -122.25918)",10/20/2015,0,0,0,0,0,0,0,0,0,0,05/16/2016 05:00:02 AM
FA0001417,PIPELINE CAFE,"2131 DURANT AVE
BERKELEY, CA
(37.866846, -122.266434)",06/23/2015,0,0,0,0,0,0,0,0,0,0,05/16/2016 05:00:03 AM
FA0000089,THREE STONE HEARTH COMM. KITCHEN,"1581 UNIVERSITY AVE
BERKELEY, CA
(37.870631, -122.280653)",01/27/2016,0,0,0,0,0,0,0,0,0,0,05/16/2016 05:00:02 AM
FA0000662,WATERSIDE WORKSHOPS CAFE,"84 BOLIVAR DR
BERKELEY, CA
(37.865718, -122.302106)",11/20/2015,0,0,0,0,0,0,0,0,0,0,05/16/2016 05:00:02 AM
FA0001053,BERKELEY BOWL WEST #6-MEZZ KITCHEN,"920 HEINZ AVE
BERKELEY, CA
(37.853824, -122.290222)",08/27/2015,0,0,0,0,0,0,0,0,0,0,05/16/2016 05:00:03 AM
FA0000568,SEABREEZE MARKET & DELI,"598 UNIVERSITY AVE
BERKELEY, CA
(37.866344, -122.305355)",12/02/2015,0,0,0,0,0,0,0,0,0,0,05/16/2016 05:00:02 AM
FA0001646,JAMBA JUICE,"2514 BANCROFT WAY
BERKELEY, CA
(37.868774, -122.258716)",,0,0,0,0,0,0,0,0,0,0,05/16/2016 05:00:03 AM
FA0000175,LA PALMITA,"1335 SAN PABLO AVE
BERKELEY, CA
(37.87951, -122.295434)",03/23/2016,0,0,0,0,0,0,0,0,0,0,05/16/2016 05:00:02 AM
FA0000260,BERKELEY PRODUCE CENTER,"1500 SHATTUCK AVE
BERKELEY, CA
(37.880227, -122.26936)",08/27/2015,0,0,0,0,0,0,0,0,0,0,05/16/2016 05:00:02 AM
FA0000793,LIK LIQUORS,"2495 SACRAMENTO ST
BERKELEY, CA
(37.862346, -122.28105)",04/20/2015,0,0,0,0,0,0,0,0,0,0,05/16/2016 05:00:03 AM
FA0000056,THE JUPITER,"2181 SHATTUCK AVE
BERKELEY, CA
(37.869832, -122.267846)",01/20/2016,0,1,0,0,0,0,0,0,0,0,05/16/2016 05:00:02 AM
FA0000252,SUSHI CALIFORNIA,"2033 M L KING JR WY
BERKELEY, CA
",07/08/2015,0,0,0,0,0,0,0,0,0,0,05/16/2016 05:00:02 AM
FA0001644,NEIGHBORS MARKET,"1343 MLK JR WAY
BERKELEY, CA
",,0,0,0,0,0,0,0,0,0,0,05/16/2016 05:00:03 AM
FA0000124,BERKELEY FARMERS MARKET,"0 FARMERS MKT - SHATTUCK AVE
BERKELEY, CA
",03/31/2016,0,0,0,0,0,0,0,0,0,0,05/16/2016 05:00:02 AM
FA0000814,BERKELEY FARMERS MARKET,"0 ADELINE ST
BERKELEY, CA
",09/09/2014,0,0,0,0,0,0,0,0,0,0,05/16/2016 05:00:03 AM
FA0000481,ASHBY SUPERMARKET 1099/1643,"2948 M L KING JR WY
BERKELEY, CA
",10/01/2015,0,0,0,0,0,0,0,0,0,0,05/16/2016 05:00:02 AM
FA0000208,XTRA OIL CO/CHEVRON/THE ALAM,"1201 THE
BERKELEY, CA
",11/28/2012,0,0,0,0,0,0,0,0,0,0,05/16/2016 05:00:02 AM
FA0000193,FAT APPLE'S INC.,"1346 M L KING JR WY
BERKELEY, CA
",10/22/2015,0,0,0,0,0,0,0,0,0,0,05/16/2016 05:00:02 AM
FA0001576,BEN & LILY CAFE,"2080 MLK JR WAY
BERKELEY, CA
",03/17/2016,0,0,0,0,0,0,0,0,0,0,05/16/2016 05:00:03 AM
FA0000484,NINO'S,"1916 M L KING JR WY
BERKELEY, CA
",01/29/2016,0,1,0,0,0,0,0,1,0,0,05/16/2016 05:00:02 AM
FA0000087,#1 GAS  1099/1616,"1900 M L KING JR WY
BERKELEY, CA
",08/24/2015,0,0,0,0,0,0,0,0,0,0,05/16/2016 05:00:02 AM
FA0001000,CITY LEES MARKET  1099/1615,"2700 M L KING JR WAY
BERKELEY, CA
",12/07/2015,0,0,0,0,0,0,0,0,0,0,05/16/2016 05:00:03 AM
FA0001521,SAN FRANCISCO CREPE COMPANY,"2125 UNIVERSITY AVE
BERKELEY, CA
(37.87232, -122.267358)",03/04/2016,0,0,0,0,0,0,0,0,0,0,05/16/2016 05:00:03 AM
FA0001108,UNIVERSITY LUTHERAN CHAPEL OF BERKELEY,"2425 COLLEGE AVE
BERKELEY, CA
(37.866706, -122.25411)",03/16/2016,0,0,0,0,0,0,0,0,0,0,05/16/2016 05:00:03 AM
FA0001482,FRANKLIN BROS. MARKET,"901 BANCROFT WAY
BERKELEY, CA
(37.863763, -122.29503)",12/02/2015,0,0,0,0,0,0,0,0,0,0,05/16/2016 05:00:03 AM
FA0000372,SCONEHENGE BAKERY CAFE,"2787 SHATTUCK AVE
BERKELEY, CA
(37.858979, -122.266955)",05/04/2015,0,0,0,0,0,0,0,0,0,0,05/16/2016 05:00:02 AM
FA0000253,CAFE RIO,"2146 CENTER ST
BERKELEY, CA
(37.870498, -122.266662)",02/05/2015,0,0,0,0,0,0,0,0,0,0,05/16/2016 05:00:02 AM
FA0000183,ESPRESSO ROMA,"1549 HOPKINS ST
BERKELEY, CA
(37.881532, -122.282225)",01/07/2016,0,1,0,0,0,0,0,0,0,0,05/16/2016 05:00:02 AM
FA0001280,THE SANDWICH SPOT,"2106 SHATTUCK AVE
BERKELEY, CA
(37.871054, -122.268275)",03/11/2015,0,0,0,0,0,0,0,0,0,0,05/16/2016 05:00:03 AM
FA0000930,GORDO TAQUERIA #7,"2404 TELEGRAPH AVE
BERKELEY, CA
(37.866781, -122.258783)",02/29/2016,1,0,0,0,0,0,0,0,0,0,05/16/2016 05:00:03 AM
FA0000215,ZACHARY'S CHICAGO PIZZA,"1853 SOLANO AVE
BERKELEY, CA
(37.89141, -122.278507)",12/01/2015,0,0,0,0,0,0,0,0,0,0,05/16/2016 05:00:02 AM
FA0001515,DOMINO'S PIZZA,"3264 ADELINE ST
BERKELEY, CA
(37.849142, -122.271362)",10/19/2015,0,0,0,0,0,0,0,0,0,0,05/16/2016 05:00:03 AM
FA0001198,DOMINO'S PIZZA,"2127 UNIVERSITY AVE
BERKELEY, CA
(37.872291, -122.267582)",10/15/2015,0,0,0,0,0,0,0,0,0,0,05/16/2016 05:00:03 AM
FA0000261,BOMBAY SPICE HOUSE,"1036 UNIVERSITY AVE
BERKELEY, CA
(37.868808, -122.293345)",07/08/2014,0,0,0,0,0,0,0,0,0,0,05/16/2016 05:00:02 AM
FA0000071,BISTRO LIASION,"1849 SHATTUCK AVE
BERKELEY, CA
(37.87418, -122.268562)",02/29/2016,0,1,0,0,0,0,0,0,0,0,05/16/2016 05:00:02 AM
FA0001156,KIKU SUSHI,"1316 GILMAN ST
BERKELEY, CA
(37.881291, -122.28936)",02/02/2016,0,0,0,0,0,0,0,0,0,0,05/16/2016 05:00:03 AM
FA0001310,LE PETIT COCHON,"1801-C SHATTUCK AVE
BERKELEY, CA
(37.87455, -122.268609)",10/22/2015,0,1,0,0,0,0,0,0,0,0,05/16/2016 05:00:03 AM
FA0000622,STANFORD LIQUOR,"3400 ADELINE ST
BERKELEY, CA
(37.846373, -122.272844)",12/21/2015,0,0,0,0,0,0,0,0,0,0,05/16/2016 05:00:02 AM
FA0001656,J-TOWN EXPRESS,"2332 TELEGRAPH AVE
BERKELEY, CA
(37.868115, -122.259059)",,0,0,0,0,0,0,0,0,0,0,05/16/2016 05:00:03 AM
FA0001115,"SIMPLY GREEK 3, INC.","2929 SHATTUCK AVE
BERKELEY, CA
(37.855696, -122.26655)",11/04/2015,0,0,0,0,0,0,0,0,0,0,05/16/2016 05:00:03 AM
FA0000199,TRATTORIA LA SICILLIAN,"2993 COLLEGE AVE
BERKELEY, CA
(37.856327, -122.252978)",09/01/2015,0,0,0,0,0,0,0,0,0,0,05/16/2016 05:00:02 AM
FA0000533,CHINESE EXPRESS,"2488 CHANNING WY
BERKELEY, CA
(37.8669, -122.258955)",12/09/2014,0,0,0,0,0,0,0,0,0,0,05/16/2016 05:00:02 AM
FA0001599,HERB 'N CHICKEN,"1511 SHATTUCK AVE
BERKELEY, CA
(37.879781, -122.269181)",12/07/2015,0,1,0,0,0,0,0,0,0,0,05/16/2016 05:00:03 AM
FA0001319,IYASARE,"1830 4TH ST
BERKELEY, CA
(37.86939, -122.300453)",01/23/2011,0,0,0,0,0,0,0,0,0,0,05/16/2016 05:00:03 AM
FA0001466,AIDELLS SAUSAGE,"2940 7TH ST
BERKELEY, CA
(37.851758, -122.291324)",03/26/2015,0,0,0,0,0,0,0,0,0,0,05/16/2016 05:00:03 AM
FA0000013,PRIYA SO. & NO. INDIAN CUISINE,"2072 SAN PABLO AVE
BERKELEY, CA
(37.868208, -122.291934)",02/20/2014,0,0,0,0,0,0,0,0,0,0,05/16/2016 05:00:02 AM
FA0001506,ELEMENTS PETROLEUM INC.,"833 UNIVERSITY AVE
BERKELEY, CA
(37.868088, -122.297432)",03/25/2015,0,0,0,0,0,0,0,0,0,0,05/16/2016 05:00:03 AM
FA0000185,SWEET DREAMS,"2901 COLLEGE AVE
BERKELEY, CA
(37.858309, -122.253174)",08/05/2015,0,0,0,0,0,0,0,0,0,0,05/16/2016 05:00:02 AM
FA0000014,LANESPLITTER PUB,"2033 SAN PABLO AVE
BERKELEY, CA
(37.868537, -122.291872)",01/23/2015,0,0,0,0,0,0,0,0,0,0,05/16/2016 05:00:02 AM
FA0000110,MANHATTAN BAGEL,"1789 FOURTH ST
BERKELEY, CA
(37.870259, -122.300739)",07/09/2015,0,0,0,0,0,0,0,0,0,0,05/16/2016 05:00:02 AM
FA0000202,HANA JAPAN STEAK HOUSE,"235 UNIVERSITY AVE
BERKELEY, CA
(37.865611, -122.308575)",11/30/2015,0,0,0,0,0,0,0,0,0,0,05/16/2016 05:00:02 AM
FA0000108,TEANCE FINE TEAS,"1780 4TH ST
BERKELEY, CA
(37.870426, -122.300792)",10/27/2015,0,0,0,0,0,0,0,0,0,0,05/16/2016 05:00:02 AM
FA0000281,U.S. LIQUOR 1099/1616,"2997 SACRAMENTO ST
BERKELEY, CA
(37.853326, -122.278951)",09/24/2015,0,0,0,0,0,0,0,0,0,0,05/16/2016 05:00:02 AM
FA0000782,NANAYIRO RESTAURANT,"2399 SHATTUCK AVE
BERKELEY, CA
(37.866024, -122.267537)",01/29/2015,0,0,0,0,0,0,0,0,0,0,05/16/2016 05:00:02 AM
FA0001218,MOXY,"3136 SACRAMENTO ST
BERKELEY, CA
(37.850626, -122.278453)",03/27/2015,0,0,0,0,0,0,0,0,0,0,05/16/2016 05:00:03 AM
FA0000679,PANCHO'S MEXICAN RESTAURANT,"2521-B DURANT AVE
BERKELEY, CA
(37.867947, -122.257926)",11/18/2015,0,0,0,0,0,0,0,0,0,0,05/16/2016 05:00:02 AM
FA0000389,PEET'S COFFEE & TEA/DOM,"2916 DOMINGO AVE
BERKELEY, CA
(37.858739, -122.243947)",04/22/2015,0,0,0,0,0,0,0,0,0,0,05/16/2016 05:00:02 AM
FA0000201,LA MEDITERRANEE,"2936 COLLEGE AVE
BERKELEY, CA
(37.857596, -122.253106)",08/14/2015,0,0,0,0,0,0,0,0,0,0,05/16/2016 05:00:02 AM
FA0000636,BROOM BUSH CAFE,"2725 SAN PABLO AVE
BERKELEY, CA
(37.856746, -122.28809)",08/11/2014,0,0,0,0,0,0,0,0,0,0,05/16/2016 05:00:02 AM
FA0001433,FRESH & BEST RESTAURANT,"2924 DOMINGO AVE
BERKELEY, CA
(37.858657, -122.243934)",12/10/2015,0,0,0,0,0,0,0,0,0,0,05/16/2016 05:00:03 AM
FA0001202,FRESCO MEXICAN GRILL,"2177-A SHATTUCK AVE
BERKELEY, CA
(37.869854, -122.267845)",02/18/2015,0,0,0,0,0,0,0,0,0,0,05/16/2016 05:00:03 AM
FA0001363,TEA FRAGRANCE HOUSE,"1301 SAN PABLO AVE
BERKELEY, CA
(37.880319, -122.295692)",03/09/2015,0,0,0,0,0,0,0,0,0,0,05/16/2016 05:00:03 AM
FA0001634,SMART MART,"1951 SHATTUCK AVE
BERKELEY, CA
(37.872855, -122.268473)",,0,0,0,0,0,0,0,0,0,0,05/16/2016 05:00:03 AM
FA0000957,WALGREENS #13858/1607SHA,"1607 SHATTUCK AVE
BERKELEY, CA
(37.878009, -122.268988)",09/08/2015,0,0,0,0,0,0,0,0,0,0,05/16/2016 05:00:03 AM
FA0001315,JERRY'S JAVA JOASIS,"1701 SAN PABLO AVE
BERKELEY, CA
(37.873455, -122.293465)",02/04/2016,0,0,0,0,0,0,0,0,0,0,05/16/2016 05:00:03 AM
FA0001511,SMOKE'S POUTINERIE,"2518-A DURANT AVE
BERKELEY, CA
(37.867905, -122.258265)",01/20/2015,0,0,0,0,0,0,0,0,0,0,05/16/2016 05:00:03 AM
FA0001476,YOLO BERRY YOGURT,"2114 SHATTUCK AVE
BERKELEY, CA
(37.870904, -122.268262)",03/28/2016,0,0,0,0,0,0,0,0,0,0,05/16/2016 05:00:03 AM
FA0001566,THE TAP HAUS,"2516-B DURANT AVE
BERKELEY, CA
(37.867912, -122.25821)",02/10/2016,0,0,0,0,0,0,0,0,0,0,05/16/2016 05:00:03 AM
FA0000080,NORTH BERKELEY SENIOR CENTER,"1901 HEARST AVE
BERKELEY, CA
(37.873409, -122.272686)",02/05/2016,0,0,0,0,0,0,0,0,0,0,05/16/2016 05:00:02 AM
FA0001005,TIVOLI CAFE,"2554 BANCROFT WAY
BERKELEY, CA
(37.868875, -122.257891)",01/06/2015,0,0,0,0,0,0,0,0,0,0,05/16/2016 05:00:03 AM
FA0000140,GREGOIRE'S,"2109 CEDAR ST
BERKELEY, CA
(37.878492, -122.268501)",10/08/2015,0,1,0,0,0,0,0,0,0,0,05/16/2016 05:00:02 AM
FA0000588,HS LORDSHIPS,"199 SEAWALL DR
BERKELEY, CA
(37.859769, -122.316344)",05/13/2014,0,0,0,0,0,0,0,0,0,0,05/16/2016 05:00:02 AM
FA0000986,PHIL'S SLIDER,"2024 SHATTUCK AVE
BERKELEY, CA
(37.871524, -122.268345)",02/17/2015,0,0,0,0,0,0,0,0,0,0,05/16/2016 05:00:03 AM
FA0000540,GOODSONS/GNC,"2165 SHATTUCK AVE
BERKELEY, CA
(37.869781, -122.26785)",08/12/2015,0,0,0,0,0,0,0,0,0,0,05/16/2016 05:00:02 AM
FA0000857,HISSHO SUSHI,"1550 SHATTUCK AVE
BERKELEY, CA
(37.878925, -122.269199)",10/21/2015,0,0,0,0,0,0,0,0,0,0,05/16/2016 05:00:03 AM
FA0000097,EVERETT & JONES BARBECUE,"1955 SAN PABLO AVE
BERKELEY, CA
(37.869706, -122.292258)",11/20/2014,0,0,0,0,0,0,0,0,0,0,05/16/2016 05:00:02 AM
FA0001548,BOBA NINJA,"2519-B DURANT AVE
BERKELEY, CA
(37.867935, -122.258021)",11/02/2015,0,1,0,0,0,0,0,0,0,0,05/16/2016 05:00:03 AM
FA0000506,HOUSE OF CURRIES,"2984 COLLEGE AVE
BERKELEY, CA
(37.856431, -122.252989)",12/17/2015,0,0,0,0,0,0,0,0,0,0,05/16/2016 05:00:02 AM
FA0001300,MERCADO MAYA & DELI,"1704 UNIVERSITY AVE
BERKELEY, CA
(37.871201, -122.275358)",02/01/2016,0,0,0,0,0,0,0,0,0,0,05/16/2016 05:00:03 AM
FA0000098,BING'S LIQUOR  1099/1615,"1801 SAN PABLO AVE
BERKELEY, CA
(37.871465, -122.292825)",03/06/2014,0,0,0,0,0,0,0,0,0,0,05/16/2016 05:00:02 AM
FA0000023,BERKELEY CHINESE COMM. CHURCH,"2117 ACTON ST
BERKELEY, CA
(37.868485, -122.284075)",08/04/2015,0,0,0,0,0,0,0,0,0,0,05/16/2016 05:00:02 AM
FA0000375,EMILIA'S,"2995 SHATTUCK AVE
BERKELEY, CA
(37.855432, -122.266519)",08/20/2015,0,0,0,0,0,0,0,0,0,0,05/16/2016 05:00:02 AM
FA0001500,DAILY PINT,"1828 EUCLID AVE
BERKELEY, CA
(37.875765, -122.260279)",01/04/2016,0,0,0,0,0,0,0,0,0,0,05/16/2016 05:00:03 AM
FA0000641,FALLANGHINA LLC DBA PAISAN,"2514 SAN PABLO AVE
BERKELEY, CA
(37.860477, -122.28944)",03/05/2014,0,0,0,0,0,0,0,0,0,0,05/16/2016 05:00:02 AM
FA0000387,BEANERY,"2925 COLLEGE AVE
BERKELEY, CA
(37.857926, -122.253137)",10/05/2015,0,0,0,0,0,0,0,0,0,0,05/16/2016 05:00:02 AM
FA0000800,CALIFORNIA HBPA,"1100 EASTSHORE HWY
BERKELEY, CA
(37.885683, -122.308114)",12/10/2014,0,0,0,0,0,0,0,0,0,0,05/16/2016 05:00:03 AM
FA0000685,FINFINE,"2556 TELEGRAPH AVE
BERKELEY, CA
(37.863888, -122.258655)",03/25/2015,0,0,0,0,0,0,0,0,0,0,05/16/2016 05:00:02 AM
FA0000156,THE ACME BREAD CO.,"1601 SAN PABLO AVE
BERKELEY, CA
(37.874948, -122.293962)",06/24/2015,0,0,0,0,0,0,0,0,0,0,05/16/2016 05:00:02 AM
FA0000451,TRUMPETVINE CATERING,"2533 7TH ST
BERKELEY, CA
(37.858733, -122.293592)",06/16/2015,0,0,0,0,0,0,0,0,0,0,05/16/2016 05:00:02 AM
FA0000230,ASHBY CARE CENTER,"2270 ASHBY AVE
BERKELEY, CA
(37.855907, -122.261783)",01/15/2016,0,0,0,0,0,0,0,0,0,0,05/16/2016 05:00:02 AM
FA0000765,I.B. HOAGIES,"2513 DURANT AVE
BERKELEY, CA
(37.867875, -122.25851)",03/02/2016,0,0,0,0,0,0,0,0,0,0,05/16/2016 05:00:02 AM
FA0000542,WEST BERKELEY SENIOR CENTER,"1900 6TH ST
BERKELEY, CA
(37.869314, -122.2981)",09/17/2015,0,0,0,0,0,0,0,0,0,0,05/16/2016 05:00:02 AM
FA0001459,TOWNIE,"1799 UNIVERSITY AVE
BERKELEY, CA
(37.871297, -122.275446)",09/03/2015,0,0,0,0,0,0,0,0,0,0,05/16/2016 05:00:03 AM
FA0000477,LUNCH BOX CAFE,"729 HEINZ AVE
BERKELEY, CA
(37.852892, -122.294778)",08/28/2015,0,0,0,0,0,0,0,0,0,0,05/16/2016 05:00:02 AM
FA0000070,STARRY PLOUGH,"3101 SHATTUCK AVE
BERKELEY, CA
(37.852961, -122.266195)",01/23/2015,0,0,0,0,0,0,0,0,0,0,05/16/2016 05:00:02 AM
FA0001570,U-CHA,"2199 BANCROFT WAY
BERKELEY, CA
(37.867822, -122.266003)",09/23/2015,0,0,0,0,0,0,0,0,0,0,05/16/2016 05:00:03 AM
FA0000956,ANCIENT ORGANICS,"726 ALLSTON WAY
BERKELEY, CA
(37.864921, -122.298556)",04/02/2015,0,0,0,0,0,0,0,0,0,0,05/16/2016 05:00:03 AM
FA0000105,CHOCOLATIER BLUE PATISSERIE,"1809 FOURTH ST
BERKELEY, CA
(37.869721, -122.300563)",04/03/2014,0,0,0,0,0,0,0,0,0,0,05/16/2016 05:00:02 AM
FA0000039,AU COQUELET,"2000 UNIVERSITY AVE
BERKELEY, CA
(37.871828, -122.270516)",08/19/2015,0,0,0,0,0,0,0,0,0,0,05/16/2016 05:00:02 AM
FA0001607,LA MARCHA,"2026 SAN PABLO AVE
BERKELEY, CA
(37.868718, -122.292099)",03/01/2016,0,0,0,0,0,0,0,0,0,0,05/16/2016 05:00:03 AM
FA0001437,CUPCAKIN' BAKESHOP,"2435 DURANT AVE
BERKELEY, CA
(37.867636, -122.260343)",12/01/2015,0,0,0,0,0,0,0,0,0,0,05/16/2016 05:00:03 AM
FA0000303,FAT NATE INC. DBA YOGURTLAND,"2516 BANCROFT WY
BERKELEY, CA
(37.868781, -122.25866)",06/18/2015,0,0,0,0,0,0,0,0,0,0,05/16/2016 05:00:02 AM
FA0001649,GREATER NEW MT HERMON MBC,"1021 CHANNING WAY
BERKELEY, CA
(37.862682, -122.291098)",,0,0,0,0,0,0,0,0,0,0,05/16/2016 05:00:03 AM
FA0001457,BO BO DRINKS,"2037 SHATTUCK AVE
BERKELEY, CA
(37.87132, -122.268315)",08/03/2015,0,1,0,0,0,0,0,1,0,0,05/16/2016 05:00:03 AM
FA0000259,UNIVERSITY SHELL,"1250 UNIVERSITY AVE
BERKELEY, CA
(37.869701, -122.287039)",05/08/2015,0,0,0,0,0,0,0,0,0,0,05/16/2016 05:00:02 AM
FA0001468,DOUGHNUT DOLLY,"1313 9TH ST
BERKELEY, CA
(37.879532, -122.297941)",10/19/2015,0,0,0,0,0,0,0,0,0,0,05/16/2016 05:00:03 AM
FA0001286,"TASHA DE SERIO, INC.","2701 8TH ST
BERKELEY, CA
(37.856884, -122.291822)",10/29/2014,0,0,0,0,0,0,0,0,0,0,05/16/2016 05:00:03 AM
FA0000329,LITTLE MANDARIN,"139 BERKELEY SQ
BERKELEY, CA
(37.870828, -122.267739)",07/23/2015,0,1,0,0,0,0,0,0,0,0,05/16/2016 05:00:02 AM
FA0001526,FIELDWORK BREWERY,"1160 6TH ST
BERKELEY, CA
(37.881559, -122.302033)",01/11/2016,0,0,0,0,0,0,0,0,0,0,05/16/2016 05:00:03 AM
FA0000778,BERKELEY CITY CLUB,"2315 DURANT AVE
BERKELEY, CA
(37.867392, -122.262214)",10/20/2015,0,0,0,0,0,0,0,0,0,0,05/16/2016 05:00:02 AM
FA0000507,ELMWOOD NURSING & REHAB,"2829 SHATTUCK AVE
BERKELEY, CA
(37.857354, -122.266771)",11/17/2015,0,0,0,0,0,0,0,0,0,0,05/16/2016 05:00:02 AM
FA0001303,POTLIQUOR LLC,"2701 8TH ST
BERKELEY, CA
(37.856884, -122.291822)",02/03/2016,0,0,0,0,0,0,0,0,0,0,05/16/2016 05:00:03 AM
FA0000409,THE XOCOLATE BAR,"1709 SOLANO AVE
BERKELEY, CA
(37.891212, -122.282185)",12/10/2015,0,0,0,0,0,0,0,0,0,0,05/16/2016 05:00:02 AM
FA0000574,TACUBAYA,"1788 FOURTH ST
BERKELEY, CA
(37.870266, -122.300741)",02/23/2016,0,0,0,0,0,0,0,0,0,0,05/16/2016 05:00:02 AM
FA0000781,BUDDHIST CHURCHES OF AMERICA,"2140 DURANT AVE
BERKELEY, CA
(37.866874, -122.266214)",09/23/2015,0,0,0,0,0,0,0,0,0,0,05/16/2016 05:00:02 AM
FA0000030,NATION'S,"1800 UNIVERSITY AVE
BERKELEY, CA
(37.871246, -122.274991)",01/05/2015,0,0,0,0,0,0,0,0,0,0,05/16/2016 05:00:02 AM
FA0000250,WEST COAST PIZZA,"1706 UNIVERSITY AVE
BERKELEY, CA
(37.870944, -122.277358)",01/05/2015,0,0,0,0,0,0,0,0,0,0,05/16/2016 05:00:02 AM
FA0000221,MOKKA,"3075 TELEGRAPH AVE
BERKELEY, CA
(37.854242, -122.259905)",03/10/2016,0,0,0,0,0,0,0,0,0,0,05/16/2016 05:00:02 AM
FA0000015,RAINBOW DONUT,"2025 SAN PABLO AVE
BERKELEY, CA
(37.868683, -122.291919)",06/10/2014,0,0,0,0,0,0,0,0,0,0,05/16/2016 05:00:02 AM
FA0000788,CVS PHARMACY #3026,"2300 SHATTUCK AVE
BERKELEY, CA
(37.867176, -122.267802)",05/07/2014,0,0,0,0,0,0,0,0,0,0,05/16/2016 05:00:02 AM
FA0001593,ON THE MARK,"2428 SHATTUCK AVE
BERKELEY, CA
(37.865198, -122.267579)",12/18/2015,0,0,0,0,0,0,0,0,0,0,05/16/2016 05:00:03 AM
FA0000045,U A CINEMA'S 5,"2274 SHATTUCK AVE
BERKELEY, CA
(37.867888, -122.267887)",02/12/2015,0,0,0,0,0,0,0,0,0,0,05/16/2016 05:00:02 AM
FA0000026,UNIVERSITY CHEVRON,"1500 UNIVERSITY AVE
BERKELEY, CA
(37.870396, -122.281585)",08/08/2014,0,0,0,0,0,0,0,0,0,0,05/16/2016 05:00:02 AM
FA0000528,STEVE'S KOREAN BAR-B-Q,"2521 DURANT AVE
BERKELEY, CA
(37.867947, -122.257926)",11/09/2015,0,0,0,0,0,0,0,0,0,0,05/16/2016 05:00:02 AM
FA0000007,BERKELEY OIL COMPANY 1099/1615,"950 UNIVERSITY AVE
BERKELEY, CA
(37.868427, -122.295206)",10/02/2015,0,0,0,0,0,0,0,0,0,0,05/16/2016 05:00:02 AM
FA0000453,WEST SIDE BAKERY CAFE,"2570 NINTH ST
BERKELEY, CA
(37.859242, -122.291382)",01/06/2015,0,0,0,0,0,0,0,0,0,0,05/16/2016 05:00:02 AM
FA0000257,LUTHERAN CHURCH OF THE CROSS,"1744 UNIVERSITY AVE
BERKELEY, CA
(37.871081, -122.276277)",01/13/2016,0,1,0,0,0,0,0,1,0,0,05/16/2016 05:00:02 AM
FA0000493,HOTEL SHATTUCK,"2086 ALLSTON WY
BERKELEY, CA
(37.869306, -122.26849)",05/07/2015,0,1,0,0,0,0,0,0,0,0,05/16/2016 05:00:02 AM
FA0000270,MEHAK INDIAN CUISINE,"2449 SACRAMENTO ST
BERKELEY, CA
(37.862399, -122.281055)",09/08/2015,0,0,0,0,0,0,0,1,0,0,05/16/2016 05:00:02 AM
FA0000207,ASHBY MARKET PLACE,"2642 ASHBY AVE
BERKELEY, CA
(37.856979, -122.253523)",01/12/2015,0,0,0,0,0,0,0,0,0,0,05/16/2016 05:00:02 AM
FA0000285,EDOKO JAPANESE RESTAURANT,"1722 UNIVERSITY AVE
BERKELEY, CA
(37.870997, -122.276942)",01/29/2014,0,0,0,0,0,0,0,0,0,0,05/16/2016 05:00:02 AM
FA0000312,LA BURRITA,"2530 DURANT AVE
BERKELEY, CA
(37.868004, -122.257487)",11/03/2014,0,0,0,0,0,0,0,0,0,0,05/16/2016 05:00:02 AM
FA0001302,CARAVAGGIO GELATERIA ITALIANO,"1797-C SHATTUCK AVE
BERKELEY, CA
(37.87518, -122.26868)",06/04/2014,0,0,0,0,0,0,0,0,0,0,05/16/2016 05:00:03 AM
FA0001247,CVS PHARMACY,"2655 TELEGRAPH AVE
BERKELEY, CA
(37.861974, -122.258841)",08/13/2015,0,0,0,0,0,0,0,0,0,0,05/16/2016 05:00:03 AM
FA0001304,TAKE 5 CAFE LLC,"3130 SACRAMENTO ST
BERKELEY, CA
(37.850817, -122.278499)",12/21/2015,0,0,0,0,0,0,0,0,0,0,05/16/2016 05:00:03 AM
FA0000483,ALCATRAZ MARKET,"1601 ALCATRAZ AVE
BERKELEY, CA
(37.848152, -122.275807)",02/29/2016,0,0,0,0,0,0,0,0,0,0,05/16/2016 05:00:02 AM
FA0000369,PHO K & K,"2533 TELEGRAPH AVE
BERKELEY, CA
(37.864484, -122.258491)",04/22/2015,0,0,0,0,0,0,0,0,0,0,05/16/2016 05:00:02 AM
FA0000237,BLACK & WHITE LIQUOR 1099/1616,"3027 ADELINE ST
BERKELEY, CA
(37.854464, -122.269075)",03/26/2015,0,0,0,0,0,0,0,0,0,0,05/16/2016 05:00:02 AM
FA0001499,REPUBLIC OF VEGAN,"1624 UNIVERSITY AVE
BERKELEY, CA
(37.870684, -122.27934)",04/20/2015,0,0,0,0,0,0,0,0,0,0,05/16/2016 05:00:03 AM
FA0000256,CHAPARRAL FOUNDATION NURSING,"1309 ALLSTON WY
BERKELEY, CA
(37.866903, -122.285439)",11/13/2015,0,0,0,0,0,0,0,0,0,0,05/16/2016 05:00:02 AM
FA0000367,RACHA CAFE INC.,"2516 TELEGRAPH AVE
BERKELEY, CA
(37.864843, -122.258583)",02/02/2016,0,0,0,0,0,0,0,0,0,0,05/16/2016 05:00:02 AM
FA0000551,EXTREME PIZZA,"2352 SHATTUCK AVE
BERKELEY, CA
(37.86639, -122.267711)",10/14/2015,0,1,0,0,0,0,0,0,0,0,05/16/2016 05:00:02 AM
FA0001486,THE CAMPUS STORE,"1804 EUCLID AVE
BERKELEY, CA
(37.875891, -122.260305)",01/25/2016,0,0,0,0,0,0,0,0,0,0,05/16/2016 05:00:03 AM
FA0000818,BETTE'S TO GO,"1807 FOURTH ST
BERKELEY, CA
(37.869758, -122.300575)",10/15/2015,0,0,0,0,0,0,0,0,0,0,05/16/2016 05:00:03 AM
FA0001238,CAFE LA RENAISSANCE,"3045 SHATTUCK AVE
BERKELEY, CA
(37.853671, -122.266293)",01/23/2015,0,0,0,0,0,0,0,0,0,0,05/16/2016 05:00:03 AM
FA0001432,U CAFE,"2550 DURANT AVE
BERKELEY, CA
(37.867959, -122.257833)",11/06/2014,0,0,0,0,0,0,0,0,0,0,05/16/2016 05:00:03 AM
FA0000064,PEOPLE'S COFFEE & TEA,"2015 SHATTUCK AVE
BERKELEY, CA
(37.871901, -122.268389)",10/28/2015,0,0,0,0,0,0,0,0,0,0,05/16/2016 05:00:02 AM
FA0000353,CHAAT CAFE,"1902 UNIVERSITY AVE
BERKELEY, CA
(37.871612, -122.272228)",06/03/2014,0,0,0,0,0,0,0,0,0,0,05/16/2016 05:00:02 AM
FA0000163,CHIPOTLE MEXICAN GRILL,"1050 GILMAN ST
BERKELEY, CA
(37.880333, -122.296539)",09/14/2015,0,0,0,0,0,0,0,0,0,0,05/16/2016 05:00:02 AM
FA0000699,NOAH'S BAGELS/COL,"3170 COLLEGE AVE
BERKELEY, CA
(37.851463, -122.252496)",09/11/2015,0,0,0,0,0,0,0,0,0,0,05/16/2016 05:00:02 AM
FA0001058,HOT CUP,"2107 ADDISON ST
BERKELEY, CA
(37.871293, -122.267392)",03/04/2016,0,1,0,0,0,0,0,1,0,0,05/16/2016 05:00:03 AM
FA0000314,WALGREENS #10045/TEL,"2310 TELEGRAPH AVE
BERKELEY, CA
(37.868506, -122.259144)",01/10/2014,0,0,0,0,0,0,0,0,0,0,05/16/2016 05:00:02 AM
FA0001630,KOBANI,"1901 UNIVERSITY AVE
BERKELEY, CA
(37.871632, -122.272793)",03/31/2016,0,1,0,0,0,0,0,0,0,0,05/16/2016 05:00:03 AM
FA0001564,DELTAN DIVERSIFIED INC.,"1300 SAN PABLO AVE
BERKELEY, CA
(37.880262, -122.295809)",10/28/2015,0,0,0,0,0,0,0,0,0,0,05/16/2016 05:00:03 AM
FA0000370,PASTA BENE,"2565 TELEGRAPH AVE
BERKELEY, CA
(37.864077, -122.258542)",04/30/2015,0,0,0,0,0,0,0,0,0,0,05/16/2016 05:00:02 AM
FA0000338,K P DELI,"2012 SHATTUCK AVE
BERKELEY, CA
(37.87199, -122.268396)",06/11/2015,0,1,0,0,0,0,0,1,0,0,05/16/2016 05:00:02 AM
FA0001616,TEA FEVER,"2202 SHATTUCK AVE
BERKELEY, CA
(37.869333, -122.268029)",01/27/2016,0,0,0,0,0,0,0,0,0,0,05/16/2016 05:00:03 AM
FA0001650,LA PANOTIQ,"2965 COLLEGE AVE
BERKELEY, CA
(37.856938, -122.253042)",,0,0,0,0,0,0,0,0,0,0,05/16/2016 05:00:03 AM
FA0000061,SUSHI KO,"64 SHATTUCK SQ
BERKELEY, CA
(37.871675, -122.267775)",07/30/2015,0,1,0,0,0,0,0,0,0,0,05/16/2016 05:00:02 AM
FA0000556,BERKELEY YOUTH ALTERNATIVE,"1255 ALLSTON WY
BERKELEY, CA
(37.866962, -122.28688)",02/02/2016,0,0,0,0,0,0,0,0,0,0,05/16/2016 05:00:02 AM
FA0000532,FINS RESTAURANT,"2240 SHATTUCK AVE
BERKELEY, CA
(37.868767, -122.267977)",04/29/2015,0,0,0,0,0,0,0,0,0,0,05/16/2016 05:00:02 AM
FA0000360,BOBBY G'S PIZZERIA,"2074 UNIVERSITY AVE
BERKELEY, CA
(37.872017, -122.269066)",02/22/2016,0,0,0,0,0,0,0,0,0,0,05/16/2016 05:00:02 AM
FA0000356,CAFE TIBET,"2020 UNIVERSITY AVE
BERKELEY, CA
(37.871891, -122.270018)",12/02/2015,0,0,0,0,0,0,0,0,0,0,05/16/2016 05:00:02 AM
FA0000018,TEMARI,"2215 SAN PABLO AVE
BERKELEY, CA
(37.86589, -122.291026)",01/07/2016,0,0,0,0,0,0,0,0,0,0,05/16/2016 05:00:02 AM
FA0000815,BERKELEY SUSHI HOUSE,"2521-C DURANT AVE
BERKELEY, CA
(37.867947, -122.257926)",02/09/2015,0,0,0,0,0,0,0,0,0,0,05/16/2016 05:00:03 AM
FA0000363,BERKELEY EMERGENCY FOOD & HOUSING,"2140 DWIGHT WY
BERKELEY, CA
(37.864079, -122.266509)",10/06/2015,0,0,0,0,0,0,0,0,0,0,05/16/2016 05:00:02 AM
FA0001289,EL BURRO PICANTE,"2021 UNIVERSITY AVE
BERKELEY, CA
(37.871971, -122.270069)",08/19/2015,0,0,0,0,0,0,0,0,0,0,05/16/2016 05:00:03 AM
FA0001454,A.E. ARMENIA LLC,"1451 5TH ST
BERKELEY, CA
(37.875442, -122.301324)",09/01/2015,0,0,0,0,0,0,0,0,0,0,05/16/2016 05:00:03 AM
FA0001054,SAIGON EXPRESS,"2045 SHATTUCK AVE
BERKELEY, CA
(37.871683, -122.268364)",04/13/2015,0,0,0,0,0,0,0,0,0,0,05/16/2016 05:00:03 AM
FA0000393,SEMIFREDDI'S,"3084 CLAREMONT AVE
BERKELEY, CA
(37.854258, -122.248381)",09/18/2015,0,0,0,0,0,0,0,0,0,0,05/16/2016 05:00:02 AM
FA0000209,ESPRESSO ROMA,"2960 COLLEGE AVE
BERKELEY, CA
(37.857282, -122.253076)",03/10/2016,0,0,0,0,0,0,0,0,0,0,05/16/2016 05:00:02 AM
FA0000772,SUNRISE DELI,"2456 BANCROFT WY
BERKELEY, CA
(37.868579, -122.260242)",06/18/2015,0,0,0,0,0,0,0,0,0,0,05/16/2016 05:00:02 AM
FA0001273,VIETNAM VILLAGE,"2521 DURANT AVE E
BERKELEY, CA
(37.867947, -122.257926)",06/24/2015,0,0,0,0,0,0,0,0,0,0,05/16/2016 05:00:03 AM
FA0000245,SOUTH BERKELEY SENIOR CENTER,"2939 ELLIS ST
BERKELEY, CA
(37.854179, -122.273223)",09/04/2015,0,0,0,0,0,0,0,0,0,0,05/16/2016 05:00:02 AM
FA0001153,BARTAVELLE COFFEE & WINE BAR,"1603 SAN PABLO AVE
BERKELEY, CA
(37.875122, -122.29402)",02/22/2016,0,0,0,0,0,0,0,0,0,0,05/16/2016 05:00:03 AM
FA0000655,AURORA THEATRE CO.,"2081 ADDISON ST
BERKELEY, CA
(37.871112, -122.268717)",05/22/2015,0,0,0,0,0,0,0,0,0,0,05/16/2016 05:00:02 AM
FA0001401,WESTBRAE BIERGARTEN,"1280 GILMAN ST
BERKELEY, CA
(37.881474, -122.290154)",03/12/2015,0,0,0,0,0,0,0,0,0,0,05/16/2016 05:00:03 AM
FA0000609,BERKELEY BOWL WEST #7-REST,"922 HEINZ AVE
BERKELEY, CA
(37.85372, -122.290758)",02/22/2016,0,0,0,0,0,0,0,0,0,0,05/16/2016 05:00:02 AM
FA0001078,COMAL,"2018 SHATTUCK AVE
BERKELEY, CA
(37.871644, -122.268359)",02/02/2016,0,1,0,0,0,0,0,0,0,0,05/16/2016 05:00:03 AM
FA0001469,CAL QUICKLY,"2505-G HEARST AVE
BERKELEY, CA
(37.875072, -122.260226)",01/21/2016,0,0,0,0,0,0,0,0,0,0,05/16/2016 05:00:03 AM
FA0000263,REI,"1338 SAN PABLO AVE
BERKELEY, CA
(37.879558, -122.295579)",05/16/2014,0,0,0,0,0,0,0,0,0,0,05/16/2016 05:00:02 AM
FA0000048,LITTLE PLEARN THAI KITCHEN,"2283 SHATTUCK AVE
BERKELEY, CA
(37.867946, -122.267753)",08/11/2015,0,0,0,0,0,0,0,0,0,0,05/16/2016 05:00:02 AM
FA0001635,JULIE'S CAFE,"2562 BANCROFT AVE
BERKELEY, CA
(37.868891, -122.257764)",03/07/2016,0,0,0,0,0,0,0,0,0,0,05/16/2016 05:00:03 AM
FA0001648,CONGREGATION BETH EL,"1301 OXFORD ST
BERKELEY, CA
(37.88435, -122.267544)",,0,0,0,0,0,0,0,0,0,0,05/16/2016 05:00:03 AM
FA0000442,900 GRAYSON,"900 GRAYSON ST
BERKELEY, CA
(37.855317, -122.292357)",02/25/2015,0,0,0,0,0,0,0,0,0,0,05/16/2016 05:00:02 AM
FA0001051,BERKELEY BOWL WEST #4-MEAT MKT,"920 HEINZ AVE
BERKELEY, CA
(37.853824, -122.290222)",06/02/2014,0,0,0,0,0,0,0,0,0,0,05/16/2016 05:00:03 AM
FA0001563,CEDAR MARKET 1615/1099,"1601 CALIFORNIA ST
BERKELEY, CA
(37.876834, -122.280477)",02/26/2016,0,0,0,0,0,0,0,0,0,0,05/16/2016 05:00:03 AM
FA0001342,PACIFIC COOKIE COMPANY,"2309 TELEGRAPH AVE
BERKELEY, CA
(37.868564, -122.259156)",10/16/2015,0,0,0,0,0,0,0,0,0,0,05/16/2016 05:00:03 AM
FA0001600,SPATS,"1974 SHATTUCK AVE
BERKELEY, CA
(37.872645, -122.268453)",02/05/2016,0,0,0,0,0,0,0,0,0,0,05/16/2016 05:00:03 AM
FA0000500,MCGEE AVE BAPTIST CHURCH,"1640 STUART ST
BERKELEY, CA
(37.857452, -122.275604)",05/06/2015,0,0,0,0,0,0,0,0,0,0,05/16/2016 05:00:02 AM
FA0001356,A.G. FERRARI FOODS,"2905 COLLEGE AVE
BERKELEY, CA
(37.858166, -122.25316)",01/05/2015,0,0,0,0,0,0,0,0,0,0,05/16/2016 05:00:03 AM
FA0000522,YOGURT PARK INC.,"2433 DURANT AVE
BERKELEY, CA
(37.867712, -122.259777)",07/29/2015,0,0,0,0,0,0,0,0,0,0,05/16/2016 05:00:02 AM
FA0001399,STANDARD FARE,"2701 8TH ST
BERKELEY, CA
(37.856884, -122.291822)",06/10/2015,0,0,0,0,0,0,0,0,0,0,05/16/2016 05:00:03 AM
FA0000383,ETHIOPIA RESTAURANT,"2955 TELEGRAPH AVE
BERKELEY, CA
(37.856762, -122.259551)",03/30/2015,0,0,0,0,0,0,0,0,0,0,05/16/2016 05:00:02 AM
FA0000247,LA BEDAINE,"1585 SOLANO AVE
BERKELEY, CA
(37.891066, -122.284863)",01/29/2016,0,0,0,0,0,0,0,0,0,0,05/16/2016 05:00:02 AM
FA0000249,LITTLE HUNAN,"124 125 BERKELEY SQ
BERKELEY, CA
(37.871017, -122.26772)",10/27/2015,1,0,0,0,0,0,0,0,0,0,05/16/2016 05:00:02 AM
FA0000553,TOP DOG,"2503 HEARST AVE
BERKELEY, CA
(37.87506, -122.260313)",08/24/2015,0,0,0,0,0,0,0,0,0,0,05/16/2016 05:00:02 AM
FA0000996,MINT LEAF VIETNAMESE RESTAURANT,"2865 7TH ST
BERKELEY, CA
(37.853301, -122.291839)",04/23/2014,0,0,0,0,0,0,0,0,0,0,05/16/2016 05:00:03 AM
FA0001011,T C GARDEN,"2507 HEARST AVE
BERKELEY, CA
(37.875084, -122.26014)",09/28/2015,0,0,0,0,0,0,0,0,0,0,05/16/2016 05:00:03 AM
FA0001190,T-REX BBQ,"1300 TENTH ST
BERKELEY, CA
(37.879996, -122.296893)",01/25/2016,0,0,0,0,0,0,0,0,0,0,05/16/2016 05:00:03 AM
FA0000233,ROXIE FOOD CENTER  1099/1642,"2999 SHATTUCK AVE
BERKELEY, CA
(37.855504, -122.266527)",11/05/2015,0,0,0,0,0,0,0,0,0,0,05/16/2016 05:00:02 AM
FA0000572,CAFE ROUGE,"1782 4TH ST
BERKELEY, CA
(37.870334, -122.300763)",02/19/2015,0,0,0,0,0,0,0,0,0,0,05/16/2016 05:00:02 AM
FA0000949,BACHEESO,"2650 TELEGRAPH AVE
BERKELEY, CA
(37.861565, -122.258977)",02/04/2016,0,0,0,0,0,0,0,0,0,0,05/16/2016 05:00:03 AM
FA0001555,SUBWAY #50177,"2509 HEARST AVE
BERKELEY, CA
(37.875135, -122.259764)",10/02/2015,0,0,0,0,0,0,0,0,0,0,05/16/2016 05:00:03 AM
FA0000576,CAFE 64,"800 DWIGHT WY
BERKELEY, CA
(37.859888, -122.295585)",08/26/2015,0,0,0,0,0,0,0,0,0,0,05/16/2016 05:00:02 AM
FA0000693,K'S COFFEE HOUSE,"2002 CENTER ST
BERKELEY, CA
(37.86998, -122.270507)",11/25/2014,0,0,0,0,0,0,0,0,0,0,05/16/2016 05:00:02 AM
FA0000414,JERUSALEM ORGANIC KITCHEN,"1897 SOLANO AVE
BERKELEY, CA
(37.891461, -122.277146)",11/18/2015,0,0,0,0,0,0,0,0,0,0,05/16/2016 05:00:02 AM
FA0000144,CHEZ PANNISSE,"1517 SHATTUCK AVE
BERKELEY, CA
(37.879574, -122.269157)",10/23/2015,0,1,0,0,0,0,0,1,0,0,05/16/2016 05:00:02 AM
FA0000682,TIGER LILY,"1513 SHATTUCK AVE
BERKELEY, CA
(37.879741, -122.269177)",12/17/2015,0,0,0,0,0,0,0,0,0,0,05/16/2016 05:00:02 AM
FA0001292,NOMAD TIBETAN RESTAURANT,"1593 SOLANO AVE
BERKELEY, CA
(37.891075, -122.284701)",03/10/2016,0,0,0,0,0,0,0,0,0,0,05/16/2016 05:00:03 AM
FA0000200,SUMMER KITCHEN,"2944 COLLEGE AVE
BERKELEY, CA
(37.857294, -122.253077)",02/23/2015,0,0,0,0,0,0,0,0,0,0,05/16/2016 05:00:02 AM
FA0001225,STELLA NONA INC.,"1407 SAN PABLO AVE
BERKELEY, CA
(37.87836, -122.295063)",11/25/2014,0,0,0,0,0,0,0,0,0,0,05/16/2016 05:00:03 AM
FA0000527,THAI BASIL CUISINE OF THAILAND,"2519-F DURANT AVE
BERKELEY, CA
(37.867935, -122.258021)",03/26/2015,0,1,0,0,0,0,0,0,0,0,05/16/2016 05:00:02 AM
FA0000059,ARINEL PIZZA,"2109 SHATTUCK AVE
BERKELEY, CA
(37.871022, -122.26772)",03/25/2015,0,0,0,0,0,0,0,0,0,0,05/16/2016 05:00:02 AM
FA0000024,M AND H MARKET,"3198 ADELINE ST
BERKELEY, CA
(37.850578, -122.270832)",04/30/2015,0,0,0,0,0,0,0,0,0,0,05/16/2016 05:00:02 AM
FA0000678,KINGPIN DONUTS,"2521 DURANT AVE
BERKELEY, CA
(37.867947, -122.257926)",02/04/2014,0,0,0,0,0,0,0,0,0,0,05/16/2016 05:00:02 AM
FA0000179,BERKELEY BAGELS CORP.,"1281 GILMAN ST
BERKELEY, CA
(37.881533, -122.290395)",09/29/2015,0,0,0,0,0,0,0,1,0,0,05/16/2016 05:00:02 AM
FA0000912,TORINO BAKING,"2316 HASTE ST
BERKELEY, CA
(37.865493, -122.262816)",08/20/2015,0,0,0,0,0,0,0,0,0,0,05/16/2016 05:00:03 AM
FA0000120,TASTE OF THE HIMALAYAS,"1700 SHATTUCK AVE
BERKELEY, CA
(37.876307, -122.268923)",02/24/2016,0,1,0,0,0,0,0,0,0,0,05/16/2016 05:00:02 AM
FA0000688,KORYO BBQ,"2556 TELEGRAPH AVE
BERKELEY, CA
(37.863888, -122.258655)",06/09/2015,0,0,0,0,0,0,0,0,0,0,05/16/2016 05:00:02 AM
FA0000589,KHANA PEENA,"1889 SOLANO AVE
BERKELEY, CA
(37.891466, -122.277545)",10/16/2015,0,1,0,0,0,0,0,0,0,0,05/16/2016 05:00:02 AM
FA0001226,NEXT DOOR RESTAURANT,"3290 ADELINE ST
BERKELEY, CA
(37.848871, -122.27147)",06/04/2015,0,0,0,0,0,0,0,0,0,0,05/16/2016 05:00:03 AM
FA0000284,HIMALAYAN FLAVORS,"1585 UNIVERSITY AVE
BERKELEY, CA
(37.870706, -122.28009)",10/05/2015,0,1,0,0,0,0,0,1,0,0,05/16/2016 05:00:02 AM
FA0000876,J-SEI,"1710 CARLETON ST
BERKELEY, CA
(37.860187, -122.275749)",05/01/2015,0,0,0,0,0,0,0,0,0,0,05/16/2016 05:00:03 AM
FA0000269,BANGKOK THAI CUISINE,"1459 UNIVERSITY AVE
BERKELEY, CA
(37.870271, -122.283447)",03/10/2016,0,0,0,0,0,0,0,0,0,0,05/16/2016 05:00:02 AM
FA0000301,SAN FRANCISCO SOUP CO.,"2512 BANCROFT WY
BERKELEY, CA
(37.868774, -122.258713)",12/16/2015,0,0,0,0,0,0,0,0,0,0,05/16/2016 05:00:02 AM
FA0000106,SPENGER'S,"1919 FOURTH ST
BERKELEY, CA
(37.868135, -122.300058)",01/14/2015,0,0,0,0,0,0,0,0,0,0,05/16/2016 05:00:02 AM
FA0000465,HARRISON HOUSE,"711 HARRISON ST
BERKELEY, CA
(37.880592, -122.304761)",09/14/2015,0,0,0,0,0,0,0,0,0,0,05/16/2016 05:00:02 AM
FA0001623,UDUPI PALACE,"1903 UNIVERSITY AVE
BERKELEY, CA
(37.871616, -122.272924)",,0,0,0,0,0,0,0,0,0,0,05/16/2016 05:00:03 AM
FA0000315,BLONDIE'S,"2340 TELEGRAPH AVE
BERKELEY, CA
(37.868001, -122.259034)",01/08/2014,1,0,0,0,0,0,0,0,0,0,05/16/2016 05:00:02 AM
FA0000040,CAFE PLATANO PARTNERSHIP,"2042 UNIVERSITY AVE
BERKELEY, CA
(37.871928, -122.269729)",10/28/2015,0,1,0,0,0,0,0,1,0,0,05/16/2016 05:00:02 AM
FA0000433,LA VAL'S PIZZA,"1834 40 EUCLID AVE
BERKELEY, CA
(37.875525, -122.26023)",12/07/2015,0,0,0,0,0,0,0,0,0,0,05/16/2016 05:00:02 AM
FA0000142,CHA AM,"1543 SHATTUCK AVE
BERKELEY, CA
(37.878643, -122.269049)",02/10/2016,0,1,0,0,0,0,0,0,0,0,05/16/2016 05:00:02 AM
FA0000584,JIGAR,"2134 OXFORD ST
BERKELEY, CA
(37.870417, -122.265937)",10/28/2015,1,0,0,0,0,0,0,1,0,0,05/16/2016 05:00:02 AM
FA0001585,BREAKTHROUGH SUSHI,"2428 SHATTUCK AVE
BERKELEY, CA
(37.865198, -122.267579)",12/16/2015,0,0,0,0,0,0,0,0,0,0,05/16/2016 05:00:03 AM
FA0001191,PIZZA MODA,"1401 UNIVERSITY AVE
BERKELEY, CA
(37.87021, -122.283926)",02/18/2015,0,0,0,0,0,0,0,0,0,0,05/16/2016 05:00:03 AM
FA0001619,TELEGRAPH & DURANT,"2517 DURANT AVE
BERKELEY, CA
(37.8679, -122.258301)",02/09/2016,0,0,0,0,0,0,0,0,0,0,05/16/2016 05:00:03 AM
FA0000680,BEAR'S RAMEN HOUSE,"2521-D DURANT AVE
BERKELEY, CA
(37.867947, -122.257926)",06/24/2015,0,0,0,0,0,0,0,0,0,0,05/16/2016 05:00:02 AM
FA0000198,GORDO TAQUERIA,"2989 COLLEGE AVE
BERKELEY, CA
(37.856411, -122.252987)",07/29/2015,0,0,0,0,0,0,0,0,0,0,05/16/2016 05:00:02 AM
FA0001050,BERKELEY BOWL WEST #3-SEAFOOD,"920 HEINZ AVE
BERKELEY, CA
(37.853824, -122.290222)",08/27/2015,0,0,0,0,0,0,0,0,0,0,05/16/2016 05:00:03 AM
FA0000841,ECOLOGY CENTER CERTIFIED,"2530 SAN PABLO AVE
BERKELEY, CA
(37.860104, -122.289321)",02/23/2016,0,0,0,0,0,0,0,0,0,0,05/16/2016 05:00:03 AM
FA0000644,EPHESIAN CHILD CENTER,"1907 HARMON ST
BERKELEY, CA
(37.84982, -122.269515)",08/28/2015,0,0,0,0,0,0,0,0,0,0,05/16/2016 05:00:02 AM
FA0001360,24 HOUR FITNESS #704,"1775 SOLANO AVE
BERKELEY, CA
(37.891296, -122.28069)",08/21/2015,0,0,0,0,0,0,0,0,0,0,05/16/2016 05:00:03 AM
FA0001255,MENCHIE'S,"1862 EUCLID AVE
BERKELEY, CA
(37.875424, -122.260209)",11/30/2015,0,0,0,0,0,0,0,0,0,0,05/16/2016 05:00:03 AM
FA0001040,BERKELEY BOWL MARKET PLACE,"2020 OREGON ST
BERKELEY, CA
(37.857549, -122.26746)",12/16/2015,0,0,0,0,0,0,0,0,0,0,05/16/2016 05:00:03 AM
FA0000195,KING YEN,"2995 COLLEGE AVE
BERKELEY, CA
(37.856239, -122.252969)",09/29/2015,0,0,0,0,0,0,0,0,0,0,05/16/2016 05:00:02 AM
FA0000457,BIOFUEL OASIS COOPERATIVE,"1441 ASHBY AVE
BERKELEY, CA
(37.853268, -122.279289)",07/02/2015,0,0,0,0,0,0,0,0,0,0,05/16/2016 05:00:02 AM
FA0001219,SALKHI PETROLEUM INC.,"2996 TELEGRAPH AVE
BERKELEY, CA
(37.856326, -122.259709)",04/23/2015,0,0,0,0,0,0,0,0,0,0,05/16/2016 05:00:03 AM
FA0000090,7-ELEVEN/1501UNIV  1099/1615,"1501 UNIVERSITY AVE
BERKELEY, CA
(37.870513, -122.281552)",03/07/2016,0,0,0,0,0,0,0,1,0,0,05/16/2016 05:00:02 AM
FA0001434,CINNAHOLIC,"2132 OXFORD ST
BERKELEY, CA
(37.870375, -122.265932)",03/12/2015,0,0,0,0,0,0,0,0,0,0,05/16/2016 05:00:03 AM
FA0000054,PANINI,"2115 ALLSTON WY
BERKELEY, CA
(37.869499, -122.267222)",08/26/2015,0,0,0,0,0,0,0,1,0,0,05/16/2016 05:00:02 AM
FA0000637,NORDIC HOUSE,"2709 SAN PABLO AVE
BERKELEY, CA
(37.857181, -122.28824)",04/17/2015,0,0,0,0,0,0,0,0,0,0,05/16/2016 05:00:02 AM
FA0001471,KAZE,"1956 SHATTUCK AVE
BERKELEY, CA
(37.872771, -122.268466)",03/18/2016,0,1,0,0,0,0,0,0,0,0,05/16/2016 05:00:03 AM
FA0001614,BRITTANY CREPES,"913 UNIVERSITY AVE
BERKELEY, CA
(37.868371, -122.29609)",03/18/2016,0,0,0,0,0,0,0,0,0,0,05/16/2016 05:00:03 AM
FA0000452,UNCOMMON CAFE,"2817 7TH ST
BERKELEY, CA
(37.854531, -122.292241)",09/11/2015,0,0,0,0,0,0,0,0,0,0,05/16/2016 05:00:02 AM
FA0001517,BERKELEY PUBLIC,"2518-C DURANT AVE
BERKELEY, CA
(37.867905, -122.258265)",02/08/2016,0,0,0,0,0,0,0,0,0,0,05/16/2016 05:00:03 AM
FA0001107,ASHA TEA HOUSE,"2086 UNIVERSITY AVE
BERKELEY, CA
(37.87208, -122.268601)",09/10/2015,0,0,0,0,0,0,0,0,0,0,05/16/2016 05:00:03 AM
FA0001620,LAPPERTS ICE CREAM,"2401 TELEGRAPH AVE
BERKELEY, CA
(37.866919, -122.258812)",,0,0,0,0,0,0,0,0,0,0,05/16/2016 05:00:03 AM
FA0000119,VIRGINIA BAKERY,"1690 SHATTUCK AVE
BERKELEY, CA
(37.876838, -122.268984)",01/28/2016,0,0,0,0,0,0,0,1,0,0,05/16/2016 05:00:02 AM
FA0000400,PIC 'N PAC LIQUORS,"1296 SAN PABLO AVE
BERKELEY, CA
(37.851095, -122.283297)",08/25/2015,0,0,0,0,0,0,0,0,0,0,05/16/2016 05:00:02 AM
FA0001582,MOUNTAIN MIKE'S PIZZA,"1610 SAN PABLO AVE
BERKELEY, CA
(37.874943, -122.294097)",12/28/2015,0,0,0,0,0,0,0,0,0,0,05/16/2016 05:00:03 AM
FA0000487,THE BOOT STRAPPER,"2836 SACRAMENTO ST
BERKELEY, CA
(37.856153, -122.27971)",03/27/2015,0,0,0,0,0,0,0,0,0,0,05/16/2016 05:00:02 AM
FA0000271,THE HOMEMADE CAFE,"2454 SACRAMENTO ST
BERKELEY, CA
(37.86297, -122.281294)",02/23/2016,0,0,0,0,0,0,0,0,0,0,05/16/2016 05:00:02 AM
FA0000534,AKI'S RESTAURANT,"2505-C HEARST AVE
BERKELEY, CA
(37.875072, -122.260226)",01/21/2016,0,0,0,0,0,0,0,0,0,0,05/16/2016 05:00:02 AM
FA0000290,NICK'S LOUNGE,"3218 ADELINE ST
BERKELEY, CA
(37.850299, -122.270926)",05/20/2015,0,0,0,0,0,0,0,0,0,0,05/16/2016 05:00:02 AM
FA0001019,"THE LOCAL BUTCHER SHOP, LLC","1600 SHATTUCK AVE
BERKELEY, CA
(37.878112, -122.269114)",12/07/2015,0,1,0,0,0,0,0,0,0,0,05/16/2016 05:00:03 AM
FA0000419,"THE CHEESE BOARD, INC.","1504 SHATTUCK AVE
BERKELEY, CA
(37.880147, -122.26935)",01/13/2016,0,0,0,0,0,0,0,0,0,0,05/16/2016 05:00:02 AM
FA0000174,CHEVRON #306143  1099/1615,"1399 SAN PABLO AVE
BERKELEY, CA
(37.878926, -122.295247)",05/29/2015,0,0,0,0,0,0,0,0,0,0,05/16/2016 05:00:02 AM
FA0001574,85C BAKERY CAFE,"21 SHATTUCK SQ
BERKELEY, CA
(37.871976, -122.267811)",11/24/2015,0,0,0,0,0,0,0,0,0,0,05/16/2016 05:00:03 AM
FA0001370,CASA LATINA BAKERY,"1805 SAN PABLO AVE
BERKELEY, CA
(37.871635, -122.29288)",12/09/2015,0,0,0,0,0,0,0,0,0,0,05/16/2016 05:00:03 AM
FA0000052,STARBUCKS COFFEE #9217,"2128 OXFORD ST
BERKELEY, CA
(37.870442, -122.26594)",03/12/2015,0,0,0,0,0,0,0,0,0,0,05/16/2016 05:00:02 AM
FA0001024,SMOKE BERKELEY,"2434 SAN PABLO AVE
BERKELEY, CA
(37.862197, -122.289992)",03/03/2016,0,0,0,0,0,0,0,0,0,0,05/16/2016 05:00:03 AM
FA0001340,ARTIS COFFEE ROASTERS,"1717 4TH ST
BERKELEY, CA
(37.871086, -122.301002)",06/09/2014,0,0,0,0,0,0,0,0,0,0,05/16/2016 05:00:03 AM
FA0000421,THE JUICE BAR COLLECTIVE,"2114 VINE ST
BERKELEY, CA
(37.880307, -122.26872)",01/20/2016,0,0,0,0,0,0,0,0,0,0,05/16/2016 05:00:02 AM
FA0001584,ONE GOOD CHOICE,"2428 SHATTUCK AVE
BERKELEY, CA
(37.865198, -122.267579)",12/17/2015,0,0,0,0,0,0,0,0,0,0,05/16/2016 05:00:03 AM
FA0001645,HIMALAYAN TANDOORI & CURRY,"1645 SOLANO AVE
BERKELEY, CA
(37.891148, -122.283385)",,0,0,0,0,0,0,0,0,0,0,05/16/2016 05:00:03 AM
FA0000472,TIP TOP LIQUORS & DELI  1099/1615,"3012 SAN PABLO AVE
BERKELEY, CA
(37.85168, -122.286595)",07/22/2015,0,0,0,0,0,0,0,0,0,0,05/16/2016 05:00:02 AM
FA0000558,JAMES KENNEY REC CTR SNACK BAR,"1720 EIGHTH ST
BERKELEY, CA
(37.87198, -122.296695)",05/20/2014,0,0,0,0,0,0,0,0,0,0,05/16/2016 05:00:02 AM
FA0001213,THE BLEEKER BISTRO,"2498 TELEGRAPH AVE
BERKELEY, CA
(37.865121, -122.258455)",10/14/2015,1,0,0,0,0,0,0,0,0,0,05/16/2016 05:00:03 AM
FA0001453,HANDLE BAR,"982 984 UNIVERSITY AVE
BERKELEY, CA
(37.868529, -122.294699)",07/23/2015,0,0,0,0,0,0,0,0,0,0,05/16/2016 05:00:03 AM
FA0001057,ALTA BATES MEDICAL CTR FOOD SERV,"2450 ASHBY AVE
BERKELEY, CA
(37.856488, -122.257329)",05/28/2015,0,0,0,0,0,0,0,0,0,0,05/16/2016 05:00:03 AM
FA0000646,MO'JOE CAFE,"2517 SACRAMENTO ST
BERKELEY, CA
(37.861539, -122.28079)",08/13/2015,0,0,0,0,0,0,0,0,0,0,05/16/2016 05:00:02 AM
FA0000222,RIVOLI RESTAURANT,"1539 SOLANO AVE
BERKELEY, CA
(37.890984, -122.286311)",01/21/2016,0,0,0,0,0,0,0,0,0,0,05/16/2016 05:00:02 AM
FA0000672,IMPERIAL TEA COURT,"1511-F SHATTUCK AVE
BERKELEY, CA
(37.879781, -122.269181)",11/02/2015,0,0,0,0,0,0,0,1,0,0,05/16/2016 05:00:02 AM
FA0001529,DOT ISLAND GRILL,"2431-A DURANT AVE
BERKELEY, CA
(37.86769, -122.259939)",07/06/2015,0,1,0,0,0,0,0,1,0,0,05/16/2016 05:00:03 AM
FA0000665,NINA'S CAFE,"2703 SEVENTH ST
BERKELEY, CA
(37.856469, -122.292868)",09/17/2015,0,0,0,0,0,0,0,0,0,0,05/16/2016 05:00:02 AM
FA0000012,MI RANCHITO BAYSIDE MARKET,"2032 SAN PABLO AVE
BERKELEY, CA
(37.868592, -122.292058)",05/09/2014,0,0,0,0,0,0,0,0,0,0,05/16/2016 05:00:02 AM
FA0000076,TURKISH KITCHEN INC.,"1984 SHATTUCK AVE
BERKELEY, CA
(37.872493, -122.268438)",01/28/2016,0,1,0,0,0,0,0,1,0,0,05/16/2016 05:00:02 AM
FA0000380,ICI ICE CREAM,"2948 COLLEGE AVE
BERKELEY, CA
(37.857397, -122.253087)",09/18/2015,0,0,0,0,0,0,0,0,0,0,05/16/2016 05:00:02 AM
FA0000005,MILAN  1099/1617,"990 UNIVERSITY AVE
BERKELEY, CA
(37.868561, -122.29454)",12/04/2013,0,0,0,0,0,0,0,0,0,0,05/16/2016 05:00:02 AM
FA0000896,STAR MEATS LLC,"3068 CLAREMONT AVE
BERKELEY, CA
(37.854643, -122.248068)",11/10/2015,0,0,0,0,0,0,0,0,0,0,05/16/2016 05:00:03 AM
FA0000785,VENUS RESTAURANT,"2327 SHATTUCK AVE
BERKELEY, CA
(37.867064, -122.267656)",09/30/2015,0,1,0,0,0,0,0,1,0,0,05/16/2016 05:00:02 AM
FA0000531,CHEESE 'N STUFF,"2442 DURANT AVE
BERKELEY, CA
(37.867643, -122.260295)",02/03/2014,0,0,0,0,0,0,0,0,0,0,05/16/2016 05:00:02 AM
FA0000769,KIP'S,"2439 DURANT AVE
BERKELEY, CA
(37.867745, -122.259528)",10/02/2015,0,0,0,0,0,0,0,0,0,0,05/16/2016 05:00:02 AM
FA0000790,DOLLAR TREE #3454,"2440 SHATTUCK AVE
BERKELEY, CA
(37.865042, -122.267562)",11/06/2015,0,0,0,0,0,0,0,0,0,0,05/16/2016 05:00:02 AM
FA0000677,MANDARIN HOUSE RESTAURANT,"2519-D DURANT AVE
BERKELEY, CA
(37.867935, -122.258021)",02/04/2016,0,0,0,0,0,0,0,0,0,0,05/16/2016 05:00:02 AM
FA0000189,MONTEREY FISH MARKET,"1582 HOPKINS ST
BERKELEY, CA
(37.881868, -122.281567)",10/15/2015,0,0,0,0,0,0,0,0,0,0,05/16/2016 05:00:02 AM
FA0000612,EDIBLE ARRANGEMENTS,"3079 TELEGRAPH AVE
BERKELEY, CA
(37.854387, -122.259886)",03/10/2016,0,0,0,0,0,0,0,0,0,0,05/16/2016 05:00:02 AM
FA0000544,SHATTUCK MARKET,"2441 SHATTUCK AVE
BERKELEY, CA
(37.865326, -122.267454)",08/11/2015,0,0,0,0,0,0,0,0,0,0,05/16/2016 05:00:02 AM
FA0000704,IPPUKU,"2130 CENTER ST
BERKELEY, CA
(37.870437, -122.267125)",02/09/2016,0,0,0,0,0,0,0,0,0,0,05/16/2016 05:00:02 AM