business_id,code,critical,date,description

226957,,false,20151027,"Food Contact Surfaces"

226957,,false,20151027,"Holding Temperatures"

226957,,false,20151027,"Hot and Cold Water"

226957,,false,20151027,"Nonfood Contact Surfaces Clean"

226957,,false,20151027,Vermin

226957,,false,20151027,"Warewashing Facilities Maintained"

226957,,false,20150113,"Proper Handwashing Facilities"

472190,,false,20151102,"Equipment, Utensils, Linens Storage and Use"

472190,,false,20141217,"Proper Handwashing Facilities"

472190,,false,20141217,"Wiping Cloths"

472190,,false,20140618,"Grade Card, Last Inspection Report, Permit Available, Written Procedures"

472190,,false,20140618,Plumbing

376479,,false,20160318,"Food Safety Certification"

412688,,true,20130819,Permit

412688,,false,20150905,"Hot and Cold Water"

412688,,false,20140828,"Hot and Cold Water"

250966,,false,20150203,"Food Handler Training"

250966,,false,20150122,"Food Handler Training"

250966,,false,20150122,"Wiping Cloths"

250966,,false,20160309,"Food Labeling"

250966,,true,20160217,Permit

223809,,false,20140604,"Grade Card, Last Inspection Report, Permit Available, Written Procedures"

223809,,false,20130625,"Food Labeling"

223809,,false,20130625,"Grade Card, Last Inspection Report, Permit Available, Written Procedures"

223809,,false,20130625,"Holding Temperatures"

223809,,false,20160113,"Commissary/Mobile Support Unit"

223809,,false,20160113,"Equipment, Utensils, Linens Storage and Use"

223809,,false,20160113,"Hot and Cold Water"

223809,,false,20160113,"Proper Handwashing Facilities"

227727,,false,20140429,Identification

226925,,false,20150106,"Equipment, Utensils, Linens Storage and Use"

226925,,false,20140325,"Equipment, Utensils, Linens Storage and Use"

226925,,false,20140325,"Food Handler Training"

226925,,false,20140325,"Proper Eating, Tasting, Drinking, or Tobacco Use"

226925,,false,20160119,"Grade Card, Last Inspection Report, Permit Available, Written Procedures"

140712,,false,20150128,"Food Labeling"

140712,,false,20150128,"Wiping Cloths"

140712,,false,20140206,"Holding Temperatures"

140712,,false,20140206,Thermometers

140712,,false,20130429,"Warewashing Facilities Maintained"

140712,,false,20160113,"Equipment, Utensils, Linens Storage and Use"

140712,,false,20160113,"Food Labeling"

140712,,false,20160113,"Grade Card, Last Inspection Report, Permit Available, Written Procedures"

140712,,false,20160113,"Wiping Cloths"

138819,,true,20151223,"Hot and Cold Water"

138819,,false,20151223,"Proper Handwashing Facilities"

138819,,false,20151223,"Storage of Toxic Substances"

138819,,false,20151223,"Warewashing Facilities Maintained"

138819,,false,20150203,"Equipment, Utensils, Linens Storage and Use"

138819,,false,20141124,"Equipment, Utensils, Linens Storage and Use"

138819,,false,20141124,"Hot and Cold Water"

138819,,false,20141124,"Proper Handwashing Facilities"

138819,,false,20141124,"Warewashing Facilities Maintained"

138819,,false,20160113,"Floors, Walls, and Ceilings"

581754,,false,20141217,"Equipment, Utensils, Linens Storage and Use"

581754,,false,20141217,"Grade Card, Last Inspection Report, Permit Available, Written Procedures"

574758,,false,20150715,"Equipment, Utensils, Linens Storage and Use"

574758,,false,20150715,"Food Separated and Protected"

574758,,false,20150715,"Holding Temperatures"

574758,,false,20150715,"Proper Handwashing Facilities"

574758,,false,20150715,"Sewage Disposal"

574758,,false,20150112,"Equipment, Utensils, Linens Storage and Use"

574758,,false,20150112,"Floors, Walls, and Ceilings"

574758,,false,20150112,"Hot and Cold Water"

574758,,false,20150112,"Ventilation and Lighting"

366573,,false,20150603,"Equipment, Utensils, Linens Storage and Use"

417568,,false,20150108,"Equipment, Utensils, Linens Storage and Use"

417568,,false,20150108,"Holding Temperatures"

417568,,false,20141203,"Holding Temperatures"

417568,,false,20140411,"Proper Handwashing Facilities"

417568,,false,20140411,"Wiping Cloths"

417568,,false,20160108,"Equipment, Utensils, Linens Storage and Use"

417568,,false,20160108,"Holding Temperatures"

358594,,false,20141113,"Floors, Walls, and Ceilings"

358594,,false,20141113,"Hot and Cold Water"

358594,,false,20160414,"Hot and Cold Water"

358594,,false,20160414,"Storage of Toxic Substances"

460018,,false,20151204,"Toilet Facilities"

460018,,false,20131230,"Food Labeling"

597113,,false,20140224,"Equipment and Utensil Storage, Use"

597113,,false,20140224,"Food Handler Training"

138807,,true,20150421,Permit

138807,,false,20151231,"Equipment and Utensil Storage, Use"

138807,,false,20151231,"Food Handler Training"

138807,,false,20160125,"Food Handler Training"

138807,,true,20160414,Permit

562319,,true,20141014,"Holding Temps"

562319,,false,20141014,"Approved Equipment and Utensils"

562319,,false,20141014,"Food Contact Surfaces"

562319,,false,20141014,"Premises, Vermin-proofing, Personal/Cleaning Items"

562319,,false,20141014,Plumbing

562319,,false,20141014,Thermometers

458850,,false,20151021,"Holding Temperatures"

304894,,false,20150424,"Hot and Cold Water"

304894,,false,20141014,"Approved Equipment and Utensils"

304894,,false,20141014,"Holding Temperatures"

304894,,false,20141014,Thermometers

304894,,false,20160502,"Hot and Cold Water"

304894,,false,20160502,"Holding Temperatures"

344581,,true,20130705,Permit

452549,,false,20141201,"Hot and Cold Water"

452549,,false,20131218,"Hot and Cold Water"

337497,,false,20151211,"Approved Equipment and Utensils"

337497,,false,20151211,"Grade Card, Last Inspection Report, Permit Available"

337497,,false,20151211,"Proper Handwashing Facilities"

337497,,false,20151211,"Ventilation and Lighting"

104405,,true,20150402,Permit

104405,,true,20160217,Permit

377064,,false,20151120,"Hot and Cold Water"

377064,,false,20151120,"Proper Handwashing Facilities"

377064,,false,20151120,"Toilet Facilities"

377064,,false,20140620,"Hot and Cold Water"

377064,,false,20130321,"Hot and Cold Water"

377064,,false,20130321,"Proper Handwashing Facilities"

526036,,false,20141209,"Premises, Vermin-proofing, Personal/Cleaning Items"

526036,,false,20131203,"Storage of Toxic Substances"

283390,,false,20150923,"Food Contact Surfaces"

283390,,false,20150923,"Premises, Vermin-proofing, Personal/Cleaning Items"

283390,,false,20150923,"Ventilation and Lighting"

283390,,false,20150923,Vermin

283390,,false,20150127,"Food Contact Surfaces"

283390,,false,20150127,"Proper Handwashing Facilities"

283390,,false,20150127,"Warewashing Facilities Maintained"

283390,,false,20140620,"Approved Equipment and Utensils"

283390,,false,20140620,"Proper Handwashing Facilities"

283390,,false,20140620,"Warewashing Facilities Maintained"

438175,,false,20150925,"Proper Handwashing Facilities"

438175,,false,20150226,"Holding Temperatures"

438175,,false,20150226,Plumbing

438175,,false,20150226,Thermometers

438175,,false,20140611,"Approved Equipment and Utensils"

438175,,false,20140611,"Approved Procedures"

438175,,false,20140611,"Food Labeling"

438175,,false,20140611,"Proper Handwashing Facilities"

438175,,false,20140611,"Warewashing Facilities Maintained"

343972,,true,20140416,"Hot and Cold Water"

343972,,false,20150626,"Food Handler Training"

343972,,false,20150626,"Grade Card, Last Inspection Report, Permit Available"

343972,,false,20150626,"Holding Temperatures"

343972,,false,20150626,"Proper Handwashing Facilities"

343972,,false,20150626,"Premises, Vermin-proofing, Personal/Cleaning Items"

343972,,false,20150626,Thermometers

343972,,false,20150626,"Warewashing Facilities Maintained"

343972,,false,20141229,"Approved Equipment and Utensils"

343972,,false,20141229,"Food Contact Surfaces"

343972,,false,20141229,"Grade Card, Last Inspection Report, Permit Available"

343972,,false,20141229,"Hot and Cold Water"

343972,,false,20141229,"Proper Handwashing Facilities"

343972,,false,20141229,"Wiping Cloths"

343972,,false,20160425,"Equipment and Utensil Storage, Use"

343972,,false,20160425,"Food Safety Certification"

343972,,false,20160425,"Holding Temperatures"

343972,,false,20160425,"Hot and Cold Water"

343972,,false,20160425,"Nonfood Contact Surfaces Clean"

343972,,false,20160425,"Premises, Vermin-proofing, Personal/Cleaning Items"

343972,,false,20160425,"Toilet Facilities"

462338,,false,20151211,"Equipment and Utensil Storage, Use"

462338,,false,20151211,"Grade Card, Last Inspection Report, Permit Available"

462338,,false,20151211,"Hot and Cold Water"

462338,,false,20151211,"Proper Handwashing Facilities"

462338,,false,20141205,"Grade Card, Last Inspection Report, Permit Available"

462338,,false,20141205,"Hot and Cold Water"

462338,,false,20141205,"Premises, Vermin-proofing, Personal/Cleaning Items"

462338,,false,20131105,"Food Storage"

462338,,false,20131105,"Proper Handwashing Facilities"

488692,,false,20150826,"Ventilation and Lighting"

223292,,false,20151202,"Food Storage"

223292,,false,20151202,"Hot and Cold Water"

223292,,false,20151202,"Proper Handwashing Facilities"

223292,,false,20151202,"Toilet Facilities"

223292,,false,20141201,"Food Storage"

223292,,false,20141201,"Hot and Cold Water"

223292,,false,20141201,"Proper Handwashing Facilities"

223292,,false,20141201,"Toilet Facilities"

223292,,false,20131122,"Food Handler Training"

318197,,true,20141223,Permit

318197,,true,20141210,Permit

591204,,false,20151211,"Food Handler Training"

591204,,false,20151211,"Warewashing Facilities Maintained"

591204,,false,20141223,"Food Handler Training"

73758,,true,20121205,"Hot and Cold Water"

482176,,false,20151023,"Food Safety Certification"

482176,,false,20151023,"Floors, Walls, and Ceilings"

482176,,false,20151023,"Food Handler Training"

482176,,false,20151023,"Nonfood Contact Surfaces Clean"

482176,,false,20151023,Vermin

482176,,true,20151022,"Hot and Cold Water"

482176,,false,20160516,"Equipment and Utensil Storage, Use"

482176,,false,20160516,"Food Handler Training"

482176,,false,20160516,"Floors, Walls, and Ceilings"

482176,,false,20160516,"Proper Handwashing Facilities"

482176,,false,20160516,Vermin

470960,,true,20130521,Handwashing

470960,,false,20150408,"Approved Equipment and Utensils"

470960,,false,20150408,"Equipment and Utensil Storage, Use"

470960,,false,20150408,"Floors, Walls, and Ceilings"

470960,,false,20150408,"Holding Temperatures"

470960,,false,20150408,"Nonfood Contact Surfaces Clean"

470960,,false,20150408,"Premises, Vermin-proofing, Personal/Cleaning Items"

470960,,false,20150408,"Wiping Cloths"

470960,,true,20140807,"Holding Temps"

470960,,false,20140807,"Floors, Walls, and Ceilings"

470960,,false,20140807,"Nonfood Contact Surfaces Clean"

470960,,false,20140807,"Wiping Cloths"

470960,,false,20140807,"Warewashing Facilities Maintained"

470960,,false,20160202,"Approved Equipment and Utensils"

470960,,false,20160202,"Food Safety Certification"

470960,,false,20160202,"Garbage and Refuse"

470960,,false,20160202,"Premises, Vermin-proofing, Personal/Cleaning Items"

500821,,false,20150212,"Warewashing Facilities Maintained"

500821,,false,20140408,"Proper Handwashing Facilities"

596144,,false,20151022,"Premises, Vermin-proofing, Personal/Cleaning Items"

596144,,false,20150225,Vermin

596144,,false,20140411,"Hot and Cold Water"

596144,,false,20140411,"Premises, Vermin-proofing, Personal/Cleaning Items"

342380,,false,20150408,"Food Contact Surfaces"

342380,,false,20150408,"Food Storage"

342380,,false,20150408,Plumbing

342380,,false,20140716,"Food Contact Surfaces"

342380,,false,20140716,"Proper Handwashing Facilities"

342380,,false,20131009,"Equipment and Utensil Storage, Use"

342380,,false,20131009,"Holding Temperatures"

342380,,false,20160419,"Equipment and Utensil Storage, Use"

342380,,false,20160419,"Floors, Walls, and Ceilings"

342380,,false,20160419,"Nonfood Contact Surfaces Clean"

342380,,false,20160419,"Proper Handwashing Facilities"

342380,,false,20160419,Plumbing

342380,,false,20160419,"Warewashing Facilities Maintained"

276675,,false,20150729,"Hot and Cold Water"

276675,,false,20141023,"Food Handler Training"

276675,,false,20141023,"Hot and Cold Water"

276675,,false,20141023,"Proper Handwashing Facilities"

276675,,false,20160427,"Food Handler Training"

276675,,false,20160427,Plumbing

589520,,true,20150324,"Hot and Cold Water"

589520,,true,20150818,"Protection From Contamination"

589520,,false,20150818,Plumbing

589520,,true,20150409,"Hot and Cold Water"

92467,,true,20130724,"Protection From Contamination"

92467,,false,20151204,"Floors, Walls, and Ceilings"

92467,,false,20151204,"Food Storage"

92467,,false,20151204,"Nonfood Contact Surfaces Clean"

92467,,false,20151204,"Premises, Vermin-proofing, Personal/Cleaning Items"

92467,,false,20151204,"Proper Handwashing Facilities"

92467,,false,20151204,Thermometers

92467,,false,20150213,"Food Safety Certification"

92467,,false,20150213,"Food Storage"

92467,,false,20150213,"Food Handler Training"

92467,,false,20150213,"Floors, Walls, and Ceilings"

92467,,false,20150213,"Nonfood Contact Surfaces Clean"

92467,,false,20150213,"Premises, Vermin-proofing, Personal/Cleaning Items"

144852,,true,20140604,Permit

144852,,false,20150918,"Approved Equipment and Utensils"

144852,,false,20150918,"Floors, Walls, and Ceilings"

144852,,false,20150918,"Nonfood Contact Surfaces Clean"

144852,,false,20150918,Thermometers

144852,,true,20150609,Permit

173542,,false,20150303,"Equipment and Utensil Storage, Use"

173542,,false,20150303,"Food Separated and Protected"

173542,,false,20150303,"Holding Temperatures"

173542,,false,20150303,"Nonfood Contact Surfaces Clean"

173542,,false,20150303,"Wiping Cloths"

173542,,true,20140818,"Holding Temps"

173542,,false,20140818,"Approved Equipment and Utensils"

173542,,false,20140818,"Hot and Cold Water"

173542,,false,20140818,"Premises, Vermin-proofing, Personal/Cleaning Items"

173542,,false,20140818,Vermin

173542,,false,20160126,"Approved Equipment and Utensils"

173542,,false,20160126,"Premises, Vermin-proofing, Personal/Cleaning Items"

173542,,false,20160126,"Toilet Facilities"

437562,,false,20151030,"Approved Equipment and Utensils"

437562,,false,20150123,"Hot and Cold Water"

437562,,false,20150123,"Personal Cleanliness"

437562,,false,20150123,"Warewashing Facilities Maintained"

437562,,false,20160422,"Food Contact Surfaces"

437562,,false,20160422,Vermin

164501,,true,20140113,"Holding Temps"

164501,,false,20150820,"Approved Equipment and Utensils"

164501,,false,20150820,"Floors, Walls, and Ceilings"

164501,,false,20150820,"Premises, Vermin-proofing, Personal/Cleaning Items"

164501,,false,20150330,"Floors, Walls, and Ceilings"

164501,,false,20150330,"Wiping Cloths"

164501,,false,20160121,"Floors, Walls, and Ceilings"

164501,,false,20160121,"Proper Handwashing Facilities"

308523,,false,20150602,"Approved Equipment and Utensils"

308523,,false,20150602,"Food Contact Surfaces"

308523,,false,20150602,"Food Separated and Protected"

308523,,false,20141002,"Food Separated and Protected"

308523,,false,20141002,"Food Contact Surfaces"

308523,,false,20141002,"Holding Temperatures"

308523,,false,20141002,"Nonfood Contact Surfaces Clean"

308523,,false,20141002,"Ventilation and Lighting"

308523,,true,20140418,Handwashing

308523,,false,20140418,"Food Contact Surfaces"

308523,,false,20140418,"Nonfood Contact Surfaces Clean"

308523,,false,20140418,"Proper Eating, Tasting, Drinking, or Tobacco Use"

308523,,false,20140418,"Ventilation and Lighting"

308523,,false,20160321,"Approved Equipment and Utensils"

308523,,false,20160321,"Floors, Walls, and Ceilings"

308523,,false,20160321,"Food Storage"

308523,,false,20160321,"Proper Handwashing Facilities"

284177,,false,20151209,"Approved Equipment and Utensils"

284177,,false,20151209,"Equipment and Utensil Storage, Use"

284177,,false,20151209,"Fruits and Vegetables Washed"

284177,,false,20151209,"Nonfood Contact Surfaces Clean"

284177,,false,20150730,"Approved Equipment and Utensils"

284177,,false,20150730,"Food Contact Surfaces"

284177,,false,20150730,"Garbage and Refuse"

284177,,false,20150205,"Approved Equipment and Utensils"

407256,,false,20150827,"Food Contact Surfaces"

407256,,false,20150827,"Toilet Facilities"

407256,,false,20150827,Vermin

407256,,false,20141230,"Food Contact Surfaces"

407256,,false,20141230,"Food Separated and Protected"

407256,,false,20141230,"Garbage and Refuse"

407256,,false,20141230,"Premises, Vermin-proofing, Personal/Cleaning Items"

407256,,false,20140528,"Equipment and Utensil Storage, Use"

407256,,false,20140528,"Floors, Walls, and Ceilings"

407256,,false,20140528,"Food Contact Surfaces"

407256,,false,20140528,"Nonfood Contact Surfaces Clean"

407256,,false,20140528,"Premises, Vermin-proofing, Personal/Cleaning Items"

407256,,false,20160412,"Holding Temperatures"

407256,,false,20160412,"Nonfood Contact Surfaces Clean"

407256,,false,20160412,"Wiping Cloths"

260107,,true,20150206,"Proper Cooling"

260107,,false,20150206,"Holding Temperatures"

260107,,false,20150206,"Proper Handwashing Facilities"

260107,,false,20150206,"Thawing Methods"

260107,,false,20140313,"Holding Temperatures"

260107,,false,20140313,"Proper Eating, Tasting, Drinking, or Tobacco Use"

260107,,false,20160210,"Food Labeling"

260107,,false,20160210,"Food Storage"

536831,,true,20131120,"Hot and Cold Water"

536831,,true,20131119,"Holding Temps"

536831,,true,20131119,"Food Contact Surfaces"

536831,,true,20131119,"Protection From Contamination"

536831,,true,20131119,"Proper Cooling"

536831,,false,20151016,"Equipment and Utensil Storage, Use"

536831,,false,20151016,"Holding Temperatures"

536831,,false,20151016,Vermin

536831,,true,20150828,"Holding Temps"

536831,,true,20150828,Permit

536831,,false,20150828,"Food Storage"

536831,,false,20150828,"Food Handler Training"

536831,,false,20150828,"Nonfood Contact Surfaces Clean"

536831,,false,20150828,"Premises, Vermin-proofing, Personal/Cleaning Items"

536831,,false,20150828,Plumbing

536831,,false,20141009,"Approved Equipment and Utensils"

536831,,false,20141009,"Floors, Walls, and Ceilings"

536831,,false,20141009,"Holding Temperatures"

536831,,false,20141009,"Protection From Contamination"

536831,,false,20141009,"Thawing Methods"

536831,,false,20141009,"Warewashing Facilities Maintained"

536831,,false,20160125,"Approved Equipment and Utensils"

536831,,false,20160125,"Equipment and Utensil Storage, Use"

536831,,false,20160125,"Food Contact Surfaces"

536831,,false,20160125,"Premises, Vermin-proofing, Personal/Cleaning Items"

536831,,false,20160125,Plumbing

536831,,false,20160125,"Proper Handwashing Facilities"

536831,,false,20160125,"Warewashing Facilities Maintained"

536831,,false,20160125,"Wiping Cloths"

342465,,false,20150929,"Food Handler Training"

342465,,false,20150929,"Holding Temperatures"

342465,,false,20150929,"Hot and Cold Water"

342465,,false,20150929,"Nonfood Contact Surfaces Clean"

342465,,false,20150929,"Proper Handwashing Facilities"

342465,,false,20150929,"Ventilation and Lighting"

342465,,false,20150107,"Approved Equipment and Utensils"

342465,,false,20150107,"Food Contact Surfaces"

342465,,false,20150107,"Hot and Cold Water"

342465,,false,20150107,"Holding Temperatures"

342465,,false,20150107,Plumbing

342465,,false,20150107,"Proper Handwashing Facilities"

138773,,true,20141022,Permit

182757,,false,20150415,"Approved Equipment and Utensils"

182757,,false,20150415,"Holding Temperatures"

182757,,false,20150415,"Proper Handwashing Facilities"

182757,,true,20141007,"Proper Reheating"

182757,,false,20141007,"Holding Temperatures"

182757,,false,20141007,"Nonfood Contact Surfaces Clean"

182757,,false,20140108,"Food Contact Surfaces"

182757,,false,20140108,"Holding Temperatures"

182757,,false,20140108,"Nonfood Contact Surfaces Clean"

182757,,false,20160224,"Approved Equipment and Utensils"

182757,,false,20160224,"Holding Temperatures"

182757,,false,20160224,"Hot and Cold Water"

182757,,false,20160224,"Proper Handwashing Facilities"

182757,,false,20160224,Thermometers

144824,,false,20150309,"Approved Equipment and Utensils"

144824,,false,20150309,"Proper Handwashing Facilities"

144824,,false,20150105,"Garbage and Refuse"

144824,,false,20140813,"Approved Equipment and Utensils"

144824,,false,20140813,"Fruits and Vegetables Washed"

144824,,false,20140813,Plumbing

144824,,false,20160106,"Equipment and Utensil Storage, Use"

144824,,false,20160106,"Food Contact Surfaces"

280878,,false,20150402,"Approved Equipment and Utensils"

280878,,false,20150402,"Equipment and Utensil Storage, Use"

280878,,false,20150402,"Holding Temperatures"

280878,,false,20150402,"Proper Handwashing Facilities"

280878,,false,20150402,"Wiping Cloths"

280878,,false,20150402,"Warewashing Facilities Maintained"

280878,,false,20140611,"Floors, Walls, and Ceilings"

280878,,false,20140611,"Premises, Vermin-proofing, Personal/Cleaning Items"

280878,,true,20140606,Permit

280878,,false,20140606,"Floors, Walls, and Ceilings"

280878,,false,20140606,"Food Handler Training"

280878,,false,20140606,"Holding Temperatures"

280878,,false,20140606,"Premises, Vermin-proofing, Personal/Cleaning Items"

280878,,false,20140606,Vermin

280878,,false,20160113,"Equipment and Utensil Storage, Use"

280878,,false,20160113,"Food Contact Surfaces"

280878,,false,20160113,"Holding Temperatures"

280878,,false,20160113,Plumbing

280878,,false,20160113,Vermin

232201,,false,20150528,"Approved Equipment and Utensils"

232201,,false,20150528,"Equipment and Utensil Storage, Use"

232201,,false,20150528,"Food Handler Training"

232201,,false,20150528,"Food Separated and Protected"

232201,,false,20150528,"Holding Temperatures"

232201,,false,20150528,"Toilet Facilities"

232201,,false,20150528,"Wiping Cloths"

232201,,false,20160210,"Equipment and Utensil Storage, Use"

232201,,false,20160210,"Food Contact Surfaces"

232201,,false,20160210,"Holding Temperatures"

232201,,false,20160210,"Nonfood Contact Surfaces Clean"

146695,,true,20140203,"Holding Temps"

146695,,false,20151208,"Equipment and Utensil Storage, Use"

146695,,false,20151208,"Floors, Walls, and Ceilings"

146695,,false,20151208,"Holding Temperatures"

146695,,false,20150714,"Equipment and Utensil Storage, Use"

146695,,false,20150714,"Food Handler Training"

146695,,false,20150714,"Nonfood Contact Surfaces Clean"

146695,,false,20150714,"Premises, Vermin-proofing, Personal/Cleaning Items"

146695,,false,20150714,"Protection From Contamination"

146695,,false,20150714,"Toilet Facilities"

146695,,false,20150714,Thermometers

412298,,false,20151007,"Warewashing Facilities Maintained"

412298,,false,20140618,"Approved Equipment and Utensils"

412298,,false,20140618,"Hot and Cold Water"

282708,,false,20150708,"Equipment and Utensil Storage, Use"

282708,,false,20150708,"Food Storage"

282708,,false,20150708,"Holding Temperatures"

282708,,false,20150610,Plumbing

282708,,false,20150610,"Proper Handwashing Facilities"

282708,,false,20160108,"Food Storage"

498172,,false,20150721,"Nonfood Contact Surfaces Clean"

498172,,false,20141002,"Approved Equipment and Utensils"

498172,,false,20141002,"Wiping Cloths"

498172,,false,20140325,"Approved Equipment and Utensils"

498172,,false,20140325,"Floors, Walls, and Ceilings"

498172,,false,20160216,"Warewashing Facilities Maintained"

142631,,true,20151211,"Holding Temps"

142631,,false,20150128,"Holding Temperatures"

142631,,false,20150128,"Warewashing Facilities Maintained"

368951,,false,20151014,"Floors, Walls, and Ceilings"

368951,,false,20141009,"Grade Card, Last Inspection Report, Permit Available"

308085,,false,20150330,"Hot and Cold Water"

308085,,false,20150330,"Warewashing Facilities Maintained"

308085,,false,20140604,"Hot and Cold Water"

453812,,false,20151104,"Fruits and Vegetables Washed"

453812,,false,20151104,Vermin

453812,,false,20150505,"Fruits and Vegetables Washed"

453812,,false,20150505,Vermin

453812,,false,20150505,"Warewashing Facilities Maintained"

453812,,false,20141107,Vermin

453812,,false,20160427,"Approved Equipment and Utensils"

453812,,false,20160427,"Fruits and Vegetables Washed"

265917,,false,20151014,"Approved Equipment and Utensils"

265917,,false,20151014,Vermin

265917,,false,20150318,"Approved Equipment and Utensils"

265917,,false,20150318,"Ventilation and Lighting"

265917,,false,20160315,"Floors, Walls, and Ceilings"

508173,,false,20151203,"Grade Card, Last Inspection Report, Permit Available"

508173,,false,20151203,"Proper Handwashing Facilities"

508173,,false,20141209,Plumbing

508173,,false,20131211,Plumbing

508173,,false,20131211,"Proper Handwashing Facilities"

431568,,true,20150202,"Hot and Cold Water"

75746,,false,20150624,"Proper Handwashing Facilities"

75746,,false,20150624,Plumbing

75746,,false,20150624,"Toilet Facilities"

75746,,false,20140227,"Food Storage"

75746,,false,20140227,"Hot and Cold Water"

75746,,false,20140227,"Proper Handwashing Facilities"

75746,,false,20130109,"Food Storage"

75746,,false,20130109,"Proper Handwashing Facilities"

452301,,false,20151207,"Garbage and Refuse"

452301,,false,20151207,"Hot and Cold Water"

452301,,false,20141126,"Hot and Cold Water"

452301,,false,20141126,"Proper Handwashing Facilities"

452301,,false,20131230,"Proper Handwashing Facilities"

489184,,true,20140509,"Hot and Cold Water"

489184,,false,20151029,"Approved Equipment and Utensils"

489184,,false,20151029,"Warewashing Facilities Maintained"

489184,,false,20150416,"Approved Equipment and Utensils"

489184,,false,20150416,"Holding Temperatures"

489184,,false,20150416,"Toilet Facilities"

489184,,false,20150416,"Warewashing Facilities Maintained"

489184,,false,20141021,"Proper Handwashing Facilities"

489184,,false,20141021,"Warewashing Facilities Maintained"

489184,,false,20160420,"Proper Handwashing Facilities"

489184,,false,20160420,"Warewashing Facilities Maintained"

353419,,false,20151229,"Proper Handwashing Facilities"

353419,,false,20151229,"Time as Public Health Control"

353419,,false,20141219,"Holding Temperatures"

353419,,false,20141219,"Personal Cleanliness"

353419,,false,20141219,"Premises, Vermin-proofing, Personal/Cleaning Items"

353419,,false,20141219,Thermometers

353419,,false,20141219,Vermin

403564,,false,20151209,"Proper Handwashing Facilities"

403564,,false,20141210,"Proper Handwashing Facilities"

403564,,false,20141210,"Toilet Facilities"

403564,,false,20131216,"Floors, Walls, and Ceilings"

403564,,false,20131216,"Proper Handwashing Facilities"

403564,,false,20131216,"Toilet Facilities"

244938,,true,20130206,Permit

245887,,true,20140310,"Hot and Cold Water"

245887,,true,20151119,"Holding Temps"

973427,,false,20151021,"Proper Handwashing Facilities"

973427,,false,20130429,"Nonfood Contact Surfaces Clean"

529671,,false,20150326,"Food Storage"

157658,,false,20151218,"Premises, Vermin-proofing, Personal/Cleaning Items"

157658,,false,20151218,"Toilet Facilities"

380603,,false,20150211,"Approved Equipment and Utensils"

380603,,false,20140522,"Food Safety Certification"

380603,,false,20140522,"Nonfood Contact Surfaces Clean"

380603,,false,20130322,"Food Handler Training"

380603,,false,20130322,"Grade Card, Last Inspection Report, Permit Available"

380603,,false,20160210,"Equipment and Utensil Storage, Use"

380603,,false,20160210,"Hot and Cold Water"

380603,,false,20160210,"Proper Handwashing Facilities"

380603,,false,20160210,Plumbing

307553,,false,20150306,"Equipment and Utensil Storage, Use"

307553,,false,20150306,"Holding Temperatures"

307553,,false,20150306,"Proper Handwashing Facilities"

307553,,false,20140716,"Food Handler Training"

307553,,false,20140716,"Floors, Walls, and Ceilings"

307553,,false,20140716,"Holding Temperatures"

307553,,false,20140716,"Protection From Contamination"

307553,,false,20140716,Plumbing

307553,,false,20140716,Thermometers

307553,,false,20140716,"Wiping Cloths"

307553,,false,20160203,"Floors, Walls, and Ceilings"

307553,,false,20160203,"Holding Temperatures"

307553,,false,20160203,"Wiping Cloths"

375016,,true,20141008,Permit

530081,,true,20141107,Permit

356067,,true,20141203,"Holding Temps"

356067,,false,20150730,"Floors, Walls, and Ceilings"

356067,,false,20150730,"Food Handler Training"

356067,,false,20150730,Vermin

356067,,false,20150724,"Food Contact Surfaces"

356067,,false,20150724,"Floors, Walls, and Ceilings"

356067,,false,20150724,"Food Separated and Protected"

356067,,false,20150724,"Food Handler Training"

356067,,false,20150724,"Nonfood Contact Surfaces Clean"

356067,,false,20150724,Vermin

356067,,false,20150724,"Wiping Cloths"

356067,,false,20160201,"Equipment and Utensil Storage, Use"

356067,,false,20160201,"Floors, Walls, and Ceilings"

144867,,true,20140128,"Holding Temps"

144867,,true,20140128,Handwashing

144867,,true,20140530,"Hot and Cold Water"

144867,,false,20150804,"Food Storage"

144867,,false,20160309,"Food Storage"

144867,,false,20160309,"Floors, Walls, and Ceilings"

144867,,false,20160309,"Holding Temperatures"

144867,,false,20160309,"Nonfood Contact Surfaces Clean"

144867,,false,20160309,"Proper Handwashing Facilities"

253676,,true,20140728,"Holding Temps"

253676,,true,20150507,Permit

253676,,false,20150507,"Food Handler Training"

253676,,false,20150507,"Food Safety Certification"

253676,,false,20150219,"Equipment and Utensil Storage, Use"

253676,,false,20150219,"Food Handler Training"

253676,,false,20150219,"Food Contact Surfaces"

253676,,false,20150219,"Ventilation and Lighting"

253676,,false,20160107,"Approved Equipment and Utensils"

253676,,false,20160107,"Food Handler Training"

253676,,false,20160107,"Grade Card, Last Inspection Report, Permit Available"

253676,,false,20160107,"Holding Temperatures"

253676,,false,20160107,"Nonfood Contact Surfaces Clean"

253676,,true,20160517,Permit

253676,,false,20160517,"Premises, Vermin-proofing, Personal/Cleaning Items"

253676,,false,20160517,"Proper Handwashing Facilities"

412892,,false,20151215,"Food Safety Certification"

412892,,false,20151215,Thermometers

412892,,false,20131210,"Floors, Walls, and Ceilings"

381856,,false,20151120,"Hot and Cold Water"

381856,,false,20151120,"Proper Handwashing Facilities"

381856,,false,20141022,"Approved Equipment and Utensils"

381856,,false,20141022,"Floors, Walls, and Ceilings"

381856,,false,20141022,"Hot and Cold Water"

381856,,false,20141022,"Proper Handwashing Facilities"

381856,,false,20141022,"Toilet Facilities"

381856,,false,20130509,"Food Storage"

381856,,false,20130509,"Hot and Cold Water"

381856,,false,20130509,"Toilet Facilities"

347469,,true,20130606,Permit

347469,,true,20130520,Permit

512505,,false,20151229,"Approved Equipment and Utensils"

512505,,false,20151229,"Food Safety Certification"

512505,,false,20151229,"Food Handler Training"

512505,,false,20151229,"Holding Temperatures"

512505,,false,20151229,Plumbing

512505,,false,20151229,"Proper Handwashing Facilities"

512505,,false,20150609,"Food Contact Surfaces"

512505,,false,20150609,"Premises, Vermin-proofing, Personal/Cleaning Items"

512505,,false,20150609,"Storage of Toxic Substances"

520684,,true,20140211,"Proper Reheating"

520684,,false,20151020,"Equipment and Utensil Storage, Use"

520684,,false,20151020,"Holding Temperatures"

520684,,false,20151020,"Warewashing Facilities Maintained"

520684,,false,20141202,"Food Contact Surfaces"

520684,,false,20141202,"Proper Handwashing Facilities"

520684,,false,20141202,Thermometers

520684,,false,20140226,"Holding Temperatures"

418464,,false,20150723,"Hot and Cold Water"

418464,,false,20150723,"Holding Temperatures"

418464,,false,20141124,"Premises, Vermin-proofing, Personal/Cleaning Items"

418464,,false,20141124,"Wiping Cloths"

418464,,true,20160222,"Holding Temps"

418464,,false,20160222,"Food Separated and Protected"

418464,,false,20160222,"Storage of Toxic Substances"

418464,,false,20160222,"Warewashing Facilities Maintained"

241728,,true,20150925,"Holding Temps"

241728,,false,20150925,"Food Contact Surfaces"

241728,,false,20150203,"Approved Equipment and Utensils"

485445,,false,20150610,"Equipment and Utensil Storage, Use"

485445,,false,20150610,"Food Contact Surfaces"

485445,,false,20150610,"Protection From Contamination"

485445,,false,20150610,"Ventilation and Lighting"

485445,,false,20140925,"Food Handler Training"

363808,,true,20130930,Permit

291221,,true,20121210,"Food Contact Surfaces"

291221,,true,20121210,"Holding Temps"

291221,,false,20140910,"Equipment and Utensil Storage, Use"

414683,,false,20150630,"Nonfood Contact Surfaces Clean"

414683,,false,20140708,"Floors, Walls, and Ceilings"

414683,,false,20140708,"Holding Temperatures"

414683,,false,20140708,"Hot and Cold Water"

516930,,false,20150311,"Floors, Walls, and Ceilings"

516930,,false,20150311,"Hot and Cold Water"

516930,,false,20150311,"Nonfood Contact Surfaces Clean"

516930,,false,20150311,Vermin

516930,,false,20140718,"Food Handler Training"

516930,,false,20140718,"Hot and Cold Water"

516930,,false,20140718,"Nonfood Contact Surfaces Clean"

516930,,false,20140718,"Toilet Facilities"

516930,,false,20131122,"Floors, Walls, and Ceilings"

516930,,false,20131122,"Hot and Cold Water"

516930,,false,20131122,"Nonfood Contact Surfaces Clean"

516930,,false,20160308,"Equipment and Utensil Storage, Use"

516930,,false,20160308,"Floors, Walls, and Ceilings"

416299,,false,20150715,"Equipment and Utensil Storage, Use"

416299,,false,20150715,"Holding Temperatures"

416299,,false,20150715,"Wiping Cloths"

416299,,false,20140902,"Approved Equipment and Utensils"

416299,,false,20140902,"Proper Handwashing Facilities"

416299,,false,20140310,"Approved Equipment and Utensils"

416299,,false,20140310,"Equipment and Utensil Storage, Use"

416299,,false,20140310,"Proper Handwashing Facilities"

416299,,false,20160504,"Floors, Walls, and Ceilings"

416299,,false,20160504,"Nonfood Contact Surfaces Clean"

416299,,false,20160504,"Proper Handwashing Facilities"

416299,,false,20160504,"Wiping Cloths"

115402,,false,20150522,"Approved Equipment and Utensils"

115402,,false,20150522,"Proper Handwashing Facilities"

115402,,false,20140813,"Approved Equipment and Utensils"

115402,,false,20140813,"Equipment and Utensil Storage, Use"

115402,,false,20140813,"Grade Card, Last Inspection Report, Permit Available"

115402,,false,20140813,"Holding Temperatures"

115402,,false,20160209,"Approved Equipment and Utensils"

115402,,false,20160209,"Food Separated and Protected"

91226,,false,20150727,"Floors, Walls, and Ceilings"

91226,,false,20150727,"Storage of Toxic Substances"

91226,,false,20150727,Vermin

91226,,false,20141105,"Approved Equipment and Utensils"

91226,,false,20141105,"Holding Temperatures"

91226,,false,20140519,"Holding Temperatures"

91226,,false,20140519,"Personal Cleanliness"

91226,,false,20160212,"Hot and Cold Water"

91226,,false,20160212,"Holding Temperatures"

315939,,false,20140314,"Nonfood Contact Surfaces Clean"

315939,,false,20140314,Thermometers

521674,,false,20151123,"Protection From Contamination"

521674,,false,20151123,"Toilet Facilities"

521674,,false,20141110,"Hot and Cold Water"

521674,,false,20141110,"Sewage Disposal"

521674,,false,20131104,"Protection From Contamination"

495606,,false,20150804,"Food Safety Certification"

495606,,false,20150804,"Food Contact Surfaces"

495606,,false,20150804,"Hot and Cold Water"

495606,,true,20111026,Permit

62008,,false,20150304,"Food Safety Certification"

62008,,false,20150304,"Food Handler Training"

62008,,false,20150304,"Food Contact Surfaces"

62008,,false,20160211,Vermin

62008,,false,20160204,"Floors, Walls, and Ceilings"

62008,,false,20160204,"Hot and Cold Water"

62008,,false,20160204,Vermin

62008,,false,20160204,"Warewashing Facilities Maintained"

146644,,false,20150806,"Approved Equipment and Utensils"

146644,,false,20150806,"Holding Temperatures"

146644,,false,20150806,"Premises, Vermin-proofing, Personal/Cleaning Items"

146644,,false,20141001,"Hot and Cold Water"

146644,,false,20160422,"Hot and Cold Water"

93887,,false,20151022,"Equipment and Utensil Storage, Use"

93887,,false,20151022,Plumbing

93887,,false,20150406,"Consumer Self-Service"

93887,,false,20141006,Vermin

93887,,false,20160422,"Holding Temperatures"

411336,,false,20151103,"Floors, Walls, and Ceilings"

411336,,false,20151103,"Nonfood Contact Surfaces Clean"

411336,,false,20150319,"Holding Temperatures"

411336,,false,20141121,"Premises, Vermin-proofing, Personal/Cleaning Items"

455300,,false,20141028,"Warewashing Facilities Maintained"

455300,,false,20160429,"Floors, Walls, and Ceilings"

452575,,true,20120613,"Hot and Cold Water"

452575,,false,20151221,"Approved Equipment and Utensils"

452575,,false,20160224,"Approved Equipment and Utensils"

88963,,false,20150722,Vermin

88963,,false,20160329,"Food Safety Certification"

364858,,false,20141229,"Holding Temperatures"

364858,,false,20141229,"Hot and Cold Water"

364858,,false,20141229,"Protection From Contamination"

364858,,false,20141229,"Proper Handwashing Facilities"

364858,,true,20160128,"Approved Source"

364858,,true,20160128,"Holding Temps"

364858,,false,20160128,"Proper Handwashing Facilities"

312010,,false,20151210,"Toilet Facilities"

312010,,false,20141203,"Holding Temperatures"

312010,,false,20141203,"Proper Handwashing Facilities"

312010,,false,20131210,"Food Storage"

312010,,false,20131210,"Premises, Vermin-proofing, Personal/Cleaning Items"

312010,,false,20131210,"Storage of Toxic Substances"

327022,,true,20120711,Permit

76732,,true,20131204,Permit

518735,,true,20140528,"Hot and Cold Water"

518735,,true,20140528,"Holding Temps"

518735,,false,20150528,"Equipment and Utensil Storage, Use"

518735,,false,20150528,"Food Contact Surfaces"

518735,,false,20160425,"Approved Equipment and Utensils"

107451,,false,20141119,"Proper Handwashing Facilities"

107451,,false,20160419,"Food Storage"

528273,,false,20151113,"Holding Temperatures"

528273,,false,20150423,"Holding Temperatures"

78852,,false,20141105,"Hot and Cold Water"

78852,,false,20160412,"Floors, Walls, and Ceilings"

373611,,false,20141209,"Proper Handwashing Facilities"

73742,,false,20150318,"Hot and Cold Water"

73742,,false,20140523,"Food Safety Certification"

73742,,false,20140523,"Floors, Walls, and Ceilings"

73742,,false,20140523,"Food Contact Surfaces"

73742,,false,20140523,"Hot and Cold Water"

73742,,false,20130424,"Floors, Walls, and Ceilings"

73742,,false,20130424,"Nonfood Contact Surfaces Clean"

228651,,false,20150708,"Floors, Walls, and Ceilings"

228651,,false,20140806,"Food Labeling"

228651,,false,20140806,"Floors, Walls, and Ceilings"

228651,,false,20140806,Vermin

228651,,false,20130723,"Food Safety Certification"

228651,,false,20130723,"Floors, Walls, and Ceilings"

228651,,false,20130723,"Warewashing Facilities Maintained"

255331,,true,20151014,"Holding Temps"

534590,,false,20160419,Vermin

255200,,false,20151105,"Holding Temperatures"

255200,,false,20150423,"Holding Temperatures"

255200,,false,20160427,"Holding Temperatures"

271771,,true,20120913,"Holding Temps"

207741,,false,20150723,"Food Handler Training"

207741,,false,20150723,"Food Contact Surfaces"

207741,,false,20150127,"Holding Temperatures"

207741,,false,20150127,"Premises, Vermin-proofing, Personal/Cleaning Items"

207741,,false,20150127,"Proper Handwashing Facilities"

207741,,false,20160219,"Food Safety Certification"

409839,,true,20150610,"Time as a PHC"

409839,,false,20150610,"Equipment and Utensil Storage, Use"

409839,,false,20150610,"Floors, Walls, and Ceilings"

409839,,false,20150610,"Premises, Vermin-proofing, Personal/Cleaning Items"

409839,,false,20150610,Vermin

409839,,false,20140828,"Equipment and Utensil Storage, Use"

409839,,false,20140828,"Floors, Walls, and Ceilings"

409839,,false,20160513,"Food Handler Training"

409839,,false,20160513,"Time as Public Health Control"

162392,,false,20150713,"Food Contact Surfaces"

162392,,false,20150713,"Holding Temperatures"

162392,,false,20150713,"Proper Eating, Tasting, Drinking, or Tobacco Use"

162392,,false,20150713,"Protection From Contamination"

162392,,false,20150713,"Proper Handwashing Facilities"

162392,,false,20150122,"Food Separated and Protected"

162392,,false,20150122,"Food Contact Surfaces"

162392,,false,20150122,"Holding Temperatures"

162392,,false,20150122,"Nonfood Contact Surfaces Clean"

162392,,false,20150122,Plumbing

162392,,false,20160411,"Food Storage"

162392,,false,20160411,"Ventilation and Lighting"

162392,,false,20160411,"Wiping Cloths"

166635,,true,20140117,Handwashing

166635,,false,20150701,"Food Contact Surfaces"

166635,,false,20150701,"Nonfood Contact Surfaces Clean"

166635,,true,20141118,Handwashing

166635,,false,20141118,"Food Handler Training"

166635,,false,20141118,"Food Contact Surfaces"

166635,,false,20160328,"Proper Handwashing Facilities"

166635,,false,20160328,"Ventilation and Lighting"

334398,,true,20130301,"Hot and Cold Water"

334398,,false,20151202,"Food Contact Surfaces"

334398,,false,20150414,"Food Contact Surfaces"

334398,,false,20150414,"Nonfood Contact Surfaces Clean"

334398,,false,20140926,"Floors, Walls, and Ceilings"

334398,,false,20140926,"Proper Handwashing Facilities"

330702,,false,20150729,"Holding Temperatures"

330702,,false,20150729,"Storage of Toxic Substances"

330702,,false,20150121,"Approved Equipment and Utensils"

330702,,false,20150121,"Equipment and Utensil Storage, Use"

330702,,false,20150121,"Floors, Walls, and Ceilings"

330702,,false,20150121,"Food Contact Surfaces"

330702,,false,20150121,"Garbage and Refuse"

330702,,false,20150121,"Nonfood Contact Surfaces Clean"

330702,,false,20150121,Vermin

330702,,false,20140402,"Food Separated and Protected"

330702,,false,20140402,"Hot and Cold Water"

330702,,false,20140402,"Premises, Vermin-proofing, Personal/Cleaning Items"

330702,,false,20140402,Thermometers

330702,,false,20160113,"Nonfood Contact Surfaces Clean"

379532,,false,20151204,"Food Contact Surfaces"

379532,,false,20150618,"Approved Equipment and Utensils"

379532,,false,20150618,"Holding Temperatures"

379532,,false,20141113,"Nonfood Contact Surfaces Clean"

330056,,true,20130618,"Proper Cooling"

330056,,true,20141106,"Holding Temps"

330056,,false,20151130,"Approved Equipment and Utensils"

330056,,false,20151130,"Equipment and Utensil Storage, Use"

330056,,false,20151130,"Food Separated and Protected"

330056,,false,20151130,"Floors, Walls, and Ceilings"

330056,,false,20151130,"Nonfood Contact Surfaces Clean"

330056,,false,20151130,"Ventilation and Lighting"

330056,,false,20151130,Vermin

330056,,false,20150928,"Floors, Walls, and Ceilings"

330056,,false,20150928,"Nonfood Contact Surfaces Clean"

330056,,false,20150928,Vermin

330056,,false,20150813,"Approved Equipment and Utensils"

330056,,false,20150813,"Food Separated and Protected"

330056,,false,20150813,"Floors, Walls, and Ceilings"

330056,,false,20150813,"Food Contact Surfaces"

330056,,false,20150813,"Food Storage"

330056,,false,20150813,"Garbage and Refuse"

330056,,false,20150813,"Nonfood Contact Surfaces Clean"

330056,,false,20150813,Vermin

330056,,false,20151230,Vermin

246609,,false,20150209,"Food Contact Surfaces"

246609,,false,20150209,"Floors, Walls, and Ceilings"

246609,,false,20150209,"Nonfood Contact Surfaces Clean"

246609,,false,20140314,"Food Storage"

246609,,false,20140314,"Holding Temperatures"

246609,,false,20140314,"Warewashing Facilities Maintained"

246609,,false,20130710,"Floors, Walls, and Ceilings"

246609,,false,20130710,"Nonfood Contact Surfaces Clean"

246609,,false,20160129,"Floors, Walls, and Ceilings"

246609,,false,20160129,"Nonfood Contact Surfaces Clean"

246609,,false,20160129,"Premises, Vermin-proofing, Personal/Cleaning Items"

246609,,false,20160129,"Wiping Cloths"

405339,,true,20140903,"Hot and Cold Water"

405339,,false,20151117,"Food Separated and Protected"

405339,,false,20151117,"Holding Temperatures"

405339,,false,20151117,"Nonfood Contact Surfaces Clean"

405339,,false,20151117,"Protection From Contamination"

405339,,false,20151117,Vermin

405339,,false,20151117,"Wiping Cloths"

405339,,false,20150414,"Approved Equipment and Utensils"

405339,,false,20150414,"Holding Temperatures"

405339,,false,20150414,"Nonfood Contact Surfaces Clean"

469366,,false,20150317,"Holding Temperatures"

469366,,false,20150317,"Warewashing Facilities Maintained"

469366,,false,20140806,"Approved Equipment and Utensils"

469366,,false,20140806,"Floors, Walls, and Ceilings"

469366,,false,20140806,"Holding Temperatures"

469366,,false,20140225,"Approved Equipment and Utensils"

469366,,false,20140225,"Holding Temperatures"

469366,,false,20140225,"Wiping Cloths"

469366,,false,20140225,"Warewashing Facilities Maintained"

469366,,false,20151218,"Food Contact Surfaces"

469366,,false,20151218,"Proper Eating, Tasting, Drinking, or Tobacco Use"

469366,,false,20151218,"Wiping Cloths"

469366,,false,20160310,"Floors, Walls, and Ceilings"

469366,,false,20160310,"Nonfood Contact Surfaces Clean"

469366,,false,20160310,"Proper Handwashing Facilities"

469366,,false,20160310,"Premises, Vermin-proofing, Personal/Cleaning Items"

469366,,false,20160310,"Toilet Facilities"

378986,,false,20151102,"Approved Equipment and Utensils"

378986,,false,20151102,"Floors, Walls, and Ceilings"

378986,,false,20151102,"Holding Temperatures"

378986,,false,20150402,"Approved Procedures"

378986,,true,20150218,"Protection From Contamination"

347751,,true,20130228,"Holding Temps"

347751,,true,20130221,"Holding Temps"

347751,,false,20150827,"Food Contact Surfaces"

347751,,false,20150827,"Floors, Walls, and Ceilings"

347751,,false,20150827,"Holding Temperatures"

347751,,false,20150827,"Nonfood Contact Surfaces Clean"

347751,,false,20150827,"Premises, Vermin-proofing, Personal/Cleaning Items"

347751,,false,20150827,"Ventilation and Lighting"

347751,,false,20141125,"Approved Equipment and Utensils"

347751,,false,20141125,"Equipment and Utensil Storage, Use"

347751,,false,20141125,"Food Contact Surfaces"

347751,,false,20141125,"Floors, Walls, and Ceilings"

347751,,false,20141125,"Holding Temperatures"

347751,,false,20141125,"Ventilation and Lighting"

347751,,true,20160405,"Holding Temps"

347751,,false,20160405,"Approved Equipment and Utensils"

347751,,false,20160405,"Food Safety Certification"

347751,,false,20160405,Thermometers

347751,,false,20160405,"Ventilation and Lighting"

86748,,false,20151130,"Floors, Walls, and Ceilings"

86748,,false,20151130,"Food Storage"

86748,,false,20140723,"Food Storage"

86748,,false,20130618,"Food Storage"

352100,,true,20120802,"Hot and Cold Water"

352100,,false,20151222,"Grade Card, Last Inspection Report, Permit Available"

352100,,false,20151222,"Hot and Cold Water"

352100,,false,20151222,"Toilet Facilities"

352100,,false,20141223,"Proper Handwashing Facilities"

182768,,false,20151202,"Hot and Cold Water"

182768,,false,20151202,"Proper Handwashing Facilities"

182768,,false,20141124,"Grade Card, Last Inspection Report, Permit Available"

182768,,false,20141124,Thermometers

363004,,true,20150424,"Food Contact Surfaces"

363004,,false,20150424,"Holding Temperatures"

363004,,false,20140616,"Equipment, Utensils, Linens Storage and Use"

498462,,false,20151202,"Proper Handwashing Facilities"

516577,,false,20150908,"Hot and Cold Water"

284622,,false,20150908,"Floors, Walls, and Ceilings"

284622,,false,20150429,"Food Contact Surfaces"

284622,,false,20141031,"Holding Temperatures"

284622,,false,20160505,"Holding Temperatures"

257312,,false,20151104,"Holding Temperatures"

257312,,false,20141106,"Holding Temperatures"

479839,,false,20151123,"Equipment and Utensil Storage, Use"

479839,,false,20151123,"Hot and Cold Water"

438614,,true,20141120,"Food Contact Surfaces"

438614,,false,20141120,"Holding Temperatures"

373242,,false,20151029,"Approved Equipment and Utensils"

373242,,false,20151029,"Holding Temperatures"

373242,,false,20151029,Thermometers

373242,,false,20151029,Vermin

373242,,false,20150212,"Food Safety Certification"

322369,,true,20140430,"Holding Temps"

322369,,true,20140430,"Protection From Contamination"

322369,,false,20151009,"Hot and Cold Water"

322369,,true,20150917,"Hot and Cold Water"

322369,,false,20150917,"Floors, Walls, and Ceilings"

322369,,false,20160125,"Floors, Walls, and Ceilings"

322369,,false,20160420,"Floors, Walls, and Ceilings"

322369,,false,20160420,"Nonfood Contact Surfaces Clean"

322369,,false,20160420,"Warewashing Facilities Maintained"

492953,,false,20151202,"Premises, Vermin-proofing, Personal/Cleaning Items"

492953,,false,20151202,"Storage of Toxic Substances"

492953,,false,20141219,"Storage of Toxic Substances"

492953,,false,20141219,"Ventilation and Lighting"

492953,,false,20131231,"Holding Temperatures"

492953,,false,20131231,"Proper Handwashing Facilities"

492953,,false,20131231,Thermometers

346584,,false,20151202,"Premises, Vermin-proofing, Personal/Cleaning Items"

346584,,false,20151202,Plumbing

346584,,false,20141202,"Proper Handwashing Facilities"

346584,,false,20131230,"Proper Handwashing Facilities"

346584,,false,20131230,"Sewage Disposal"

518817,,true,20141006,Permit

518817,,false,20150922,"Hot and Cold Water"

518817,,true,20160309,Permit

518817,,false,20160309,"Hot and Cold Water"

138818,,true,20140123,Handwashing

138818,,true,20150120,"Holding Temps"

138818,,false,20150729,"Food Separated and Protected"

138818,,false,20150729,"Floors, Walls, and Ceilings"

138818,,false,20150729,"Premises, Vermin-proofing, Personal/Cleaning Items"

138818,,false,20150729,"Person in Charge"

138818,,false,20150729,Vermin

138818,,false,20150729,"Wiping Cloths"

138818,,false,20160225,"Floors, Walls, and Ceilings"

138818,,false,20160225,"Food Handler Training"

138818,,false,20160225,"Holding Temperatures"

138818,,false,20160225,"Premises, Vermin-proofing, Personal/Cleaning Items"

138818,,false,20160225,"Warewashing Facilities Maintained"

226235,,true,20140520,"Proper Reheating"

226235,,true,20140520,"Shellfish Tags"

226235,,false,20150211,"Approved Equipment and Utensils"

226235,,false,20150211,"Food Storage"

226235,,false,20150211,"Floors, Walls, and Ceilings"

226235,,false,20150211,"Holding Temperatures"

226235,,false,20150211,Plumbing

226235,,false,20150211,"Proper Handwashing Facilities"

226235,,false,20150211,Vermin

226235,,false,20160210,"Approved Equipment and Utensils"

226235,,false,20160210,"Floors, Walls, and Ceilings"

226235,,false,20160210,"Nonfood Contact Surfaces Clean"

226235,,false,20160210,"Storage of Toxic Substances"
